id,issue_type,evidence,disposition,confidence,split,original_label,proposed_label,related_ids,rationale
59,exact_duplicate,related_ids=68; normalized_key=check these out url url url url nsfw,keep_but_flag,0.95,heldout,0,,68,duplicate evidence
59,near_duplicate,related_id=68; cosine=1.0000,keep_but_flag,1,,0,,68,character 3-5 gram TF-IDF cosine
59,normalized_duplicate,related_ids=68; normalized_key=check these out url url url url nsfw,keep_but_flag,0.95,heldout,0,,68,duplicate evidence
68,exact_duplicate,related_ids=59; normalized_key=check these out url url url url nsfw,keep_but_flag,0.95,train,0,,59,duplicate evidence
68,normalized_duplicate,related_ids=59; normalized_key=check these out url url url url nsfw,keep_but_flag,0.95,train,0,,59,duplicate evidence
151,normalized_duplicate,"related_ids=156,164,165,168,171,172; normalized_key=320 ir icemoon aftershock url user dubstep trapmusic dnb edm dance ices û_ url",keep_but_flag,0.95,train,0,,"156,164,165,168,171,172",duplicate evidence
156,exact_duplicate,related_ids=165; normalized_key=320 ir icemoon aftershock url user dubstep trapmusic dnb edm dance ices û_ url,keep_but_flag,0.95,train,0,,165,duplicate evidence
156,near_duplicate,related_id=165; cosine=1.0000,keep_but_flag,1,,0,,165,character 3-5 gram TF-IDF cosine
156,normalized_duplicate,"related_ids=151,164,165,168,171,172; normalized_key=320 ir icemoon aftershock url user dubstep trapmusic dnb edm dance ices û_ url",keep_but_flag,0.95,train,0,,"151,164,165,168,171,172",duplicate evidence
163,normalized_duplicate,related_ids=190; normalized_key=aftershock url,keep_but_flag,0.95,train,0,,190,duplicate evidence
164,normalized_duplicate,"related_ids=151,156,165,168,171,172; normalized_key=320 ir icemoon aftershock url user dubstep trapmusic dnb edm dance ices û_ url",keep_but_flag,0.95,dev,0,,"151,156,165,168,171,172",duplicate evidence
165,exact_duplicate,related_ids=156; normalized_key=320 ir icemoon aftershock url user dubstep trapmusic dnb edm dance ices û_ url,keep_but_flag,0.95,heldout,0,,156,duplicate evidence
165,normalized_duplicate,"related_ids=151,156,164,168,171,172; normalized_key=320 ir icemoon aftershock url user dubstep trapmusic dnb edm dance ices û_ url",keep_but_flag,0.95,heldout,0,,"151,156,164,168,171,172",duplicate evidence
168,normalized_duplicate,"related_ids=151,156,164,165,171,172; normalized_key=320 ir icemoon aftershock url user dubstep trapmusic dnb edm dance ices û_ url",keep_but_flag,0.95,train,0,,"151,156,164,165,171,172",duplicate evidence
171,exact_duplicate,related_ids=172; normalized_key=320 ir icemoon aftershock url user dubstep trapmusic dnb edm dance ices û_ url,keep_but_flag,0.95,train,0,,172,duplicate evidence
171,near_duplicate,related_id=172; cosine=1.0000,keep_but_flag,1,,0,,172,character 3-5 gram TF-IDF cosine
171,normalized_duplicate,"related_ids=151,156,164,165,168,172; normalized_key=320 ir icemoon aftershock url user dubstep trapmusic dnb edm dance ices û_ url",keep_but_flag,0.95,train,0,,"151,156,164,165,168,172",duplicate evidence
172,exact_duplicate,related_ids=171; normalized_key=320 ir icemoon aftershock url user dubstep trapmusic dnb edm dance ices û_ url,keep_but_flag,0.95,heldout,0,,171,duplicate evidence
172,normalized_duplicate,"related_ids=151,156,164,165,168,171; normalized_key=320 ir icemoon aftershock url user dubstep trapmusic dnb edm dance ices û_ url",keep_but_flag,0.95,heldout,0,,"151,156,164,165,168,171",duplicate evidence
190,normalized_duplicate,related_ids=163; normalized_key=aftershock url,keep_but_flag,0.95,heldout,0,,163,duplicate evidence
198,high_confidence_fp,model_score=0.8524; text=@crobscarla your lifetime odds of dying from an airplane accident are 1 in 8015.,reject_false_positive,0.852359011903,heldout,0,,,manual semantic review rejected model finding: lifetime-risk discussion is not a reported disaster event
199,normalized_duplicate,related_ids=229; normalized_key=experts in france begin examining airplane debris found on reunion island french air accident expert,keep_but_flag,0.95,dev,1,,229,duplicate evidence
205,normalized_duplicate,related_ids=220; normalized_key=horrible accident man died in wings of airplane 29 07 2015 url,keep_but_flag,0.95,train,1,,220,duplicate evidence
211,exact_duplicate,related_ids=238; normalized_key=experts in france begin examining airplane debris found on reunion island french air accident expert,keep_but_flag,0.95,train,1,,238,duplicate evidence
211,near_duplicate,related_id=238; cosine=1.0000,keep_but_flag,1,,1,,238,character 3-5 gram TF-IDF cosine
211,normalized_duplicate,related_ids=238; normalized_key=experts in france begin examining airplane debris found on reunion island french air accident expert,keep_but_flag,0.95,train,1,,238,duplicate evidence
220,normalized_duplicate,related_ids=205; normalized_key=horrible accident man died in wings of airplane 29 07 2015 url,keep_but_flag,0.95,heldout,1,,205,duplicate evidence
229,normalized_duplicate,related_ids=199; normalized_key=experts in france begin examining airplane debris found on reunion island french air accident expert,keep_but_flag,0.95,heldout,1,,199,duplicate evidence
238,exact_duplicate,related_ids=211; normalized_key=experts in france begin examining airplane debris found on reunion island french air accident expert,keep_but_flag,0.95,dev,1,,211,duplicate evidence
238,normalized_duplicate,related_ids=211; normalized_key=experts in france begin examining airplane debris found on reunion island french air accident expert,keep_but_flag,0.95,dev,1,,211,duplicate evidence
247,normalized_duplicate,"related_ids=262,269,277,283,285,293; normalized_key=url twelve feared killed in pakistani air ambulance helicopter crash url",keep_but_flag,0.95,train,1,,"262,269,277,283,285,293",duplicate evidence
253,normalized_duplicate,related_ids=270; normalized_key=twelve feared killed in pakistani air ambulance helicopter crash url,keep_but_flag,0.95,train,1,,270,duplicate evidence
254,normalized_duplicate,"related_ids=265,271,272; normalized_key=ambulance sprinter automatic frontline vehicle choice of 14 lez compliant ebay url",keep_but_flag,0.95,dev,0,,"265,271,272",duplicate evidence
262,normalized_duplicate,"related_ids=247,269,277,283,285,293; normalized_key=url twelve feared killed in pakistani air ambulance helicopter crash url",keep_but_flag,0.95,train,1,,"247,269,277,283,285,293",duplicate evidence
265,normalized_duplicate,"related_ids=254,271,272; normalized_key=ambulance sprinter automatic frontline vehicle choice of 14 lez compliant ebay url",keep_but_flag,0.95,train,0,,"254,271,272",duplicate evidence
269,normalized_duplicate,"related_ids=247,262,277,283,285,293; normalized_key=url twelve feared killed in pakistani air ambulance helicopter crash url",keep_but_flag,0.95,heldout,1,,"247,262,277,283,285,293",duplicate evidence
270,normalized_duplicate,related_ids=253; normalized_key=twelve feared killed in pakistani air ambulance helicopter crash url,keep_but_flag,0.95,heldout,1,,253,duplicate evidence
271,normalized_duplicate,"related_ids=254,265,272; normalized_key=ambulance sprinter automatic frontline vehicle choice of 14 lez compliant ebay url",keep_but_flag,0.95,dev,0,,"254,265,272",duplicate evidence
272,normalized_duplicate,"related_ids=254,265,271; normalized_key=ambulance sprinter automatic frontline vehicle choice of 14 lez compliant ebay url",keep_but_flag,0.95,train,0,,"254,265,271",duplicate evidence
277,normalized_duplicate,"related_ids=247,262,269,283,285,293; normalized_key=url twelve feared killed in pakistani air ambulance helicopter crash url",keep_but_flag,0.95,train,1,,"247,262,269,283,285,293",duplicate evidence
283,normalized_duplicate,"related_ids=247,262,269,277,285,293; normalized_key=url twelve feared killed in pakistani air ambulance helicopter crash url",keep_but_flag,0.95,train,1,,"247,262,269,277,285,293",duplicate evidence
285,normalized_duplicate,"related_ids=247,262,269,277,283,293; normalized_key=url twelve feared killed in pakistani air ambulance helicopter crash url",keep_but_flag,0.95,train,1,,"247,262,269,277,283,293",duplicate evidence
287,normalized_duplicate,related_ids=289; normalized_key=twelve feared killed in pakistani air ambulance helicopter crash url worldnews,keep_but_flag,0.95,heldout,1,,289,duplicate evidence
289,normalized_duplicate,related_ids=287; normalized_key=twelve feared killed in pakistani air ambulance helicopter crash url worldnews,keep_but_flag,0.95,train,1,,287,duplicate evidence
293,normalized_duplicate,"related_ids=247,262,269,277,283,285; normalized_key=url twelve feared killed in pakistani air ambulance helicopter crash url",keep_but_flag,0.95,train,1,,"247,262,269,277,283,285",duplicate evidence
307,normalized_duplicate,related_ids=327; normalized_key=to luka they should all die all of them everything annihilated alois trancy,keep_but_flag,0.95,heldout,0,,327,duplicate evidence
310,normalized_duplicate,"related_ids=313,338; normalized_key=cop pulls drunk driver to safety seconds before his car is hit by train url url via user",keep_but_flag,0.95,train,1,,"313,338",duplicate evidence
313,normalized_duplicate,"related_ids=310,338; normalized_key=cop pulls drunk driver to safety seconds before his car is hit by train url url via user",keep_but_flag,0.95,dev,1,,"310,338",duplicate evidence
327,normalized_duplicate,related_ids=307; normalized_key=to luka they should all die all of them everything annihilated alois trancy,keep_but_flag,0.95,train,0,,307,duplicate evidence
338,normalized_duplicate,"related_ids=310,313; normalized_key=cop pulls drunk driver to safety seconds before his car is hit by train url url via user",keep_but_flag,0.95,heldout,1,,"310,313",duplicate evidence
349,conflicting_label_duplicate,"related_ids=355,356,360,370,384,393,394; normalized_key=u s national park services tonto national forest stop the annihilation of the salt river wild horse ",ambiguous,0.95,train,0,,"355,356,360,370,384,393,394",duplicate evidence
349,normalized_duplicate,"related_ids=355,356,360,370,384,393,394; normalized_key=u s national park services tonto national forest stop the annihilation of the salt river wild horse ",keep_but_flag,0.95,train,0,,"355,356,360,370,384,393,394",duplicate evidence
353,conflicting_label_duplicate,related_ids=390; normalized_key=world annihilation vs self transformation url aliens attack to exterminate humans url,ambiguous,0.95,dev,0,,390,duplicate evidence
353,normalized_duplicate,related_ids=390; normalized_key=world annihilation vs self transformation url aliens attack to exterminate humans url,keep_but_flag,0.95,dev,0,,390,duplicate evidence
355,conflicting_label_duplicate,"related_ids=349,356,360,370,384,393,394; normalized_key=u s national park services tonto national forest stop the annihilation of the salt river wild horse ",ambiguous,0.95,heldout,0,,"349,356,360,370,384,393,394",duplicate evidence
355,normalized_duplicate,"related_ids=349,356,360,370,384,393,394; normalized_key=u s national park services tonto national forest stop the annihilation of the salt river wild horse ",keep_but_flag,0.95,heldout,0,,"349,356,360,370,384,393,394",duplicate evidence
356,conflicting_label_duplicate,"related_ids=349,355,360,370,384,393,394; normalized_key=u s national park services tonto national forest stop the annihilation of the salt river wild horse ",ambiguous,0.95,dev,1,,"349,355,360,370,384,393,394",duplicate evidence
356,normalized_duplicate,"related_ids=349,355,360,370,384,393,394; normalized_key=u s national park services tonto national forest stop the annihilation of the salt river wild horse ",keep_but_flag,0.95,dev,1,,"349,355,360,370,384,393,394",duplicate evidence
360,conflicting_label_duplicate,"related_ids=349,355,356,370,384,393,394; normalized_key=u s national park services tonto national forest stop the annihilation of the salt river wild horse ",ambiguous,0.95,train,1,,"349,355,356,370,384,393,394",duplicate evidence
360,normalized_duplicate,"related_ids=349,355,356,370,384,393,394; normalized_key=u s national park services tonto national forest stop the annihilation of the salt river wild horse ",keep_but_flag,0.95,train,1,,"349,355,356,370,384,393,394",duplicate evidence
365,conflicting_label_duplicate,"related_ids=372,375; normalized_key=user we need help horses will die please rt amp sign petition take a stand amp be a voice for them g",ambiguous,0.95,heldout,1,,"372,375",duplicate evidence
365,high_confidence_fn,model_score=0.1080; text=@willienelson We need help! Horses will die!Please RT &amp; sign petition!Take a stand &amp; be a voice for them! #gilbert23 https://t.co/e8,ambiguous,0.892021905138,heldout,1,,,model disagreement is not label proof
365,normalized_duplicate,"related_ids=372,375; normalized_key=user we need help horses will die please rt amp sign petition take a stand amp be a voice for them g",keep_but_flag,0.95,heldout,1,,"372,375",duplicate evidence
370,conflicting_label_duplicate,"related_ids=349,355,356,360,384,393,394; normalized_key=u s national park services tonto national forest stop the annihilation of the salt river wild horse ",ambiguous,0.95,train,0,,"349,355,356,360,384,393,394",duplicate evidence
370,normalized_duplicate,"related_ids=349,355,356,360,384,393,394; normalized_key=u s national park services tonto national forest stop the annihilation of the salt river wild horse ",keep_but_flag,0.95,train,0,,"349,355,356,360,384,393,394",duplicate evidence
372,conflicting_label_duplicate,"related_ids=365,375; normalized_key=user we need help horses will die please rt amp sign petition take a stand amp be a voice for them g",ambiguous,0.95,heldout,0,,"365,375",duplicate evidence
372,normalized_duplicate,"related_ids=365,375; normalized_key=user we need help horses will die please rt amp sign petition take a stand amp be a voice for them g",keep_but_flag,0.95,heldout,0,,"365,375",duplicate evidence
375,conflicting_label_duplicate,"related_ids=365,372; normalized_key=user we need help horses will die please rt amp sign petition take a stand amp be a voice for them g",ambiguous,0.95,train,0,,"365,372",duplicate evidence
375,normalized_duplicate,"related_ids=365,372; normalized_key=user we need help horses will die please rt amp sign petition take a stand amp be a voice for them g",keep_but_flag,0.95,train,0,,"365,372",duplicate evidence
384,conflicting_label_duplicate,"related_ids=349,355,356,360,370,393,394; normalized_key=u s national park services tonto national forest stop the annihilation of the salt river wild horse ",ambiguous,0.95,train,0,,"349,355,356,360,370,393,394",duplicate evidence
384,normalized_duplicate,"related_ids=349,355,356,360,370,393,394; normalized_key=u s national park services tonto national forest stop the annihilation of the salt river wild horse ",keep_but_flag,0.95,train,0,,"349,355,356,360,370,393,394",duplicate evidence
390,conflicting_label_duplicate,related_ids=353; normalized_key=world annihilation vs self transformation url aliens attack to exterminate humans url,ambiguous,0.95,dev,1,,353,duplicate evidence
390,normalized_duplicate,related_ids=353; normalized_key=world annihilation vs self transformation url aliens attack to exterminate humans url,keep_but_flag,0.95,dev,1,,353,duplicate evidence
393,conflicting_label_duplicate,"related_ids=349,355,356,360,370,384,394; normalized_key=u s national park services tonto national forest stop the annihilation of the salt river wild horse ",ambiguous,0.95,train,0,,"349,355,356,360,370,384,394",duplicate evidence
393,normalized_duplicate,"related_ids=349,355,356,360,370,384,394; normalized_key=u s national park services tonto national forest stop the annihilation of the salt river wild horse ",keep_but_flag,0.95,train,0,,"349,355,356,360,370,384,394",duplicate evidence
394,conflicting_label_duplicate,"related_ids=349,355,356,360,370,384,393; normalized_key=u s national park services tonto national forest stop the annihilation of the salt river wild horse ",ambiguous,0.95,dev,1,,"349,355,356,360,370,384,393",duplicate evidence
394,normalized_duplicate,"related_ids=349,355,356,360,370,384,393; normalized_key=u s national park services tonto national forest stop the annihilation of the salt river wild horse ",keep_but_flag,0.95,dev,1,,"349,355,356,360,370,384,393",duplicate evidence
448,near_duplicate,related_id=485; cosine=0.9866,keep_but_flag,0.98663418212,,0,,485,character 3-5 gram TF-IDF cosine
496,near_duplicate,related_id=533; cosine=0.9771,keep_but_flag,0.977106457275,,0,,533,character 3-5 gram TF-IDF cosine
498,near_duplicate,related_id=518; cosine=0.9699,keep_but_flag,0.969859336629,,0,,518,character 3-5 gram TF-IDF cosine
501,near_duplicate,related_id=535; cosine=0.9794,keep_but_flag,0.979387246769,,0,,535,character 3-5 gram TF-IDF cosine
502,near_duplicate,related_id=531; cosine=0.9863,keep_but_flag,0.986274965707,,0,,531,character 3-5 gram TF-IDF cosine
503,near_duplicate,related_id=518; cosine=0.9707,keep_but_flag,0.970734681589,,0,,518,character 3-5 gram TF-IDF cosine
516,high_confidence_fn,model_score=0.0533; text=One Direction Is my pick for http://t.co/q2eBlOKeVE Fan Army #Directioners http://t.co/eNCmhz6y34 x1392,ambiguous,0.946738011014,heldout,1,,,model disagreement is not label proof
516,near_duplicate,related_id=523; cosine=0.9742,ambiguous,0.974218255456,,1,,523,character 3-5 gram TF-IDF cosine
520,high_confidence_fp,model_score=0.8800; text=.: .: .: .: .: .: .: .: .: .: .: .: .: .: .: .: .: .: .: .: .: RT DrAyesha4: #IndiaKoMunTorJawabDo Indian Army kiÛ_ http://t.co/WJLJq3yA4g,ambiguous,0.880005767924,heldout,0,,,model disagreement is not label proof
522,near_duplicate,related_id=533; cosine=0.9771,keep_but_flag,0.97710499366,,0,,533,character 3-5 gram TF-IDF cosine
526,normalized_duplicate,related_ids=544; normalized_key=one direction is my pick for url fan army directioners url,keep_but_flag,0.95,train,0,,544,duplicate evidence
528,normalized_duplicate,"related_ids=540,542; normalized_key=wwi wwii japanese army navy military japan leather watch war mido ww1 2 full read by ebay url url",keep_but_flag,0.95,dev,0,,"540,542",duplicate evidence
530,near_duplicate,related_id=533; cosine=0.9813,keep_but_flag,0.981285855084,,0,,533,character 3-5 gram TF-IDF cosine
540,normalized_duplicate,"related_ids=528,542; normalized_key=wwi wwii japanese army navy military japan leather watch war mido ww1 2 full read by ebay url url",keep_but_flag,0.95,train,0,,"528,542",duplicate evidence
542,normalized_duplicate,"related_ids=528,540; normalized_key=wwi wwii japanese army navy military japan leather watch war mido ww1 2 full read by ebay url url",keep_but_flag,0.95,train,0,,"528,540",duplicate evidence
544,normalized_duplicate,related_ids=526; normalized_key=one direction is my pick for url fan army directioners url,keep_but_flag,0.95,dev,0,,526,duplicate evidence
546,high_confidence_fp,model_score=0.9816; text=Two Jewish Terrorists Charged In Historic-Church Arson | The Ugly Truth http://t.co/iEksNFSbY7 http://t.co/VWCf3slkrW,ambiguous,0.98155056759,heldout,0,,,model disagreement is not label proof
559,normalized_duplicate,"related_ids=560,580,584; normalized_key=mourning notices for stabbing arson victims stir û politics of grief ûª in israel url",keep_but_flag,0.95,dev,1,,"560,580,584",duplicate evidence
560,normalized_duplicate,"related_ids=559,580,584; normalized_key=mourning notices for stabbing arson victims stir û politics of grief ûª in israel url",keep_but_flag,0.95,heldout,1,,"559,580,584",duplicate evidence
563,normalized_duplicate,related_ids=583; normalized_key=owner of chicago area gay bar admits to arson scheme url lgbt url,keep_but_flag,0.95,dev,0,,583,duplicate evidence
565,normalized_duplicate,"related_ids=594,606; normalized_key=arson suspect linked to 30 fires caught in northern california url",keep_but_flag,0.95,train,1,,"594,606",duplicate evidence
570,near_duplicate,related_id=579; cosine=0.9467,keep_but_flag,0.946720402641,,1,,579,character 3-5 gram TF-IDF cosine
570,normalized_duplicate,related_ids=579; normalized_key=kisii police in kisii hunt for students over failed arson plot police in kisii hunt for students url,keep_but_flag,0.95,train,1,,579,duplicate evidence
579,normalized_duplicate,related_ids=570; normalized_key=kisii police in kisii hunt for students over failed arson plot police in kisii hunt for students url,keep_but_flag,0.95,train,1,,570,duplicate evidence
580,normalized_duplicate,"related_ids=559,560,584; normalized_key=mourning notices for stabbing arson victims stir û politics of grief ûª in israel url",keep_but_flag,0.95,train,1,,"559,560,584",duplicate evidence
583,normalized_duplicate,related_ids=563; normalized_key=owner of chicago area gay bar admits to arson scheme url lgbt url,keep_but_flag,0.95,train,0,,563,duplicate evidence
584,normalized_duplicate,"related_ids=559,560,580; normalized_key=mourning notices for stabbing arson victims stir û politics of grief ûª in israel url",keep_but_flag,0.95,train,1,,"559,560,580",duplicate evidence
594,normalized_duplicate,"related_ids=565,606; normalized_key=arson suspect linked to 30 fires caught in northern california url",keep_but_flag,0.95,dev,1,,"565,606",duplicate evidence
606,normalized_duplicate,"related_ids=565,594; normalized_key=arson suspect linked to 30 fires caught in northern california url",keep_but_flag,0.95,heldout,1,,"565,594",duplicate evidence
662,normalized_duplicate,related_ids=10305; normalized_key=breaking obama officials gave muslim terrorist the weapon used in texas attack url,keep_but_flag,0.95,train,1,,10305,duplicate evidence
710,normalized_duplicate,"related_ids=712,713,717,724,725,729,730,731,734,736; normalized_key=christian attacked by muslims at the temple mount after waving israeli flag via pamela geller url",keep_but_flag,0.95,train,1,,"712,713,717,724,725,729,730,731,734,736,737,738,740,745",duplicate evidence
712,normalized_duplicate,"related_ids=710,713,717,724,725,729,730,731,734,736; normalized_key=christian attacked by muslims at the temple mount after waving israeli flag via pamela geller url",keep_but_flag,0.95,train,1,,"710,713,717,724,725,729,730,731,734,736,737,738,740,745",duplicate evidence
713,normalized_duplicate,"related_ids=710,712,717,724,725,729,730,731,734,736; normalized_key=christian attacked by muslims at the temple mount after waving israeli flag via pamela geller url",keep_but_flag,0.95,heldout,1,,"710,712,717,724,725,729,730,731,734,736,737,738,740,745",duplicate evidence
717,normalized_duplicate,"related_ids=710,712,713,724,725,729,730,731,734,736; normalized_key=christian attacked by muslims at the temple mount after waving israeli flag via pamela geller url",keep_but_flag,0.95,dev,1,,"710,712,713,724,725,729,730,731,734,736,737,738,740,745",duplicate evidence
724,normalized_duplicate,"related_ids=710,712,713,717,725,729,730,731,734,736; normalized_key=christian attacked by muslims at the temple mount after waving israeli flag via pamela geller url",keep_but_flag,0.95,train,1,,"710,712,713,717,725,729,730,731,734,736,737,738,740,745",duplicate evidence
725,normalized_duplicate,"related_ids=710,712,713,717,724,729,730,731,734,736; normalized_key=christian attacked by muslims at the temple mount after waving israeli flag via pamela geller url",keep_but_flag,0.95,train,1,,"710,712,713,717,724,729,730,731,734,736,737,738,740,745",duplicate evidence
729,normalized_duplicate,"related_ids=710,712,713,717,724,725,730,731,734,736; normalized_key=christian attacked by muslims at the temple mount after waving israeli flag via pamela geller url",keep_but_flag,0.95,train,1,,"710,712,713,717,724,725,730,731,734,736,737,738,740,745",duplicate evidence
730,normalized_duplicate,"related_ids=710,712,713,717,724,725,729,731,734,736; normalized_key=christian attacked by muslims at the temple mount after waving israeli flag via pamela geller url",keep_but_flag,0.95,train,1,,"710,712,713,717,724,725,729,731,734,736,737,738,740,745",duplicate evidence
731,normalized_duplicate,"related_ids=710,712,713,717,724,725,729,730,734,736; normalized_key=christian attacked by muslims at the temple mount after waving israeli flag via pamela geller url",keep_but_flag,0.95,dev,1,,"710,712,713,717,724,725,729,730,734,736,737,738,740,745",duplicate evidence
734,normalized_duplicate,"related_ids=710,712,713,717,724,725,729,730,731,736; normalized_key=christian attacked by muslims at the temple mount after waving israeli flag via pamela geller url",keep_but_flag,0.95,dev,1,,"710,712,713,717,724,725,729,730,731,736,737,738,740,745",duplicate evidence
736,normalized_duplicate,"related_ids=710,712,713,717,724,725,729,730,731,734; normalized_key=christian attacked by muslims at the temple mount after waving israeli flag via pamela geller url",keep_but_flag,0.95,train,1,,"710,712,713,717,724,725,729,730,731,734,737,738,740,745",duplicate evidence
737,normalized_duplicate,"related_ids=710,712,713,717,724,725,729,730,731,734; normalized_key=christian attacked by muslims at the temple mount after waving israeli flag via pamela geller url",keep_but_flag,0.95,train,1,,"710,712,713,717,724,725,729,730,731,734,736,738,740,745",duplicate evidence
738,normalized_duplicate,"related_ids=710,712,713,717,724,725,729,730,731,734; normalized_key=christian attacked by muslims at the temple mount after waving israeli flag via pamela geller url",keep_but_flag,0.95,train,1,,"710,712,713,717,724,725,729,730,731,734,736,737,740,745",duplicate evidence
740,normalized_duplicate,"related_ids=710,712,713,717,724,725,729,730,731,734; normalized_key=christian attacked by muslims at the temple mount after waving israeli flag via pamela geller url",keep_but_flag,0.95,heldout,1,,"710,712,713,717,724,725,729,730,731,734,736,737,738,745",duplicate evidence
745,normalized_duplicate,"related_ids=710,712,713,717,724,725,729,730,731,734; normalized_key=christian attacked by muslims at the temple mount after waving israeli flag via pamela geller url",keep_but_flag,0.95,heldout,1,,"710,712,713,717,724,725,729,730,731,734,736,737,738,740",duplicate evidence
775,high_confidence_fn,model_score=0.1373; text=driving the avalanche after having my car for a week is like driving a tank,ambiguous,0.86268541826,heldout,1,,,model disagreement is not label proof
783,high_confidence_fp,model_score=0.8265; text=.@bigperm28 was drafted by the @Avalanche in 2005 (rd. 4 #124) overall. Played last season in @UtahGrizz. http://t.co/gPGTAfMKt0,ambiguous,0.826534722229,heldout,0,,,model disagreement is not label proof
796,conflicting_label_duplicate,related_ids=822; normalized_key=star wars power of the jedi collection 1 battle droid hasbro full read by ebay url url,ambiguous,0.95,dev,1,,822,duplicate evidence
796,normalized_duplicate,related_ids=822; normalized_key=star wars power of the jedi collection 1 battle droid hasbro full read by ebay url url,keep_but_flag,0.95,dev,1,,822,duplicate evidence
797,high_confidence_fn,model_score=0.1878; text=CIVIL WAR GENERAL BATTLE BULL RUN HERO COLONEL 2nd NEW HAMPSHIRE LETTER SIGNED ! http://t.co/Ot0tFFpBYB http://t.co/zaRBwep9LD,ambiguous,0.812190559791,heldout,1,,,model disagreement is not label proof
822,conflicting_label_duplicate,related_ids=796; normalized_key=star wars power of the jedi collection 1 battle droid hasbro full read by ebay url url,ambiguous,0.95,train,0,,796,duplicate evidence
822,normalized_duplicate,related_ids=796; normalized_key=star wars power of the jedi collection 1 battle droid hasbro full read by ebay url url,keep_but_flag,0.95,train,0,,796,duplicate evidence
832,normalized_duplicate,related_ids=864; normalized_key=fedex no longer will transport bioterror germs url via user,keep_but_flag,0.95,dev,0,,864,duplicate evidence
834,conflicting_label_duplicate,"related_ids=843,870,877; normalized_key=fedex no longer to transport bioterror germs in wake of anthrax lab mishaps url via user",ambiguous,0.95,train,1,,"843,870,877",duplicate evidence
834,normalized_duplicate,"related_ids=843,870,877; normalized_key=fedex no longer to transport bioterror germs in wake of anthrax lab mishaps url via user",keep_but_flag,0.95,train,1,,"843,870,877",duplicate evidence
843,conflicting_label_duplicate,"related_ids=834,870,877; normalized_key=fedex no longer to transport bioterror germs in wake of anthrax lab mishaps url via user",ambiguous,0.95,train,0,,"834,870,877",duplicate evidence
843,normalized_duplicate,"related_ids=834,870,877; normalized_key=fedex no longer to transport bioterror germs in wake of anthrax lab mishaps url via user",keep_but_flag,0.95,train,0,,"834,870,877",duplicate evidence
848,conflicting_label_duplicate,related_ids=853; normalized_key=world fedex no longer to transport bioterror germs in wake of anthrax lab mishaps url,ambiguous,0.95,heldout,1,,853,duplicate evidence
848,normalized_duplicate,related_ids=853; normalized_key=world fedex no longer to transport bioterror germs in wake of anthrax lab mishaps url,keep_but_flag,0.95,heldout,1,,853,duplicate evidence
853,conflicting_label_duplicate,related_ids=848; normalized_key=world fedex no longer to transport bioterror germs in wake of anthrax lab mishaps url,ambiguous,0.95,dev,0,,848,duplicate evidence
853,normalized_duplicate,related_ids=848; normalized_key=world fedex no longer to transport bioterror germs in wake of anthrax lab mishaps url,keep_but_flag,0.95,dev,0,,848,duplicate evidence
856,conflicting_label_duplicate,"related_ids=872,873,875; normalized_key=fedex no longer to transport bioterror germs in wake of anthrax lab mishaps url",ambiguous,0.95,train,1,,"872,873,875",duplicate evidence
856,normalized_duplicate,"related_ids=872,873,875; normalized_key=fedex no longer to transport bioterror germs in wake of anthrax lab mishaps url",keep_but_flag,0.95,train,1,,"872,873,875",duplicate evidence
864,normalized_duplicate,related_ids=832; normalized_key=fedex no longer will transport bioterror germs url via user,keep_but_flag,0.95,train,0,,832,duplicate evidence
867,normalized_duplicate,related_ids=876; normalized_key=usatoday on today s frontpage bioterror lab faced secret sanctions rickperry doesn t make the cut fo,keep_but_flag,0.95,train,1,,876,duplicate evidence
868,high_confidence_fp,model_score=0.8512; text=#BreakingNews http://t.co/gAN14PW9TG FedEx no longer willing to transport research specimens of potential bioterÛ_ http://t.co/5n4hUsewLy,ambiguous,0.851233924302,heldout,0,,,model disagreement is not label proof
870,conflicting_label_duplicate,"related_ids=834,843,877; normalized_key=fedex no longer to transport bioterror germs in wake of anthrax lab mishaps url via user",ambiguous,0.95,dev,1,,"834,843,877",duplicate evidence
870,normalized_duplicate,"related_ids=834,843,877; normalized_key=fedex no longer to transport bioterror germs in wake of anthrax lab mishaps url via user",keep_but_flag,0.95,dev,1,,"834,843,877",duplicate evidence
872,conflicting_label_duplicate,"related_ids=856,873,875; normalized_key=fedex no longer to transport bioterror germs in wake of anthrax lab mishaps url",ambiguous,0.95,heldout,1,,"856,873,875",duplicate evidence
872,normalized_duplicate,"related_ids=856,873,875; normalized_key=fedex no longer to transport bioterror germs in wake of anthrax lab mishaps url",keep_but_flag,0.95,heldout,1,,"856,873,875",duplicate evidence
873,conflicting_label_duplicate,"related_ids=856,872,875; normalized_key=fedex no longer to transport bioterror germs in wake of anthrax lab mishaps url",ambiguous,0.95,train,1,,"856,872,875",duplicate evidence
873,normalized_duplicate,"related_ids=856,872,875; normalized_key=fedex no longer to transport bioterror germs in wake of anthrax lab mishaps url",keep_but_flag,0.95,train,1,,"856,872,875",duplicate evidence
875,conflicting_label_duplicate,"related_ids=856,872,873; normalized_key=fedex no longer to transport bioterror germs in wake of anthrax lab mishaps url",ambiguous,0.95,train,0,,"856,872,873",duplicate evidence
875,normalized_duplicate,"related_ids=856,872,873; normalized_key=fedex no longer to transport bioterror germs in wake of anthrax lab mishaps url",keep_but_flag,0.95,train,0,,"856,872,873",duplicate evidence
876,normalized_duplicate,related_ids=867; normalized_key=usatoday on today s frontpage bioterror lab faced secret sanctions rickperry doesn t make the cut fo,keep_but_flag,0.95,train,1,,867,duplicate evidence
877,conflicting_label_duplicate,"related_ids=834,843,870; normalized_key=fedex no longer to transport bioterror germs in wake of anthrax lab mishaps url via user",ambiguous,0.95,dev,1,,"834,843,870",duplicate evidence
877,normalized_duplicate,"related_ids=834,843,870; normalized_key=fedex no longer to transport bioterror germs in wake of anthrax lab mishaps url via user",keep_but_flag,0.95,dev,1,,"834,843,870",duplicate evidence
881,conflicting_label_duplicate,"related_ids=898,907,916; normalized_key=to fight bioterrorism sir",ambiguous,0.95,train,1,,"898,907,916",duplicate evidence
881,exact_duplicate,"related_ids=898,907,916; normalized_key=to fight bioterrorism sir",keep_but_flag,0.95,train,1,,"898,907,916",duplicate evidence
881,near_duplicate,related_id=898; cosine=1.0000,ambiguous,1,,1,,898,character 3-5 gram TF-IDF cosine
881,normalized_duplicate,"related_ids=898,907,916; normalized_key=to fight bioterrorism sir",keep_but_flag,0.95,train,1,,"898,907,916",duplicate evidence
885,near_duplicate,related_id=915; cosine=0.9482,keep_but_flag,0.948210838056,,1,,915,character 3-5 gram TF-IDF cosine
898,conflicting_label_duplicate,"related_ids=881,907,916; normalized_key=to fight bioterrorism sir",ambiguous,0.95,train,0,,"881,907,916",duplicate evidence
898,exact_duplicate,"related_ids=881,907,916; normalized_key=to fight bioterrorism sir",keep_but_flag,0.95,train,0,,"881,907,916",duplicate evidence
898,normalized_duplicate,"related_ids=881,907,916; normalized_key=to fight bioterrorism sir",keep_but_flag,0.95,train,0,,"881,907,916",duplicate evidence
907,conflicting_label_duplicate,"related_ids=881,898,916; normalized_key=to fight bioterrorism sir",ambiguous,0.95,heldout,1,,"881,898,916",duplicate evidence
907,exact_duplicate,"related_ids=881,898,916; normalized_key=to fight bioterrorism sir",keep_but_flag,0.95,heldout,1,,"881,898,916",duplicate evidence
907,normalized_duplicate,"related_ids=881,898,916; normalized_key=to fight bioterrorism sir",keep_but_flag,0.95,heldout,1,,"881,898,916",duplicate evidence
915,normalized_duplicate,related_ids=919; normalized_key=user if 90blks amp 8whts colluded 2 take wht f user auth hostage amp 2 make her look blk w bioterror,keep_but_flag,0.95,heldout,1,,919,duplicate evidence
916,conflicting_label_duplicate,"related_ids=881,898,907; normalized_key=to fight bioterrorism sir",ambiguous,0.95,train,0,,"881,898,907",duplicate evidence
916,exact_duplicate,"related_ids=881,898,907; normalized_key=to fight bioterrorism sir",keep_but_flag,0.95,train,0,,"881,898,907",duplicate evidence
916,normalized_duplicate,"related_ids=881,898,907; normalized_key=to fight bioterrorism sir",keep_but_flag,0.95,train,0,,"881,898,907",duplicate evidence
919,normalized_duplicate,related_ids=915; normalized_key=user if 90blks amp 8whts colluded 2 take wht f user auth hostage amp 2 make her look blk w bioterror,keep_but_flag,0.95,train,1,,915,duplicate evidence
984,normalized_duplicate,related_ids=985; normalized_key=morgan silver dollar 1880 s gem bu dmpl cameo rev blazing ms high grade full read û_ url url,keep_but_flag,0.95,heldout,0,,985,duplicate evidence
985,normalized_duplicate,related_ids=984; normalized_key=morgan silver dollar 1880 s gem bu dmpl cameo rev blazing ms high grade full read û_ url url,keep_but_flag,0.95,train,0,,984,duplicate evidence
1199,near_duplicate,related_id=1207; cosine=0.9475,keep_but_flag,0.947470088011,,0,,1207,character 3-5 gram TF-IDF cosine
1207,near_duplicate,related_id=1832; cosine=0.9708,keep_but_flag,0.970781787806,,0,,1832,character 3-5 gram TF-IDF cosine
1259,high_confidence_fn,model_score=0.1132; text=Ain't no hoe in my blood,ambiguous,0.886777275549,heldout,1,,,model disagreement is not label proof
1294,high_confidence_fn,model_score=0.1398; text=@TradCatKnight (1) Russia may have played into reason but that link is BS. Okanowa was bloody and mainline invasion looked like a bloody,ambiguous,0.86022315125,heldout,1,,,model disagreement is not label proof
1296,high_confidence_fn,model_score=0.0710; text=Bloody insomnia again! Grrrr!! #Insomnia,ambiguous,0.929018219594,heldout,1,,,model disagreement is not label proof
1379,normalized_duplicate,"related_ids=1380,1391; normalized_key=new ladies shoulder tote handbag women cross body bag faux leather fashion purse full re û_ url url",keep_but_flag,0.95,train,0,,"1380,1391",duplicate evidence
1380,normalized_duplicate,"related_ids=1379,1391; normalized_key=new ladies shoulder tote handbag women cross body bag faux leather fashion purse full re û_ url url",keep_but_flag,0.95,heldout,0,,"1379,1391",duplicate evidence
1384,normalized_duplicate,"related_ids=1385,1407,1419; normalized_key=louis vuitton monogram sophie limited edition clutch cross body bag full read by ebay url url",keep_but_flag,0.95,train,0,,"1385,1407,1419",duplicate evidence
1385,normalized_duplicate,"related_ids=1384,1407,1419; normalized_key=louis vuitton monogram sophie limited edition clutch cross body bag full read by ebay url url",keep_but_flag,0.95,dev,0,,"1384,1407,1419",duplicate evidence
1391,normalized_duplicate,"related_ids=1379,1380; normalized_key=new ladies shoulder tote handbag women cross body bag faux leather fashion purse full re û_ url url",keep_but_flag,0.95,train,0,,"1379,1380",duplicate evidence
1393,normalized_duplicate,related_ids=1405; normalized_key=new summer long thin body bag hip a word skirt blue url url,keep_but_flag,0.95,train,0,,1405,duplicate evidence
1396,normalized_duplicate,related_ids=1422; normalized_key=new ladies shoulder tote handbag faux leather hobo purse cross body bag womens full read û_ url url,keep_but_flag,0.95,train,0,,1422,duplicate evidence
1402,conflicting_label_duplicate,"related_ids=1409,1420; normalized_key=new ladies shoulder tote handbag faux leather hobo purse cross body bag womens url url",ambiguous,0.95,heldout,0,,"1409,1420",duplicate evidence
1402,normalized_duplicate,"related_ids=1409,1420; normalized_key=new ladies shoulder tote handbag faux leather hobo purse cross body bag womens url url",keep_but_flag,0.95,heldout,0,,"1409,1420",duplicate evidence
1405,normalized_duplicate,related_ids=1393; normalized_key=new summer long thin body bag hip a word skirt blue url url,keep_but_flag,0.95,heldout,0,,1393,duplicate evidence
1407,normalized_duplicate,"related_ids=1384,1385,1419; normalized_key=louis vuitton monogram sophie limited edition clutch cross body bag full read by ebay url url",keep_but_flag,0.95,dev,0,,"1384,1385,1419",duplicate evidence
1409,conflicting_label_duplicate,"related_ids=1402,1420; normalized_key=new ladies shoulder tote handbag faux leather hobo purse cross body bag womens url url",ambiguous,0.95,heldout,1,,"1402,1420",duplicate evidence
1409,high_confidence_fn,model_score=0.0278; text=?? New Ladies Shoulder Tote #Handbag Faux Leather Hobo Purse Cross Body Bag #Womens http://t.co/zujwUiomb3 http://t.co/iap4LwvqsW,ambiguous,0.972208541871,heldout,1,,,model disagreement is not label proof
1409,normalized_duplicate,"related_ids=1402,1420; normalized_key=new ladies shoulder tote handbag faux leather hobo purse cross body bag womens url url",keep_but_flag,0.95,heldout,1,,"1402,1420",duplicate evidence
1419,normalized_duplicate,"related_ids=1384,1385,1407; normalized_key=louis vuitton monogram sophie limited edition clutch cross body bag full read by ebay url url",keep_but_flag,0.95,train,0,,"1384,1385,1407",duplicate evidence
1420,conflicting_label_duplicate,"related_ids=1402,1409; normalized_key=new ladies shoulder tote handbag faux leather hobo purse cross body bag womens url url",ambiguous,0.95,train,0,,"1402,1409",duplicate evidence
1420,normalized_duplicate,"related_ids=1402,1409; normalized_key=new ladies shoulder tote handbag faux leather hobo purse cross body bag womens url url",keep_but_flag,0.95,train,0,,"1402,1409",duplicate evidence
1422,normalized_duplicate,related_ids=1396; normalized_key=new ladies shoulder tote handbag faux leather hobo purse cross body bag womens full read û_ url url,keep_but_flag,0.95,train,0,,1396,duplicate evidence
1440,high_confidence_fn,model_score=0.1639; text=@Yankees body bagging mfs,ambiguous,0.836114602196,heldout,1,,,model disagreement is not label proof
1479,high_confidence_fn,model_score=0.1470; text=@FoxNews @JenGriffinFNC When you call to report dangerous activity tell em to have body bags on arrival.,ambiguous,0.852975292912,heldout,1,,,model disagreement is not label proof
1535,normalized_duplicate,related_ids=1575; normalized_key=the guardian view on the hiroshima legacy still in the shadow of the bomb editorial the world longs ,keep_but_flag,0.95,train,1,,1575,duplicate evidence
1545,normalized_duplicate,related_ids=1554; normalized_key=new documents found pointing to japan s wwii atomic bomb program url,keep_but_flag,0.95,train,1,,1554,duplicate evidence
1554,normalized_duplicate,related_ids=1545; normalized_key=new documents found pointing to japan s wwii atomic bomb program url,keep_but_flag,0.95,train,1,,1545,duplicate evidence
1575,normalized_duplicate,related_ids=1535; normalized_key=the guardian view on the hiroshima legacy still in the shadow of the bomb editorial the world longs ,keep_but_flag,0.95,train,1,,1535,duplicate evidence
1633,normalized_duplicate,related_ids=1646; normalized_key=the cryptic words that guided pilots on the hiroshima bombing mission url,keep_but_flag,0.95,dev,1,,1646,duplicate evidence
1634,exact_duplicate,related_ids=1665; normalized_key=japan on thursday marks the 70th anniversary of the atomic bombing of hiroshima with the most senior,keep_but_flag,0.95,dev,1,,1665,duplicate evidence
1634,near_duplicate,related_id=1665; cosine=1.0000,keep_but_flag,1,,1,,1665,character 3-5 gram TF-IDF cosine
1634,normalized_duplicate,related_ids=1665; normalized_key=japan on thursday marks the 70th anniversary of the atomic bombing of hiroshima with the most senior,keep_but_flag,0.95,dev,1,,1665,duplicate evidence
1646,normalized_duplicate,related_ids=1633; normalized_key=the cryptic words that guided pilots on the hiroshima bombing mission url,keep_but_flag,0.95,heldout,1,,1633,duplicate evidence
1648,normalized_duplicate,"related_ids=1649,1650,1652,1658; normalized_key=japan marks 70th anniversary of hiroshima atomic bombing url",keep_but_flag,0.95,heldout,1,,"1649,1650,1652,1658",duplicate evidence
1649,normalized_duplicate,"related_ids=1648,1650,1652,1658; normalized_key=japan marks 70th anniversary of hiroshima atomic bombing url",keep_but_flag,0.95,heldout,1,,"1648,1650,1652,1658",duplicate evidence
1650,normalized_duplicate,"related_ids=1648,1649,1652,1658; normalized_key=japan marks 70th anniversary of hiroshima atomic bombing url",keep_but_flag,0.95,train,1,,"1648,1649,1652,1658",duplicate evidence
1652,normalized_duplicate,"related_ids=1648,1649,1650,1658; normalized_key=japan marks 70th anniversary of hiroshima atomic bombing url",keep_but_flag,0.95,train,1,,"1648,1649,1650,1658",duplicate evidence
1658,normalized_duplicate,"related_ids=1648,1649,1650,1652; normalized_key=japan marks 70th anniversary of hiroshima atomic bombing url",keep_but_flag,0.95,train,1,,"1648,1649,1650,1652",duplicate evidence
1665,exact_duplicate,related_ids=1634; normalized_key=japan on thursday marks the 70th anniversary of the atomic bombing of hiroshima with the most senior,keep_but_flag,0.95,dev,1,,1634,duplicate evidence
1665,normalized_duplicate,related_ids=1634; normalized_key=japan on thursday marks the 70th anniversary of the atomic bombing of hiroshima with the most senior,keep_but_flag,0.95,dev,1,,1634,duplicate evidence
1671,normalized_duplicate,related_ids=1719; normalized_key=a marshall plan for the united states by dambisa moyo via user oped url via user,keep_but_flag,0.95,heldout,0,,1719,duplicate evidence
1676,conflicting_label_duplicate,related_ids=1707; normalized_key=ashes 2015 australia ûªs collapse at trent bridge among worst in history england bundled out austral,ambiguous,0.95,train,1,,1707,duplicate evidence
1676,normalized_duplicate,related_ids=1707; normalized_key=ashes 2015 australia ûªs collapse at trent bridge among worst in history england bundled out austral,keep_but_flag,0.95,train,1,,1707,duplicate evidence
1687,normalized_duplicate,"related_ids=1690,1699,1700,1705,1706,1716,10869; normalized_key=two giant cranes holding a bridge collapse into nearby homes url",keep_but_flag,0.95,dev,1,,"1690,1699,1700,1705,1706,1716,10869",duplicate evidence
1689,exact_duplicate,related_ids=2346; normalized_key=warne shocked over australia s epic collapse at trent bridge johannesburg aug 06 ani legendary austr,keep_but_flag,0.95,heldout,1,,2346,duplicate evidence
1689,near_duplicate,related_id=2346; cosine=1.0000,keep_but_flag,1,,1,,2346,character 3-5 gram TF-IDF cosine
1689,normalized_duplicate,related_ids=2346; normalized_key=warne shocked over australia s epic collapse at trent bridge johannesburg aug 06 ani legendary austr,keep_but_flag,0.95,heldout,1,,2346,duplicate evidence
1690,normalized_duplicate,"related_ids=1687,1699,1700,1705,1706,1716,10869; normalized_key=two giant cranes holding a bridge collapse into nearby homes url",keep_but_flag,0.95,train,1,,"1687,1699,1700,1705,1706,1716,10869",duplicate evidence
1699,normalized_duplicate,"related_ids=1687,1690,1700,1705,1706,1716,10869; normalized_key=two giant cranes holding a bridge collapse into nearby homes url",keep_but_flag,0.95,heldout,1,,"1687,1690,1700,1705,1706,1716,10869",duplicate evidence
1700,normalized_duplicate,"related_ids=1687,1690,1699,1705,1706,1716,10869; normalized_key=two giant cranes holding a bridge collapse into nearby homes url",keep_but_flag,0.95,heldout,1,,"1687,1690,1699,1705,1706,1716,10869",duplicate evidence
1705,normalized_duplicate,"related_ids=1687,1690,1699,1700,1706,1716,10869; normalized_key=two giant cranes holding a bridge collapse into nearby homes url",keep_but_flag,0.95,train,1,,"1687,1690,1699,1700,1706,1716,10869",duplicate evidence
1706,normalized_duplicate,"related_ids=1687,1690,1699,1700,1705,1716,10869; normalized_key=two giant cranes holding a bridge collapse into nearby homes url",keep_but_flag,0.95,train,1,,"1687,1690,1699,1700,1705,1716,10869",duplicate evidence
1707,conflicting_label_duplicate,related_ids=1676; normalized_key=ashes 2015 australia ûªs collapse at trent bridge among worst in history england bundled out austral,ambiguous,0.95,train,0,,1676,duplicate evidence
1707,normalized_duplicate,related_ids=1676; normalized_key=ashes 2015 australia ûªs collapse at trent bridge among worst in history england bundled out austral,keep_but_flag,0.95,train,0,,1676,duplicate evidence
1716,normalized_duplicate,"related_ids=1687,1690,1699,1700,1705,1706,10869; normalized_key=two giant cranes holding a bridge collapse into nearby homes url",keep_but_flag,0.95,dev,1,,"1687,1690,1699,1700,1705,1706,10869",duplicate evidence
1719,normalized_duplicate,related_ids=1671; normalized_key=a marshall plan for the united states by dambisa moyo via user oped url via user,keep_but_flag,0.95,heldout,0,,1671,duplicate evidence
1723,conflicting_label_duplicate,related_ids=1922; normalized_key=mmmmmm i m burning i m burning buildings i m building oooooohhhh oooh ooh,ambiguous,0.95,train,1,,1922,duplicate evidence
1723,exact_duplicate,related_ids=1922; normalized_key=mmmmmm i m burning i m burning buildings i m building oooooohhhh oooh ooh,keep_but_flag,0.95,train,1,,1922,duplicate evidence
1723,near_duplicate,related_id=1922; cosine=1.0000,ambiguous,1,,1,,1922,character 3-5 gram TF-IDF cosine
1723,normalized_duplicate,related_ids=1922; normalized_key=mmmmmm i m burning i m burning buildings i m building oooooohhhh oooh ooh,keep_but_flag,0.95,train,1,,1922,duplicate evidence
1725,exact_duplicate,related_ids=1941; normalized_key=user not upset with a rally upset with burning buildings businesses executing cops that have nothing,keep_but_flag,0.95,heldout,1,,1941,duplicate evidence
1725,normalized_duplicate,related_ids=1941; normalized_key=user not upset with a rally upset with burning buildings businesses executing cops that have nothing,keep_but_flag,0.95,heldout,1,,1941,duplicate evidence
1727,exact_duplicate,related_ids=1957; normalized_key=user user i must be overlooking the burning buildings blacklivesmatter,keep_but_flag,0.95,train,1,,1957,duplicate evidence
1727,near_duplicate,related_id=1957; cosine=1.0000,keep_but_flag,1,,1,,1957,character 3-5 gram TF-IDF cosine
1727,normalized_duplicate,related_ids=1957; normalized_key=user user i must be overlooking the burning buildings blacklivesmatter,keep_but_flag,0.95,train,1,,1957,duplicate evidence
1728,exact_duplicate,related_ids=1929; normalized_key=user all lives matter just not a fan of burning down buildings and stealing from your neighbors to p,keep_but_flag,0.95,train,1,,1929,duplicate evidence
1728,near_duplicate,related_id=1929; cosine=1.0000,keep_but_flag,1,,1,,1929,character 3-5 gram TF-IDF cosine
1728,normalized_duplicate,related_ids=1929; normalized_key=user all lives matter just not a fan of burning down buildings and stealing from your neighbors to p,keep_but_flag,0.95,train,1,,1929,duplicate evidence
1733,exact_duplicate,related_ids=1924; normalized_key=i m mentally preparing myself for a bomb ass school year if it s not i m burning buildings,keep_but_flag,0.95,train,0,,1924,duplicate evidence
1733,near_duplicate,related_id=1924; cosine=1.0000,keep_but_flag,1,,0,,1924,character 3-5 gram TF-IDF cosine
1733,normalized_duplicate,related_ids=1924; normalized_key=i m mentally preparing myself for a bomb ass school year if it s not i m burning buildings,keep_but_flag,0.95,train,0,,1924,duplicate evidence
1750,exact_duplicate,related_ids=1962; normalized_key=schools in western uganda still burning down buildings during strikes strikes in western uganda alwa,keep_but_flag,0.95,train,1,,1962,duplicate evidence
1750,normalized_duplicate,related_ids=1962; normalized_key=schools in western uganda still burning down buildings during strikes strikes in western uganda alwa,keep_but_flag,0.95,train,1,,1962,duplicate evidence
1752,conflicting_label_duplicate,related_ids=1968; normalized_key=i pledge allegiance to the p o p e and the burning buildings of epic city,ambiguous,0.95,train,0,,1968,duplicate evidence
1752,exact_duplicate,related_ids=1968; normalized_key=i pledge allegiance to the p o p e and the burning buildings of epic city,keep_but_flag,0.95,train,0,,1968,duplicate evidence
1752,near_duplicate,related_id=1968; cosine=1.0000,ambiguous,1,,0,,1968,character 3-5 gram TF-IDF cosine
1752,normalized_duplicate,related_ids=1968; normalized_key=i pledge allegiance to the p o p e and the burning buildings of epic city,keep_but_flag,0.95,train,0,,1968,duplicate evidence
1760,conflicting_label_duplicate,related_ids=1950; normalized_key=like for the music video i want some real action shit like burning buildings and police chases not s,ambiguous,0.95,train,1,,1950,duplicate evidence
1760,exact_duplicate,related_ids=1950; normalized_key=like for the music video i want some real action shit like burning buildings and police chases not s,keep_but_flag,0.95,train,1,,1950,duplicate evidence
1760,near_duplicate,related_id=1950; cosine=1.0000,ambiguous,1,,1,,1950,character 3-5 gram TF-IDF cosine
1760,normalized_duplicate,related_ids=1950; normalized_key=like for the music video i want some real action shit like burning buildings and police chases not s,keep_but_flag,0.95,train,1,,1950,duplicate evidence
1761,exact_duplicate,related_ids=1943; normalized_key=burning buildings media outrage url,keep_but_flag,0.95,heldout,1,,1943,duplicate evidence
1761,near_duplicate,related_id=1943; cosine=1.0000,keep_but_flag,1,,1,,1943,character 3-5 gram TF-IDF cosine
1761,normalized_duplicate,related_ids=1943; normalized_key=burning buildings media outrage url,keep_but_flag,0.95,heldout,1,,1943,duplicate evidence
1771,conflicting_label_duplicate,related_ids=1773; normalized_key=fire hazard associated with installation of non compliant external cladding on url by url,ambiguous,0.95,heldout,1,,1773,duplicate evidence
1771,high_confidence_fn,model_score=0.1391; text=Fire hazard associated with installation of non-compliant external cladding on http://t.co/bTPQdehl3p - By @www.cbplawyers,ambiguous,0.860890409833,heldout,1,,,model disagreement is not label proof
1771,normalized_duplicate,related_ids=1773; normalized_key=fire hazard associated with installation of non compliant external cladding on url by url,keep_but_flag,0.95,heldout,1,,1773,duplicate evidence
1773,conflicting_label_duplicate,related_ids=1771; normalized_key=fire hazard associated with installation of non compliant external cladding on url by url,ambiguous,0.95,train,0,,1771,duplicate evidence
1773,normalized_duplicate,related_ids=1771; normalized_key=fire hazard associated with installation of non compliant external cladding on url by url,keep_but_flag,0.95,train,0,,1771,duplicate evidence
1790,exact_duplicate,related_ids=1807; normalized_key=tweetlikeitsseptember11th2001 those two buildings are on fire,keep_but_flag,0.95,dev,1,,1807,duplicate evidence
1790,normalized_duplicate,related_ids=1807; normalized_key=tweetlikeitsseptember11th2001 those two buildings are on fire,keep_but_flag,0.95,dev,1,,1807,duplicate evidence
1807,exact_duplicate,related_ids=1790; normalized_key=tweetlikeitsseptember11th2001 those two buildings are on fire,keep_but_flag,0.95,train,1,,1790,duplicate evidence
1807,normalized_duplicate,related_ids=1790; normalized_key=tweetlikeitsseptember11th2001 those two buildings are on fire,keep_but_flag,0.95,train,1,,1790,duplicate evidence
1922,conflicting_label_duplicate,related_ids=1723; normalized_key=mmmmmm i m burning i m burning buildings i m building oooooohhhh oooh ooh,ambiguous,0.95,train,0,,1723,duplicate evidence
1922,exact_duplicate,related_ids=1723; normalized_key=mmmmmm i m burning i m burning buildings i m building oooooohhhh oooh ooh,keep_but_flag,0.95,train,0,,1723,duplicate evidence
1922,normalized_duplicate,related_ids=1723; normalized_key=mmmmmm i m burning i m burning buildings i m building oooooohhhh oooh ooh,keep_but_flag,0.95,train,0,,1723,duplicate evidence
1924,exact_duplicate,related_ids=1733; normalized_key=i m mentally preparing myself for a bomb ass school year if it s not i m burning buildings,keep_but_flag,0.95,train,0,,1733,duplicate evidence
1924,normalized_duplicate,related_ids=1733; normalized_key=i m mentally preparing myself for a bomb ass school year if it s not i m burning buildings,keep_but_flag,0.95,train,0,,1733,duplicate evidence
1929,exact_duplicate,related_ids=1728; normalized_key=user all lives matter just not a fan of burning down buildings and stealing from your neighbors to p,keep_but_flag,0.95,train,1,,1728,duplicate evidence
1929,normalized_duplicate,related_ids=1728; normalized_key=user all lives matter just not a fan of burning down buildings and stealing from your neighbors to p,keep_but_flag,0.95,train,1,,1728,duplicate evidence
1941,exact_duplicate,related_ids=1725; normalized_key=user not upset with a rally upset with burning buildings businesses executing cops that have nothing,keep_but_flag,0.95,dev,1,,1725,duplicate evidence
1941,normalized_duplicate,related_ids=1725; normalized_key=user not upset with a rally upset with burning buildings businesses executing cops that have nothing,keep_but_flag,0.95,dev,1,,1725,duplicate evidence
1943,exact_duplicate,related_ids=1761; normalized_key=burning buildings media outrage url,keep_but_flag,0.95,train,1,,1761,duplicate evidence
1943,normalized_duplicate,related_ids=1761; normalized_key=burning buildings media outrage url,keep_but_flag,0.95,train,1,,1761,duplicate evidence
1950,conflicting_label_duplicate,related_ids=1760; normalized_key=like for the music video i want some real action shit like burning buildings and police chases not s,ambiguous,0.95,train,0,,1760,duplicate evidence
1950,exact_duplicate,related_ids=1760; normalized_key=like for the music video i want some real action shit like burning buildings and police chases not s,keep_but_flag,0.95,train,0,,1760,duplicate evidence
1950,normalized_duplicate,related_ids=1760; normalized_key=like for the music video i want some real action shit like burning buildings and police chases not s,keep_but_flag,0.95,train,0,,1760,duplicate evidence
1957,exact_duplicate,related_ids=1727; normalized_key=user user i must be overlooking the burning buildings blacklivesmatter,keep_but_flag,0.95,train,1,,1727,duplicate evidence
1957,normalized_duplicate,related_ids=1727; normalized_key=user user i must be overlooking the burning buildings blacklivesmatter,keep_but_flag,0.95,train,1,,1727,duplicate evidence
1962,exact_duplicate,related_ids=1750; normalized_key=schools in western uganda still burning down buildings during strikes strikes in western uganda alwa,keep_but_flag,0.95,dev,1,,1750,duplicate evidence
1962,normalized_duplicate,related_ids=1750; normalized_key=schools in western uganda still burning down buildings during strikes strikes in western uganda alwa,keep_but_flag,0.95,dev,1,,1750,duplicate evidence
1968,conflicting_label_duplicate,related_ids=1752; normalized_key=i pledge allegiance to the p o p e and the burning buildings of epic city,ambiguous,0.95,train,1,,1752,duplicate evidence
1968,exact_duplicate,related_ids=1752; normalized_key=i pledge allegiance to the p o p e and the burning buildings of epic city,keep_but_flag,0.95,train,1,,1752,duplicate evidence
1968,normalized_duplicate,related_ids=1752; normalized_key=i pledge allegiance to the p o p e and the burning buildings of epic city,keep_but_flag,0.95,train,1,,1752,duplicate evidence
1975,near_duplicate,related_id=1981; cosine=0.9710,keep_but_flag,0.971008251039,,0,,1981,character 3-5 gram TF-IDF cosine
1975,normalized_duplicate,"related_ids=1981,1999,2006; normalized_key=ted cruz fires back at jeb amp bush ûïwe lose because of republicans like jeb amp mitt û video url",keep_but_flag,0.95,train,0,,"1981,1999,2006",duplicate evidence
1980,normalized_duplicate,related_ids=1995; normalized_key=drought fuels bush fires in jamaica url url user user re url,keep_but_flag,0.95,train,1,,1995,duplicate evidence
1981,normalized_duplicate,"related_ids=1975,1999,2006; normalized_key=ted cruz fires back at jeb amp bush ûïwe lose because of republicans like jeb amp mitt û video url",keep_but_flag,0.95,heldout,0,,"1975,1999,2006",duplicate evidence
1995,normalized_duplicate,related_ids=1980; normalized_key=drought fuels bush fires in jamaica url url user user re url,keep_but_flag,0.95,train,1,,1980,duplicate evidence
1999,normalized_duplicate,"related_ids=1975,1981,2006; normalized_key=ted cruz fires back at jeb amp bush ûïwe lose because of republicans like jeb amp mitt û video url",keep_but_flag,0.95,heldout,0,,"1975,1981,2006",duplicate evidence
2006,normalized_duplicate,"related_ids=1975,1981,1999; normalized_key=ted cruz fires back at jeb amp bush ûïwe lose because of republicans like jeb amp mitt û video url",keep_but_flag,0.95,train,0,,"1975,1981,1999",duplicate evidence
2049,normalized_duplicate,related_ids=2057; normalized_key=afghanistan sharp rise in women and children casualties in first half of 2015 url,keep_but_flag,0.95,train,1,,2057,duplicate evidence
2057,normalized_duplicate,related_ids=2049; normalized_key=afghanistan sharp rise in women and children casualties in first half of 2015 url,keep_but_flag,0.95,train,1,,2049,duplicate evidence
2109,high_confidence_fn,model_score=0.1217; text=.@robdelaney Catastrophe is anything but! I literally have been unable to stop ejaculating.,ambiguous,0.878278033357,heldout,1,,,model disagreement is not label proof
2134,high_confidence_fp,model_score=0.8020; text=#spark #song Ultimate #preparedness library: http://t.co/VsGqoLr32g Prepare Yourself For Any Catastrophe. Over http://t.co/p7UhcB13Qx,ambiguous,0.80195029289,heldout,0,,,model disagreement is not label proof
2164,normalized_duplicate,"related_ids=2169,2171,2174,2179,2190,2192; normalized_key=the catastrophic effects of hiroshima and nagasaki atomic bombings still being felt today url",keep_but_flag,0.95,dev,1,,"2169,2171,2174,2179,2190,2192",duplicate evidence
2169,normalized_duplicate,"related_ids=2164,2171,2174,2179,2190,2192; normalized_key=the catastrophic effects of hiroshima and nagasaki atomic bombings still being felt today url",keep_but_flag,0.95,train,1,,"2164,2171,2174,2179,2190,2192",duplicate evidence
2171,normalized_duplicate,"related_ids=2164,2169,2174,2179,2190,2192; normalized_key=the catastrophic effects of hiroshima and nagasaki atomic bombings still being felt today url",keep_but_flag,0.95,train,1,,"2164,2169,2174,2179,2190,2192",duplicate evidence
2173,normalized_duplicate,related_ids=2189; normalized_key=learning from the legacy of a catastrophic eruption url via user,keep_but_flag,0.95,train,1,,2189,duplicate evidence
2174,normalized_duplicate,"related_ids=2164,2169,2171,2179,2190,2192; normalized_key=the catastrophic effects of hiroshima and nagasaki atomic bombings still being felt today url",keep_but_flag,0.95,train,1,,"2164,2169,2171,2179,2190,2192",duplicate evidence
2179,normalized_duplicate,"related_ids=2164,2169,2171,2174,2190,2192; normalized_key=the catastrophic effects of hiroshima and nagasaki atomic bombings still being felt today url",keep_but_flag,0.95,dev,1,,"2164,2169,2171,2174,2190,2192",duplicate evidence
2188,normalized_duplicate,"related_ids=2193,2198; normalized_key=learning from the legacy of a catastrophic eruption the new yorker url",keep_but_flag,0.95,heldout,1,,"2193,2198",duplicate evidence
2189,normalized_duplicate,related_ids=2173; normalized_key=learning from the legacy of a catastrophic eruption url via user,keep_but_flag,0.95,heldout,1,,2173,duplicate evidence
2190,normalized_duplicate,"related_ids=2164,2169,2171,2174,2179,2192; normalized_key=the catastrophic effects of hiroshima and nagasaki atomic bombings still being felt today url",keep_but_flag,0.95,heldout,1,,"2164,2169,2171,2174,2179,2192",duplicate evidence
2192,normalized_duplicate,"related_ids=2164,2169,2171,2174,2179,2190; normalized_key=the catastrophic effects of hiroshima and nagasaki atomic bombings still being felt today url",keep_but_flag,0.95,heldout,1,,"2164,2169,2171,2174,2179,2190",duplicate evidence
2193,normalized_duplicate,"related_ids=2188,2198; normalized_key=learning from the legacy of a catastrophic eruption the new yorker url",keep_but_flag,0.95,dev,1,,"2188,2198",duplicate evidence
2198,normalized_duplicate,"related_ids=2188,2193; normalized_key=learning from the legacy of a catastrophic eruption the new yorker url",keep_but_flag,0.95,dev,1,,"2188,2193",duplicate evidence
2210,normalized_duplicate,related_ids=2216; normalized_key=the chemical brothers to play the armory in sf tomorrow night emergency bay area edm announcement ûò,keep_but_flag,0.95,heldout,0,,2216,duplicate evidence
2216,normalized_duplicate,related_ids=2210; normalized_key=the chemical brothers to play the armory in sf tomorrow night emergency bay area edm announcement ûò,keep_but_flag,0.95,train,0,,2210,duplicate evidence
2229,near_duplicate,related_id=2237; cosine=0.9845,keep_but_flag,0.984465947865,,0,,2237,character 3-5 gram TF-IDF cosine
2229,normalized_duplicate,related_ids=2240; normalized_key=downtown emergency service center is hiring chemical dependency counselor or intern in seattle apply,keep_but_flag,0.95,train,0,,2240,duplicate evidence
2233,normalized_duplicate,related_ids=2238; normalized_key=emergency units simulate a chemical explosion at nu suppose a student in the research labs at northw,keep_but_flag,0.95,train,1,,2238,duplicate evidence
2238,normalized_duplicate,related_ids=2233; normalized_key=emergency units simulate a chemical explosion at nu suppose a student in the research labs at northw,keep_but_flag,0.95,train,1,,2233,duplicate evidence
2240,normalized_duplicate,related_ids=2229; normalized_key=downtown emergency service center is hiring chemical dependency counselor or intern in seattle apply,keep_but_flag,0.95,train,0,,2229,duplicate evidence
2271,normalized_duplicate,related_ids=2285; normalized_key=photographer brian ruebs endures 4500 feet climb to capture bride and groom url,keep_but_flag,0.95,train,0,,2285,duplicate evidence
2285,normalized_duplicate,related_ids=2271; normalized_key=photographer brian ruebs endures 4500 feet climb to capture bride and groom url,keep_but_flag,0.95,train,0,,2271,duplicate evidence
2301,high_confidence_fp,model_score=0.9238; text=ESN : Cilla Black died of stroke after fall in Spain: Sir Cliff revealed he was due to visit her in Spain nextÛ_ http://t.co/F7a66dIiYK,ambiguous,0.923801736782,heldout,0,,,model disagreement is not label proof
2332,normalized_duplicate,related_ids=2337; normalized_key=correction tent collapse story url,keep_but_flag,0.95,train,1,,2337,duplicate evidence
2337,normalized_duplicate,related_ids=2332; normalized_key=correction tent collapse story url,keep_but_flag,0.95,train,1,,2332,duplicate evidence
2346,exact_duplicate,related_ids=1689; normalized_key=warne shocked over australia s epic collapse at trent bridge johannesburg aug 06 ani legendary austr,keep_but_flag,0.95,dev,1,,1689,duplicate evidence
2346,normalized_duplicate,related_ids=1689; normalized_key=warne shocked over australia s epic collapse at trent bridge johannesburg aug 06 ani legendary austr,keep_but_flag,0.95,dev,1,,1689,duplicate evidence
2379,conflicting_label_duplicate,"related_ids=2385,2400; normalized_key=petition heartless owner that whipped horse until it collapsed is told he can keep his animal act no",ambiguous,0.95,train,0,,"2385,2400",duplicate evidence
2379,normalized_duplicate,"related_ids=2385,2400; normalized_key=petition heartless owner that whipped horse until it collapsed is told he can keep his animal act no",keep_but_flag,0.95,train,0,,"2385,2400",duplicate evidence
2385,conflicting_label_duplicate,"related_ids=2379,2400; normalized_key=petition heartless owner that whipped horse until it collapsed is told he can keep his animal act no",ambiguous,0.95,heldout,0,,"2379,2400",duplicate evidence
2385,normalized_duplicate,"related_ids=2379,2400; normalized_key=petition heartless owner that whipped horse until it collapsed is told he can keep his animal act no",keep_but_flag,0.95,heldout,0,,"2379,2400",duplicate evidence
2396,high_confidence_fn,model_score=0.0603; text=@flickershowell oh wow my heart collapsed cool im crying cool cool,ambiguous,0.93966634768,heldout,1,,,model disagreement is not label proof
2400,conflicting_label_duplicate,"related_ids=2379,2385; normalized_key=petition heartless owner that whipped horse until it collapsed is told he can keep his animal act no",ambiguous,0.95,heldout,1,,"2379,2385",duplicate evidence
2400,high_confidence_fn,model_score=0.0723; text=Petition | Heartless owner that whipped horse until it collapsed is told he can KEEP his animal! Act Now! http://t.co/87eFCBIczM,ambiguous,0.927699854379,heldout,1,,,model disagreement is not label proof
2400,normalized_duplicate,"related_ids=2379,2385; normalized_key=petition heartless owner that whipped horse until it collapsed is told he can keep his animal act no",keep_but_flag,0.95,heldout,1,,"2379,2385",duplicate evidence
2458,exact_duplicate,related_ids=10872; normalized_key=police investigating after an e bike collided with a car in little portugal e bike rider suffered se,keep_but_flag,0.95,train,1,,10872,duplicate evidence
2458,normalized_duplicate,related_ids=10872; normalized_key=police investigating after an e bike collided with a car in little portugal e bike rider suffered se,keep_but_flag,0.95,train,1,,10872,duplicate evidence
2459,exact_duplicate,related_ids=2488; normalized_key=newswatch 2 vehicles collided at lock and lansdowne sts in ptbo emerg crews on their way,keep_but_flag,0.95,train,1,,2488,duplicate evidence
2459,normalized_duplicate,related_ids=2488; normalized_key=newswatch 2 vehicles collided at lock and lansdowne sts in ptbo emerg crews on their way,keep_but_flag,0.95,train,1,,2488,duplicate evidence
2480,normalized_duplicate,related_ids=2497; normalized_key=16 dead in russia bus accident at least 16 people were killed and 26 others injured when two buses c,keep_but_flag,0.95,train,1,,2497,duplicate evidence
2488,exact_duplicate,related_ids=2459; normalized_key=newswatch 2 vehicles collided at lock and lansdowne sts in ptbo emerg crews on their way,keep_but_flag,0.95,train,1,,2459,duplicate evidence
2488,normalized_duplicate,related_ids=2459; normalized_key=newswatch 2 vehicles collided at lock and lansdowne sts in ptbo emerg crews on their way,keep_but_flag,0.95,train,1,,2459,duplicate evidence
2497,normalized_duplicate,related_ids=2480; normalized_key=16 dead in russia bus accident at least 16 people were killed and 26 others injured when two buses c,keep_but_flag,0.95,train,1,,2480,duplicate evidence
2504,normalized_duplicate,"related_ids=2515,2517; normalized_key=motorcyclist bicyclist injured in denver collision on broadway at least two people were taken to a l",keep_but_flag,0.95,train,1,,"2515,2517",duplicate evidence
2515,normalized_duplicate,"related_ids=2504,2517; normalized_key=motorcyclist bicyclist injured in denver collision on broadway at least two people were taken to a l",keep_but_flag,0.95,train,1,,"2504,2517",duplicate evidence
2517,normalized_duplicate,"related_ids=2504,2515; normalized_key=motorcyclist bicyclist injured in denver collision on broadway at least two people were taken to a l",keep_but_flag,0.95,train,1,,"2504,2515",duplicate evidence
2534,normalized_duplicate,related_ids=2546; normalized_key=motorcyclist bicyclist injured in denver collision on broadway url,keep_but_flag,0.95,train,1,,2546,duplicate evidence
2544,exact_duplicate,related_ids=6543; normalized_key=traffic collision no injury i5 s at i5 s 43rd ave offramp south sac url,keep_but_flag,0.95,train,1,,6543,duplicate evidence
2544,normalized_duplicate,related_ids=6543; normalized_key=traffic collision no injury i5 s at i5 s 43rd ave offramp south sac url,keep_but_flag,0.95,train,1,,6543,duplicate evidence
2546,normalized_duplicate,related_ids=2534; normalized_key=motorcyclist bicyclist injured in denver collision on broadway url,keep_but_flag,0.95,heldout,1,,2534,duplicate evidence
2611,high_confidence_fn,model_score=0.1938; text=@brianroemmele UX fail of EMV - people want to insert and remove quickly like a gas pump stripe reader. 1 person told me it crashed the POS,ambiguous,0.806210686115,heldout,1,,,model disagreement is not label proof
2619,high_confidence_fn,model_score=0.1135; text=My iPod crashed..... #WeLoveYouLouis #MTVHottest One Direction,ambiguous,0.88648608069,heldout,1,,,model disagreement is not label proof
2675,high_confidence_fn,model_score=0.0795; text=Ron &amp; Fez - Dave's High School Crush https://t.co/aN3W16c8F6 via @YouTube,ambiguous,0.920511523727,heldout,1,,,model disagreement is not label proof
2726,normalized_duplicate,related_ids=2733; normalized_key=wrapup 2 u s cable tv companies shares crushed after disney disappoints url,keep_but_flag,0.95,train,0,,2733,duplicate evidence
2733,normalized_duplicate,related_ids=2726; normalized_key=wrapup 2 u s cable tv companies shares crushed after disney disappoints url,keep_but_flag,0.95,dev,0,,2726,duplicate evidence
2767,near_duplicate,related_id=2792; cosine=0.9684,keep_but_flag,0.968386642175,,0,,2792,character 3-5 gram TF-IDF cosine
2819,normalized_duplicate,related_ids=2831; normalized_key=bbc forced to retract false claims about cyclone pam url via user,keep_but_flag,0.95,dev,1,,2831,duplicate evidence
2831,normalized_duplicate,related_ids=2819; normalized_key=bbc forced to retract false claims about cyclone pam url via user,keep_but_flag,0.95,dev,1,,2819,duplicate evidence
2844,high_confidence_fp,model_score=0.8935; text=Some drugs and alcohol in Jackson Vroman house. http://t.co/5OQhQ8QUQV,ambiguous,0.893483465265,heldout,0,,,model disagreement is not label proof
2871,high_confidence_fn,model_score=0.0616; text=@Drothvader @CM_Nevalistis you can keep this please!!!!! Arachys [2 Pieces] - Now deals 4000% weapon damage (up from 2500%),ambiguous,0.938398528049,heldout,1,,,model disagreement is not label proof
2872,high_confidence_fp,model_score=0.8495; text='Mages of Fairy Tail.. Specialize in property damage!' - Natsu Dragneel,ambiguous,0.849472119348,heldout,0,,,model disagreement is not label proof
2910,normalized_duplicate,"related_ids=2912,2933; normalized_key=user user check out this rockin preview of user danger zone coming soon url artistsunited",keep_but_flag,0.95,train,0,,"2912,2933",duplicate evidence
2912,normalized_duplicate,"related_ids=2910,2933; normalized_key=user user check out this rockin preview of user danger zone coming soon url artistsunited",keep_but_flag,0.95,train,0,,"2910,2933",duplicate evidence
2913,high_confidence_fn,model_score=0.0713; text=What is this? Like I could be in danger or something,ambiguous,0.928685488196,heldout,1,,,model disagreement is not label proof
2921,conflicting_label_duplicate,"related_ids=2929,2935,2936; normalized_key=user fettilootch is slanglucci oppressions greatest danger coming soon the album url",ambiguous,0.95,train,0,,"2929,2935,2936",duplicate evidence
2921,normalized_duplicate,"related_ids=2929,2935,2936; normalized_key=user fettilootch is slanglucci oppressions greatest danger coming soon the album url",keep_but_flag,0.95,train,0,,"2929,2935,2936",duplicate evidence
2929,conflicting_label_duplicate,"related_ids=2921,2935,2936; normalized_key=user fettilootch is slanglucci oppressions greatest danger coming soon the album url",ambiguous,0.95,train,1,,"2921,2935,2936",duplicate evidence
2929,normalized_duplicate,"related_ids=2921,2935,2936; normalized_key=user fettilootch is slanglucci oppressions greatest danger coming soon the album url",keep_but_flag,0.95,train,1,,"2921,2935,2936",duplicate evidence
2933,normalized_duplicate,"related_ids=2910,2912; normalized_key=user user check out this rockin preview of user danger zone coming soon url artistsunited",keep_but_flag,0.95,train,0,,"2910,2912",duplicate evidence
2935,conflicting_label_duplicate,"related_ids=2921,2929,2936; normalized_key=user fettilootch is slanglucci oppressions greatest danger coming soon the album url",ambiguous,0.95,train,0,,"2921,2929,2936",duplicate evidence
2935,normalized_duplicate,"related_ids=2921,2929,2936; normalized_key=user fettilootch is slanglucci oppressions greatest danger coming soon the album url",keep_but_flag,0.95,train,0,,"2921,2929,2936",duplicate evidence
2936,conflicting_label_duplicate,"related_ids=2921,2929,2935; normalized_key=user fettilootch is slanglucci oppressions greatest danger coming soon the album url",ambiguous,0.95,dev,0,,"2921,2929,2935",duplicate evidence
2936,normalized_duplicate,"related_ids=2921,2929,2935; normalized_key=user fettilootch is slanglucci oppressions greatest danger coming soon the album url",keep_but_flag,0.95,dev,0,,"2921,2929,2935",duplicate evidence
2950,high_confidence_fn,model_score=0.1057; text=Honestly tho Modibo Maiga is stealing a living - fuck all about him - im past my best but still more of a danger than that fucktard #coyi,ambiguous,0.894325789339,heldout,1,,,model disagreement is not label proof
2991,normalized_duplicate,"related_ids=10075,10107; normalized_key=typhoon soudelor taking dead aim at taiwan url",keep_but_flag,0.95,train,1,,"10075,10107",duplicate evidence
3005,high_confidence_fn,model_score=0.0809; text=Until my death I'll forever rep the Jets.,ambiguous,0.919139922761,heldout,1,,,model disagreement is not label proof
3025,normalized_duplicate,related_ids=3030; normalized_key=url user user katherine s death,keep_but_flag,0.95,train,0,,3030,duplicate evidence
3030,normalized_duplicate,related_ids=3025; normalized_key=url user user katherine s death,keep_but_flag,0.95,dev,0,,3025,duplicate evidence
3044,high_confidence_fp,model_score=0.8219; text=Afghan peace talks in doubt after Mullah Omar's death - Financial Times | #Mullah,ambiguous,0.821867090671,heldout,0,,,model disagreement is not label proof
3068,high_confidence_fp,model_score=0.8980; text=Hear @DrFriedenCDC talk on how to avoid thousands of resistant infections/deaths in next 5 yrs: http://t.co/niV8x5Tbe0 #AdiosSuperBacterias,ambiguous,0.897986059684,heldout,0,,,model disagreement is not label proof
3070,high_confidence_fp,model_score=0.8462; text=Irony just died a thousand deaths! ???? http://t.co/dBU30ObDxz,ambiguous,0.846195663477,heldout,0,,,model disagreement is not label proof
3086,normalized_duplicate,related_ids=3093; normalized_key=cancers equate for around 25 of all deaths in blackpool kowing the signs could save your life url be,keep_but_flag,0.95,heldout,1,,3093,duplicate evidence
3093,normalized_duplicate,related_ids=3086; normalized_key=cancers equate for around 25 of all deaths in blackpool kowing the signs could save your life url be,keep_but_flag,0.95,train,1,,3086,duplicate evidence
3106,normalized_duplicate,"related_ids=3109,3112,3118,3126,10852; normalized_key=mh370 aircraft debris found on la reunion is from missing malaysia airlines url",keep_but_flag,0.95,train,1,,"3109,3112,3118,3126,10852",duplicate evidence
3109,normalized_duplicate,"related_ids=3106,3112,3118,3126,10852; normalized_key=mh370 aircraft debris found on la reunion is from missing malaysia airlines url",keep_but_flag,0.95,train,1,,"3106,3112,3118,3126,10852",duplicate evidence
3111,normalized_duplicate,related_ids=3137; normalized_key=malaysia confirms plane debris washed up on reunion island is from flight mh370 url,keep_but_flag,0.95,train,1,,3137,duplicate evidence
3112,normalized_duplicate,"related_ids=3106,3109,3118,3126,10852; normalized_key=mh370 aircraft debris found on la reunion is from missing malaysia airlines url",keep_but_flag,0.95,train,1,,"3106,3109,3118,3126,10852",duplicate evidence
3115,normalized_duplicate,related_ids=3116; normalized_key=rì union debris is almost surely from flight 370 officials say new york times url,keep_but_flag,0.95,heldout,1,,3116,duplicate evidence
3116,normalized_duplicate,related_ids=3115; normalized_key=rì union debris is almost surely from flight 370 officials say new york times url,keep_but_flag,0.95,dev,1,,3115,duplicate evidence
3118,normalized_duplicate,"related_ids=3106,3109,3112,3126,10852; normalized_key=mh370 aircraft debris found on la reunion is from missing malaysia airlines url",keep_but_flag,0.95,train,1,,"3106,3109,3112,3126,10852",duplicate evidence
3126,normalized_duplicate,"related_ids=3106,3109,3112,3118,10852; normalized_key=mh370 aircraft debris found on la reunion is from missing malaysia airlines url",keep_but_flag,0.95,train,1,,"3106,3109,3112,3118,10852",duplicate evidence
3137,normalized_duplicate,related_ids=3111; normalized_key=malaysia confirms plane debris washed up on reunion island is from flight mh370 url,keep_but_flag,0.95,train,1,,3111,duplicate evidence
3197,high_confidence_fp,model_score=0.8627; text=What's missing in the #asae15 exhibitor emails? Value. http://t.co/r8cepRqxlE #assnchat,ambiguous,0.862727375002,heldout,0,,,model disagreement is not label proof
3221,conflicting_label_duplicate,related_ids=3227; normalized_key=why are you deluged with low self image take the quiz url url,ambiguous,0.95,train,1,,3227,duplicate evidence
3221,normalized_duplicate,related_ids=3227; normalized_key=why are you deluged with low self image take the quiz url url,keep_but_flag,0.95,train,1,,3227,duplicate evidence
3227,conflicting_label_duplicate,related_ids=3221; normalized_key=why are you deluged with low self image take the quiz url url,ambiguous,0.95,train,0,,3221,duplicate evidence
3227,normalized_duplicate,related_ids=3221; normalized_key=why are you deluged with low self image take the quiz url url,keep_but_flag,0.95,train,0,,3221,duplicate evidence
3240,high_confidence_fn,model_score=0.0337; text=Businesses are deluged with invoices. Make yours stand out with colour or shape and it's likely to rise to the top of t e pay' pileq,ambiguous,0.966347082676,heldout,1,,,model disagreement is not label proof
3255,conflicting_label_duplicate,"related_ids=3266,3270; normalized_key=enugu government to demolish illegal structures at international conference centre url",ambiguous,0.95,train,0,,"3266,3270",duplicate evidence
3255,normalized_duplicate,"related_ids=3266,3270; normalized_key=enugu government to demolish illegal structures at international conference centre url",keep_but_flag,0.95,train,0,,"3266,3270",duplicate evidence
3266,conflicting_label_duplicate,"related_ids=3255,3270; normalized_key=enugu government to demolish illegal structures at international conference centre url",ambiguous,0.95,dev,0,,"3255,3270",duplicate evidence
3266,normalized_duplicate,"related_ids=3255,3270; normalized_key=enugu government to demolish illegal structures at international conference centre url",keep_but_flag,0.95,dev,0,,"3255,3270",duplicate evidence
3270,conflicting_label_duplicate,"related_ids=3255,3266; normalized_key=enugu government to demolish illegal structures at international conference centre url",ambiguous,0.95,heldout,1,,"3255,3266",duplicate evidence
3270,high_confidence_fn,model_score=0.0820; text=Enugu Government to demolish illegal structures at International Conference Centre http://t.co/ouYLwuIXcs,ambiguous,0.917975171097,heldout,1,,,model disagreement is not label proof
3270,normalized_duplicate,"related_ids=3255,3266; normalized_key=enugu government to demolish illegal structures at international conference centre url",keep_but_flag,0.95,heldout,1,,"3255,3266",duplicate evidence
3322,normalized_duplicate,"related_ids=3329,3339; normalized_key=it was finally demolished in the spring of 2013 and the property has sat vacant since the just û_ sa",keep_but_flag,0.95,heldout,0,,"3329,3339",duplicate evidence
3329,normalized_duplicate,"related_ids=3322,3339; normalized_key=it was finally demolished in the spring of 2013 and the property has sat vacant since the just û_ sa",keep_but_flag,0.95,heldout,0,,"3322,3339",duplicate evidence
3339,normalized_duplicate,"related_ids=3322,3329; normalized_key=it was finally demolished in the spring of 2013 and the property has sat vacant since the just û_ sa",keep_but_flag,0.95,train,0,,"3322,3329",duplicate evidence
3373,exact_duplicate,related_ids=3387; normalized_key=general news û åê demolition of houses on waterways begins at achimota mile 7 via user full story at,keep_but_flag,0.95,train,0,,3387,duplicate evidence
3373,normalized_duplicate,related_ids=3387; normalized_key=general news û åê demolition of houses on waterways begins at achimota mile 7 via user full story at,keep_but_flag,0.95,train,0,,3387,duplicate evidence
3387,exact_duplicate,related_ids=3373; normalized_key=general news û åê demolition of houses on waterways begins at achimota mile 7 via user full story at,keep_but_flag,0.95,train,0,,3373,duplicate evidence
3387,normalized_duplicate,related_ids=3373; normalized_key=general news û åê demolition of houses on waterways begins at achimota mile 7 via user full story at,keep_but_flag,0.95,train,0,,3373,duplicate evidence
3403,conflicting_label_duplicate,"related_ids=3406,3414,3421,3425,3445; normalized_key=user gm i pray any attack of the enemy 2 derail ur destiny is blocked by the lord amp that he floods",ambiguous,0.95,dev,0,,"3406,3414,3421,3425,3445",duplicate evidence
3403,normalized_duplicate,"related_ids=3406,3414,3421,3425,3445; normalized_key=user gm i pray any attack of the enemy 2 derail ur destiny is blocked by the lord amp that he floods",keep_but_flag,0.95,dev,0,,"3406,3414,3421,3425,3445",duplicate evidence
3406,conflicting_label_duplicate,"related_ids=3403,3414,3421,3425,3445; normalized_key=user gm i pray any attack of the enemy 2 derail ur destiny is blocked by the lord amp that he floods",ambiguous,0.95,dev,0,,"3403,3414,3421,3425,3445",duplicate evidence
3406,normalized_duplicate,"related_ids=3403,3414,3421,3425,3445; normalized_key=user gm i pray any attack of the enemy 2 derail ur destiny is blocked by the lord amp that he floods",keep_but_flag,0.95,dev,0,,"3403,3414,3421,3425,3445",duplicate evidence
3412,normalized_duplicate,"related_ids=3417,3431; normalized_key=bbc news india rail crash trains derail in madhya pradesh flash flood url",keep_but_flag,0.95,train,1,,"3417,3431",duplicate evidence
3414,conflicting_label_duplicate,"related_ids=3403,3406,3421,3425,3445; normalized_key=user gm i pray any attack of the enemy 2 derail ur destiny is blocked by the lord amp that he floods",ambiguous,0.95,train,1,,"3403,3406,3421,3425,3445",duplicate evidence
3414,normalized_duplicate,"related_ids=3403,3406,3421,3425,3445; normalized_key=user gm i pray any attack of the enemy 2 derail ur destiny is blocked by the lord amp that he floods",keep_but_flag,0.95,train,1,,"3403,3406,3421,3425,3445",duplicate evidence
3415,normalized_duplicate,related_ids=3437; normalized_key=24 killed in two simultaneous rail crash as acute floods derail the two trains india mumbai url,keep_but_flag,0.95,train,1,,3437,duplicate evidence
3417,normalized_duplicate,"related_ids=3412,3431; normalized_key=bbc news india rail crash trains derail in madhya pradesh flash flood url",keep_but_flag,0.95,dev,1,,"3412,3431",duplicate evidence
3421,conflicting_label_duplicate,"related_ids=3403,3406,3414,3425,3445; normalized_key=user gm i pray any attack of the enemy 2 derail ur destiny is blocked by the lord amp that he floods",ambiguous,0.95,train,0,,"3403,3406,3414,3425,3445",duplicate evidence
3421,normalized_duplicate,"related_ids=3403,3406,3414,3425,3445; normalized_key=user gm i pray any attack of the enemy 2 derail ur destiny is blocked by the lord amp that he floods",keep_but_flag,0.95,train,0,,"3403,3406,3414,3425,3445",duplicate evidence
3425,conflicting_label_duplicate,"related_ids=3403,3406,3414,3421,3445; normalized_key=user gm i pray any attack of the enemy 2 derail ur destiny is blocked by the lord amp that he floods",ambiguous,0.95,dev,0,,"3403,3406,3414,3421,3445",duplicate evidence
3425,normalized_duplicate,"related_ids=3403,3406,3414,3421,3445; normalized_key=user gm i pray any attack of the enemy 2 derail ur destiny is blocked by the lord amp that he floods",keep_but_flag,0.95,dev,0,,"3403,3406,3414,3421,3445",duplicate evidence
3431,normalized_duplicate,"related_ids=3412,3417; normalized_key=bbc news india rail crash trains derail in madhya pradesh flash flood url",keep_but_flag,0.95,train,1,,"3412,3417",duplicate evidence
3437,normalized_duplicate,related_ids=3415; normalized_key=24 killed in two simultaneous rail crash as acute floods derail the two trains india mumbai url,keep_but_flag,0.95,train,1,,3415,duplicate evidence
3445,conflicting_label_duplicate,"related_ids=3403,3406,3414,3421,3425; normalized_key=user gm i pray any attack of the enemy 2 derail ur destiny is blocked by the lord amp that he floods",ambiguous,0.95,dev,0,,"3403,3406,3414,3421,3425",duplicate evidence
3445,normalized_duplicate,"related_ids=3403,3406,3414,3421,3425; normalized_key=user gm i pray any attack of the enemy 2 derail ur destiny is blocked by the lord amp that he floods",keep_but_flag,0.95,dev,0,,"3403,3406,3414,3421,3425",duplicate evidence
3481,high_confidence_fp,model_score=0.8043; text=Oh wait I expected to go a totally different route in LS that was derailed by another barely passing grade in a required course. Super.,ambiguous,0.804343438365,heldout,0,,,model disagreement is not label proof
3503,exact_duplicate,"related_ids=3505,3517,3522,3552; normalized_key=madhya pradesh train derailment village youth saved many lives",keep_but_flag,0.95,heldout,1,,"3505,3517,3522,3552",duplicate evidence
3503,normalized_duplicate,"related_ids=3505,3517,3522,3552; normalized_key=madhya pradesh train derailment village youth saved many lives",keep_but_flag,0.95,heldout,1,,"3505,3517,3522,3552",duplicate evidence
3505,exact_duplicate,"related_ids=3503,3517,3522,3552; normalized_key=madhya pradesh train derailment village youth saved many lives",keep_but_flag,0.95,heldout,1,,"3503,3517,3522,3552",duplicate evidence
3505,normalized_duplicate,"related_ids=3503,3517,3522,3552; normalized_key=madhya pradesh train derailment village youth saved many lives",keep_but_flag,0.95,heldout,1,,"3503,3517,3522,3552",duplicate evidence
3514,normalized_duplicate,related_ids=3549; normalized_key=consent order on cleanup underway at csx derailment site knoxville news sentinel url url,keep_but_flag,0.95,train,1,,3549,duplicate evidence
3517,exact_duplicate,"related_ids=3503,3505,3522,3552; normalized_key=madhya pradesh train derailment village youth saved many lives",keep_but_flag,0.95,heldout,1,,"3503,3505,3522,3552",duplicate evidence
3517,normalized_duplicate,"related_ids=3503,3505,3522,3552; normalized_key=madhya pradesh train derailment village youth saved many lives",keep_but_flag,0.95,heldout,1,,"3503,3505,3522,3552",duplicate evidence
3518,exact_duplicate,"related_ids=3520,3524; normalized_key=madhya pradesh train derailment village youth saved many lives a group of villagers saved over 70 pa",keep_but_flag,0.95,train,1,,"3520,3524",duplicate evidence
3518,near_duplicate,related_id=3524; cosine=1.0000,keep_but_flag,1,,1,,3524,character 3-5 gram TF-IDF cosine
3518,normalized_duplicate,"related_ids=3520,3524; normalized_key=madhya pradesh train derailment village youth saved many lives a group of villagers saved over 70 pa",keep_but_flag,0.95,train,1,,"3520,3524",duplicate evidence
3520,exact_duplicate,"related_ids=3518,3524; normalized_key=madhya pradesh train derailment village youth saved many lives a group of villagers saved over 70 pa",keep_but_flag,0.95,train,1,,"3518,3524",duplicate evidence
3520,near_duplicate,related_id=3524; cosine=1.0000,keep_but_flag,1,,1,,3524,character 3-5 gram TF-IDF cosine
3520,normalized_duplicate,"related_ids=3518,3524; normalized_key=madhya pradesh train derailment village youth saved many lives a group of villagers saved over 70 pa",keep_but_flag,0.95,train,1,,"3518,3524",duplicate evidence
3522,exact_duplicate,"related_ids=3503,3505,3517,3552; normalized_key=madhya pradesh train derailment village youth saved many lives",keep_but_flag,0.95,train,1,,"3503,3505,3517,3552",duplicate evidence
3522,normalized_duplicate,"related_ids=3503,3505,3517,3552; normalized_key=madhya pradesh train derailment village youth saved many lives",keep_but_flag,0.95,train,1,,"3503,3505,3517,3552",duplicate evidence
3524,exact_duplicate,"related_ids=3518,3520; normalized_key=madhya pradesh train derailment village youth saved many lives a group of villagers saved over 70 pa",keep_but_flag,0.95,dev,1,,"3518,3520",duplicate evidence
3524,normalized_duplicate,"related_ids=3518,3520; normalized_key=madhya pradesh train derailment village youth saved many lives a group of villagers saved over 70 pa",keep_but_flag,0.95,dev,1,,"3518,3520",duplicate evidence
3525,high_confidence_fn,model_score=0.0355; text=@Raishimi33 :) well I think that sounds like a fine plan where little derailment is possible so I applaud you :),ambiguous,0.964474033404,heldout,1,,,model disagreement is not label proof
3527,normalized_duplicate,related_ids=3534; normalized_key=latest trains derailment it s the freakiest of freak accidents the indian express the indi url india,keep_but_flag,0.95,heldout,1,,3534,duplicate evidence
3529,normalized_duplicate,related_ids=3536; normalized_key=trains derailment it s the freakiest of freak accidents the indian express url,keep_but_flag,0.95,train,1,,3536,duplicate evidence
3534,normalized_duplicate,related_ids=3527; normalized_key=latest trains derailment it s the freakiest of freak accidents the indian express the indi url india,keep_but_flag,0.95,train,1,,3527,duplicate evidence
3536,normalized_duplicate,related_ids=3529; normalized_key=trains derailment it s the freakiest of freak accidents the indian express url,keep_but_flag,0.95,train,1,,3529,duplicate evidence
3549,normalized_duplicate,related_ids=3514; normalized_key=consent order on cleanup underway at csx derailment site knoxville news sentinel url url,keep_but_flag,0.95,train,1,,3514,duplicate evidence
3552,exact_duplicate,"related_ids=3503,3505,3517,3522; normalized_key=madhya pradesh train derailment village youth saved many lives",keep_but_flag,0.95,train,1,,"3503,3505,3517,3522",duplicate evidence
3552,normalized_duplicate,"related_ids=3503,3505,3517,3522; normalized_key=madhya pradesh train derailment village youth saved many lives",keep_but_flag,0.95,train,1,,"3503,3505,3517,3522",duplicate evidence
3582,conflicting_label_duplicate,related_ids=3589; normalized_key=user ty for the follow go to url brutally abused desolate amp lost her lovely mum dies is it murder,ambiguous,0.95,train,1,,3589,duplicate evidence
3582,normalized_duplicate,related_ids=3589; normalized_key=user ty for the follow go to url brutally abused desolate amp lost her lovely mum dies is it murder,keep_but_flag,0.95,train,1,,3589,duplicate evidence
3583,near_duplicate,related_id=3588; cosine=0.9645,keep_but_flag,0.964545053685,,0,,3588,character 3-5 gram TF-IDF cosine
3589,conflicting_label_duplicate,related_ids=3582; normalized_key=user ty for the follow go to url brutally abused desolate amp lost her lovely mum dies is it murder,ambiguous,0.95,dev,0,,3582,duplicate evidence
3589,normalized_duplicate,related_ids=3582; normalized_key=user ty for the follow go to url brutally abused desolate amp lost her lovely mum dies is it murder,keep_but_flag,0.95,dev,0,,3582,duplicate evidence
3607,high_confidence_fn,model_score=0.0396; text=Just came back from camping and returned with a new song which gets recorded tomorrow. Can't wait! #Desolation #TheConspiracyTheory #NewEP,ambiguous,0.960399578799,heldout,1,,,model disagreement is not label proof
3625,high_confidence_fn,model_score=0.0858; text=going to redo my nails and watch behind the scenes of desolation of smaug ayyy,ambiguous,0.914230046749,heldout,1,,,model disagreement is not label proof
3704,near_duplicate,related_id=3738; cosine=0.9607,keep_but_flag,0.960699805446,,0,,3738,character 3-5 gram TF-IDF cosine
3717,normalized_duplicate,related_ids=3736; normalized_key=flood two people dead 60 houses destroyed in kaduna two people have been reportedly killed and 60 ho,keep_but_flag,0.95,dev,1,,3736,duplicate evidence
3718,near_duplicate,related_id=3747; cosine=0.9539,keep_but_flag,0.953943682762,,0,,3747,character 3-5 gram TF-IDF cosine
3719,near_duplicate,related_id=3722; cosine=0.9741,keep_but_flag,0.974078933001,,0,,3722,character 3-5 gram TF-IDF cosine
3736,normalized_duplicate,related_ids=3717; normalized_key=flood two people dead 60 houses destroyed in kaduna two people have been reportedly killed and 60 ho,keep_but_flag,0.95,dev,1,,3717,duplicate evidence
3742,near_duplicate,related_id=3747; cosine=0.9669,keep_but_flag,0.966946684287,,0,,3747,character 3-5 gram TF-IDF cosine
3752,near_duplicate,related_id=3773; cosine=0.9469,keep_but_flag,0.946917119547,,0,,3773,character 3-5 gram TF-IDF cosine
3752,normalized_duplicate,"related_ids=3773,3777; normalized_key=crackdown 3 destruction restricted to multiplayer crackdown 3 impressed earlier this week with a dem",keep_but_flag,0.95,train,0,,"3773,3777",duplicate evidence
3773,normalized_duplicate,"related_ids=3752,3777; normalized_key=crackdown 3 destruction restricted to multiplayer crackdown 3 impressed earlier this week with a dem",keep_but_flag,0.95,train,0,,"3752,3777",duplicate evidence
3777,normalized_duplicate,"related_ids=3752,3773; normalized_key=crackdown 3 destruction restricted to multiplayer crackdown 3 impressed earlier this week with a dem",keep_but_flag,0.95,train,0,,"3752,3773",duplicate evidence
3796,high_confidence_fn,model_score=0.0154; text=So you have a new weapon that can cause un-imaginable destruction.,ambiguous,0.984564815077,heldout,1,,,model disagreement is not label proof
3798,exact_duplicate,"related_ids=3828,3841; normalized_key=user are you another stand user if you are i will have to detonate you with my killer queen",keep_but_flag,0.95,heldout,0,,"3828,3841",duplicate evidence
3798,near_duplicate,related_id=3828; cosine=1.0000,keep_but_flag,1,,0,,3828,character 3-5 gram TF-IDF cosine
3798,normalized_duplicate,"related_ids=3806,3814,3828,3836,3841; normalized_key=user are you another stand user if you are i will have to detonate you with my killer queen",keep_but_flag,0.95,heldout,0,,"3806,3814,3828,3836,3841",duplicate evidence
3806,exact_duplicate,"related_ids=3814,3836; normalized_key=user are you another stand user if you are i will have to detonate you with my killer queen",keep_but_flag,0.95,dev,0,,"3814,3836",duplicate evidence
3806,near_duplicate,related_id=3836; cosine=1.0000,keep_but_flag,1,,0,,3836,character 3-5 gram TF-IDF cosine
3806,normalized_duplicate,"related_ids=3798,3814,3828,3836,3841; normalized_key=user are you another stand user if you are i will have to detonate you with my killer queen",keep_but_flag,0.95,dev,0,,"3798,3814,3828,3836,3841",duplicate evidence
3810,conflicting_label_duplicate,related_ids=3830; normalized_key=detonate feat m o p by apollo brown url,ambiguous,0.95,train,1,,3830,duplicate evidence
3810,normalized_duplicate,related_ids=3830; normalized_key=detonate feat m o p by apollo brown url,keep_but_flag,0.95,train,1,,3830,duplicate evidence
3814,exact_duplicate,"related_ids=3806,3836; normalized_key=user are you another stand user if you are i will have to detonate you with my killer queen",keep_but_flag,0.95,dev,0,,"3806,3836",duplicate evidence
3814,near_duplicate,related_id=3836; cosine=1.0000,keep_but_flag,1,,0,,3836,character 3-5 gram TF-IDF cosine
3814,normalized_duplicate,"related_ids=3798,3806,3828,3836,3841; normalized_key=user are you another stand user if you are i will have to detonate you with my killer queen",keep_but_flag,0.95,dev,0,,"3798,3806,3828,3836,3841",duplicate evidence
3815,normalized_duplicate,related_ids=3821; normalized_key=apollo brown detonate f m o p url,keep_but_flag,0.95,train,0,,3821,duplicate evidence
3821,normalized_duplicate,related_ids=3815; normalized_key=apollo brown detonate f m o p url,keep_but_flag,0.95,train,0,,3815,duplicate evidence
3828,exact_duplicate,"related_ids=3798,3841; normalized_key=user are you another stand user if you are i will have to detonate you with my killer queen",keep_but_flag,0.95,heldout,0,,"3798,3841",duplicate evidence
3828,normalized_duplicate,"related_ids=3798,3806,3814,3836,3841; normalized_key=user are you another stand user if you are i will have to detonate you with my killer queen",keep_but_flag,0.95,heldout,0,,"3798,3806,3814,3836,3841",duplicate evidence
3830,conflicting_label_duplicate,related_ids=3810; normalized_key=detonate feat m o p by apollo brown url,ambiguous,0.95,train,0,,3810,duplicate evidence
3830,normalized_duplicate,related_ids=3810; normalized_key=detonate feat m o p by apollo brown url,keep_but_flag,0.95,train,0,,3810,duplicate evidence
3836,exact_duplicate,"related_ids=3806,3814; normalized_key=user are you another stand user if you are i will have to detonate you with my killer queen",keep_but_flag,0.95,heldout,0,,"3806,3814",duplicate evidence
3836,normalized_duplicate,"related_ids=3798,3806,3814,3828,3841; normalized_key=user are you another stand user if you are i will have to detonate you with my killer queen",keep_but_flag,0.95,heldout,0,,"3798,3806,3814,3828,3841",duplicate evidence
3841,exact_duplicate,"related_ids=3798,3828; normalized_key=user are you another stand user if you are i will have to detonate you with my killer queen",keep_but_flag,0.95,dev,0,,"3798,3828",duplicate evidence
3841,normalized_duplicate,"related_ids=3798,3806,3814,3828,3836; normalized_key=user are you another stand user if you are i will have to detonate you with my killer queen",keep_but_flag,0.95,dev,0,,"3798,3806,3814,3828,3836",duplicate evidence
3853,normalized_duplicate,related_ids=3861; normalized_key=ignition knock detonation sensor senso standard ks94 url url,keep_but_flag,0.95,train,1,,3861,duplicate evidence
3861,normalized_duplicate,related_ids=3853; normalized_key=ignition knock detonation sensor senso standard ks94 url url,keep_but_flag,0.95,heldout,1,,3853,duplicate evidence
3879,conflicting_label_duplicate,"related_ids=3889,3894; normalized_key=detonation fashionable mountaineering electronic watch water resistant couples leisure tab û_ url ur",ambiguous,0.95,heldout,1,,"3889,3894",duplicate evidence
3879,high_confidence_fn,model_score=0.1577; text=Detonation fashionable mountaineering electronic watch water-resistant couples leisure tabÛ_ http://t.co/7dYOgLhMRe http://t.co/HKm3rtD4ZF,ambiguous,0.842260798631,heldout,1,,,model disagreement is not label proof
3879,normalized_duplicate,"related_ids=3889,3894; normalized_key=detonation fashionable mountaineering electronic watch water resistant couples leisure tab û_ url ur",keep_but_flag,0.95,heldout,1,,"3889,3894",duplicate evidence
3889,conflicting_label_duplicate,"related_ids=3879,3894; normalized_key=detonation fashionable mountaineering electronic watch water resistant couples leisure tab û_ url ur",ambiguous,0.95,train,0,,"3879,3894",duplicate evidence
3889,normalized_duplicate,"related_ids=3879,3894; normalized_key=detonation fashionable mountaineering electronic watch water resistant couples leisure tab û_ url ur",keep_but_flag,0.95,train,0,,"3879,3894",duplicate evidence
3894,conflicting_label_duplicate,"related_ids=3879,3889; normalized_key=detonation fashionable mountaineering electronic watch water resistant couples leisure tab û_ url ur",ambiguous,0.95,train,0,,"3879,3889",duplicate evidence
3894,normalized_duplicate,"related_ids=3879,3889; normalized_key=detonation fashionable mountaineering electronic watch water resistant couples leisure tab û_ url ur",keep_but_flag,0.95,train,0,,"3879,3889",duplicate evidence
3901,normalized_duplicate,"related_ids=3911,3914; normalized_key=ûïrichmond coaches were devastated to hear of the death of their second driver mr chance who was sit",keep_but_flag,0.95,train,1,,"3911,3914",duplicate evidence
3905,exact_duplicate,related_ids=10080; normalized_key=losdelsonido obama declares disaster for typhoon devastated saipan obama signs disaster declaration ,keep_but_flag,0.95,heldout,1,,10080,duplicate evidence
3905,normalized_duplicate,related_ids=10080; normalized_key=losdelsonido obama declares disaster for typhoon devastated saipan obama signs disaster declaration ,keep_but_flag,0.95,heldout,1,,10080,duplicate evidence
3908,normalized_duplicate,"related_ids=3913,3916,3919,3947,10064,10067,10069,10073,10081,10082; normalized_key=obama declares disaster for typhoon devastated saipan obama signs disaster declaration for northern ",keep_but_flag,0.95,train,1,,"3913,3916,3919,3947,10064,10067,10069,10073,10081,10082,10084,10106",duplicate evidence
3911,normalized_duplicate,"related_ids=3901,3914; normalized_key=ûïrichmond coaches were devastated to hear of the death of their second driver mr chance who was sit",keep_but_flag,0.95,train,1,,"3901,3914",duplicate evidence
3913,near_duplicate,related_id=10084; cosine=0.9524,keep_but_flag,0.952352411845,,1,,10084,character 3-5 gram TF-IDF cosine
3913,normalized_duplicate,"related_ids=3908,3916,3919,3947,10064,10067,10069,10073,10081,10082; normalized_key=obama declares disaster for typhoon devastated saipan obama signs disaster declaration for northern ",keep_but_flag,0.95,dev,1,,"3908,3916,3919,3947,10064,10067,10069,10073,10081,10082,10084,10106",duplicate evidence
3914,normalized_duplicate,"related_ids=3901,3911; normalized_key=ûïrichmond coaches were devastated to hear of the death of their second driver mr chance who was sit",keep_but_flag,0.95,heldout,1,,"3901,3911",duplicate evidence
3916,normalized_duplicate,"related_ids=3908,3913,3919,3947,10064,10067,10069,10073,10081,10082; normalized_key=obama declares disaster for typhoon devastated saipan obama signs disaster declaration for northern ",keep_but_flag,0.95,heldout,1,,"3908,3913,3919,3947,10064,10067,10069,10073,10081,10082,10084,10106",duplicate evidence
3919,normalized_duplicate,"related_ids=3908,3913,3916,3947,10064,10067,10069,10073,10081,10082; normalized_key=obama declares disaster for typhoon devastated saipan obama signs disaster declaration for northern ",keep_but_flag,0.95,heldout,1,,"3908,3913,3916,3947,10064,10067,10069,10073,10081,10082,10084,10106",duplicate evidence
3933,exact_duplicate,related_ids=10071; normalized_key=abcnews obama declares disaster for typhoon devastated saipan obama signs disaster declaration for n,keep_but_flag,0.95,train,1,,10071,duplicate evidence
3933,near_duplicate,related_id=10071; cosine=1.0000,keep_but_flag,1,,1,,10071,character 3-5 gram TF-IDF cosine
3933,normalized_duplicate,related_ids=10071; normalized_key=abcnews obama declares disaster for typhoon devastated saipan obama signs disaster declaration for n,keep_but_flag,0.95,train,1,,10071,duplicate evidence
3935,high_confidence_fn,model_score=0.1071; text='Er indoors will be devastated. RIP Arfur. #GeorgeCole,ambiguous,0.892929250094,heldout,1,,,model disagreement is not label proof
3947,normalized_duplicate,"related_ids=3908,3913,3916,3919,10064,10067,10069,10073,10081,10082; normalized_key=obama declares disaster for typhoon devastated saipan obama signs disaster declaration for northern ",keep_but_flag,0.95,train,1,,"3908,3913,3916,3919,10064,10067,10069,10073,10081,10082,10084,10106",duplicate evidence
3952,normalized_duplicate,"related_ids=3955,3956,3960,3962,3968,3977,3982,3983,3992; normalized_key=70 years after atomic bombs japan still struggles with war past the anniversary of the devastation w",keep_but_flag,0.95,train,1,,"3955,3956,3960,3962,3968,3977,3982,3983,3992",duplicate evidence
3955,normalized_duplicate,"related_ids=3952,3956,3960,3962,3968,3977,3982,3983,3992; normalized_key=70 years after atomic bombs japan still struggles with war past the anniversary of the devastation w",keep_but_flag,0.95,train,1,,"3952,3956,3960,3962,3968,3977,3982,3983,3992",duplicate evidence
3956,normalized_duplicate,"related_ids=3952,3955,3960,3962,3968,3977,3982,3983,3992; normalized_key=70 years after atomic bombs japan still struggles with war past the anniversary of the devastation w",keep_but_flag,0.95,train,1,,"3952,3955,3960,3962,3968,3977,3982,3983,3992",duplicate evidence
3960,normalized_duplicate,"related_ids=3952,3955,3956,3962,3968,3977,3982,3983,3992; normalized_key=70 years after atomic bombs japan still struggles with war past the anniversary of the devastation w",keep_but_flag,0.95,train,1,,"3952,3955,3956,3962,3968,3977,3982,3983,3992",duplicate evidence
3962,normalized_duplicate,"related_ids=3952,3955,3956,3960,3968,3977,3982,3983,3992; normalized_key=70 years after atomic bombs japan still struggles with war past the anniversary of the devastation w",keep_but_flag,0.95,heldout,1,,"3952,3955,3956,3960,3968,3977,3982,3983,3992",duplicate evidence
3968,normalized_duplicate,"related_ids=3952,3955,3956,3960,3962,3977,3982,3983,3992; normalized_key=70 years after atomic bombs japan still struggles with war past the anniversary of the devastation w",keep_but_flag,0.95,dev,1,,"3952,3955,3956,3960,3962,3977,3982,3983,3992",duplicate evidence
3977,normalized_duplicate,"related_ids=3952,3955,3956,3960,3962,3968,3982,3983,3992; normalized_key=70 years after atomic bombs japan still struggles with war past the anniversary of the devastation w",keep_but_flag,0.95,train,1,,"3952,3955,3956,3960,3962,3968,3982,3983,3992",duplicate evidence
3982,normalized_duplicate,"related_ids=3952,3955,3956,3960,3962,3968,3977,3983,3992; normalized_key=70 years after atomic bombs japan still struggles with war past the anniversary of the devastation w",keep_but_flag,0.95,train,1,,"3952,3955,3956,3960,3962,3968,3977,3983,3992",duplicate evidence
3983,normalized_duplicate,"related_ids=3952,3955,3956,3960,3962,3968,3977,3982,3992; normalized_key=70 years after atomic bombs japan still struggles with war past the anniversary of the devastation w",keep_but_flag,0.95,train,1,,"3952,3955,3956,3960,3962,3968,3977,3982,3992",duplicate evidence
3992,normalized_duplicate,"related_ids=3952,3955,3956,3960,3962,3968,3977,3982,3983; normalized_key=70 years after atomic bombs japan still struggles with war past the anniversary of the devastation w",keep_but_flag,0.95,train,1,,"3952,3955,3956,3960,3962,3968,3977,3982,3983",duplicate evidence
4025,normalized_duplicate,related_ids=9702; normalized_key=illinois tornado slipped under the radar emergency officials say url,keep_but_flag,0.95,dev,1,,9702,duplicate evidence
4026,exact_duplicate,related_ids=7231; normalized_key=top insurer blasts lack of australian govt action on disaster mitigation url via user,keep_but_flag,0.95,train,1,,7231,duplicate evidence
4026,normalized_duplicate,related_ids=7231; normalized_key=top insurer blasts lack of australian govt action on disaster mitigation url via user,keep_but_flag,0.95,train,1,,7231,duplicate evidence
4043,high_confidence_fp,model_score=0.9237; text=DISASTER AVERTED: Police kill gunman with Û÷hoax deviceÛª atåÊcinema http://t.co/5NG0FzpVdS,ambiguous,0.92371688016,heldout,0,,,model disagreement is not label proof
4049,exact_duplicate,related_ids=4086; normalized_key=myanmar displaced rohingya at sittwe point of no return url prison like conditions genocide ihhen ms,keep_but_flag,0.95,heldout,1,,4086,duplicate evidence
4049,near_duplicate,related_id=4086; cosine=1.0000,keep_but_flag,1,,1,,4086,character 3-5 gram TF-IDF cosine
4049,normalized_duplicate,related_ids=4086; normalized_key=myanmar displaced rohingya at sittwe point of no return url prison like conditions genocide ihhen ms,keep_but_flag,0.95,heldout,1,,4086,duplicate evidence
4051,conflicting_label_duplicate,"related_ids=4068,4072,4076,4077; normalized_key=potus strategicpatience is a strategy for genocide refugees idp internally displaced people horror e",ambiguous,0.95,train,1,,"4068,4072,4076,4077",duplicate evidence
4051,normalized_duplicate,"related_ids=4068,4072,4076,4077; normalized_key=potus strategicpatience is a strategy for genocide refugees idp internally displaced people horror e",keep_but_flag,0.95,train,1,,"4068,4072,4076,4077",duplicate evidence
4057,exact_duplicate,related_ids=4064; normalized_key=kca votejkt48id 12news update a family of 3 has been displaced after fired damaged housed near 90th ,keep_but_flag,0.95,train,1,,4064,duplicate evidence
4057,near_duplicate,related_id=4064; cosine=1.0000,keep_but_flag,1,,1,,4064,character 3-5 gram TF-IDF cosine
4057,normalized_duplicate,related_ids=4064; normalized_key=kca votejkt48id 12news update a family of 3 has been displaced after fired damaged housed near 90th ,keep_but_flag,0.95,train,1,,4064,duplicate evidence
4058,conflicting_label_duplicate,"related_ids=4080,4092; normalized_key=angry woman openly accuses nema of stealing relief materials meant for idps an angry internally disp",ambiguous,0.95,dev,0,,"4080,4092",duplicate evidence
4058,normalized_duplicate,"related_ids=4080,4092; normalized_key=angry woman openly accuses nema of stealing relief materials meant for idps an angry internally disp",keep_but_flag,0.95,dev,0,,"4080,4092",duplicate evidence
4064,exact_duplicate,related_ids=4057; normalized_key=kca votejkt48id 12news update a family of 3 has been displaced after fired damaged housed near 90th ,keep_but_flag,0.95,heldout,1,,4057,duplicate evidence
4064,normalized_duplicate,related_ids=4057; normalized_key=kca votejkt48id 12news update a family of 3 has been displaced after fired damaged housed near 90th ,keep_but_flag,0.95,heldout,1,,4057,duplicate evidence
4068,conflicting_label_duplicate,"related_ids=4051,4072,4076,4077; normalized_key=potus strategicpatience is a strategy for genocide refugees idp internally displaced people horror e",ambiguous,0.95,train,1,,"4051,4072,4076,4077",duplicate evidence
4068,exact_duplicate,"related_ids=4072,4076,4077; normalized_key=potus strategicpatience is a strategy for genocide refugees idp internally displaced people horror e",keep_but_flag,0.95,train,1,,"4072,4076,4077",duplicate evidence
4068,normalized_duplicate,"related_ids=4051,4072,4076,4077; normalized_key=potus strategicpatience is a strategy for genocide refugees idp internally displaced people horror e",keep_but_flag,0.95,train,1,,"4051,4072,4076,4077",duplicate evidence
4072,conflicting_label_duplicate,"related_ids=4051,4068,4076,4077; normalized_key=potus strategicpatience is a strategy for genocide refugees idp internally displaced people horror e",ambiguous,0.95,dev,1,,"4051,4068,4076,4077",duplicate evidence
4072,exact_duplicate,"related_ids=4068,4076,4077; normalized_key=potus strategicpatience is a strategy for genocide refugees idp internally displaced people horror e",keep_but_flag,0.95,dev,1,,"4068,4076,4077",duplicate evidence
4072,normalized_duplicate,"related_ids=4051,4068,4076,4077; normalized_key=potus strategicpatience is a strategy for genocide refugees idp internally displaced people horror e",keep_but_flag,0.95,dev,1,,"4051,4068,4076,4077",duplicate evidence
4076,conflicting_label_duplicate,"related_ids=4051,4068,4072,4077; normalized_key=potus strategicpatience is a strategy for genocide refugees idp internally displaced people horror e",ambiguous,0.95,train,0,,"4051,4068,4072,4077",duplicate evidence
4076,exact_duplicate,"related_ids=4068,4072,4077; normalized_key=potus strategicpatience is a strategy for genocide refugees idp internally displaced people horror e",keep_but_flag,0.95,train,0,,"4068,4072,4077",duplicate evidence
4076,normalized_duplicate,"related_ids=4051,4068,4072,4077; normalized_key=potus strategicpatience is a strategy for genocide refugees idp internally displaced people horror e",keep_but_flag,0.95,train,0,,"4051,4068,4072,4077",duplicate evidence
4077,conflicting_label_duplicate,"related_ids=4051,4068,4072,4076; normalized_key=potus strategicpatience is a strategy for genocide refugees idp internally displaced people horror e",ambiguous,0.95,train,1,,"4051,4068,4072,4076",duplicate evidence
4077,exact_duplicate,"related_ids=4068,4072,4076; normalized_key=potus strategicpatience is a strategy for genocide refugees idp internally displaced people horror e",keep_but_flag,0.95,train,1,,"4068,4072,4076",duplicate evidence
4077,normalized_duplicate,"related_ids=4051,4068,4072,4076; normalized_key=potus strategicpatience is a strategy for genocide refugees idp internally displaced people horror e",keep_but_flag,0.95,train,1,,"4051,4068,4072,4076",duplicate evidence
4080,conflicting_label_duplicate,"related_ids=4058,4092; normalized_key=angry woman openly accuses nema of stealing relief materials meant for idps an angry internally disp",ambiguous,0.95,train,1,,"4058,4092",duplicate evidence
4080,normalized_duplicate,"related_ids=4058,4092; normalized_key=angry woman openly accuses nema of stealing relief materials meant for idps an angry internally disp",keep_but_flag,0.95,train,1,,"4058,4092",duplicate evidence
4086,exact_duplicate,related_ids=4049; normalized_key=myanmar displaced rohingya at sittwe point of no return url prison like conditions genocide ihhen ms,keep_but_flag,0.95,heldout,1,,4049,duplicate evidence
4086,normalized_duplicate,related_ids=4049; normalized_key=myanmar displaced rohingya at sittwe point of no return url prison like conditions genocide ihhen ms,keep_but_flag,0.95,heldout,1,,4049,duplicate evidence
4092,conflicting_label_duplicate,"related_ids=4058,4080; normalized_key=angry woman openly accuses nema of stealing relief materials meant for idps an angry internally disp",ambiguous,0.95,dev,0,,"4058,4080",duplicate evidence
4092,normalized_duplicate,"related_ids=4058,4080; normalized_key=angry woman openly accuses nema of stealing relief materials meant for idps an angry internally disp",keep_but_flag,0.95,dev,0,,"4058,4080",duplicate evidence
4096,exact_duplicate,related_ids=4832; normalized_key=elem pomo helping the displaced from the rocky fire please consider elem evacuation center url via u,keep_but_flag,0.95,train,1,,4832,duplicate evidence
4096,normalized_duplicate,related_ids=4832; normalized_key=elem pomo helping the displaced from the rocky fire please consider elem evacuation center url via u,keep_but_flag,0.95,train,1,,4832,duplicate evidence
4127,high_confidence_fp,model_score=0.9051; text=Pizza drought is over I just couldn't anymore...,ambiguous,0.905128721802,heldout,0,,,model disagreement is not label proof
4201,normalized_duplicate,related_ids=4241; normalized_key=hundreds feared drowned as migrant boat capsizes off libya url,keep_but_flag,0.95,train,1,,4241,duplicate evidence
4204,normalized_duplicate,related_ids=4216; normalized_key=url jacksonville family bands together as memorial is planned for toddler who florida û_ url,keep_but_flag,0.95,train,0,,4216,duplicate evidence
4216,normalized_duplicate,related_ids=4204; normalized_key=url jacksonville family bands together as memorial is planned for toddler who florida û_ url,keep_but_flag,0.95,train,0,,4204,duplicate evidence
4241,normalized_duplicate,related_ids=4201; normalized_key=hundreds feared drowned as migrant boat capsizes off libya url,keep_but_flag,0.95,train,1,,4201,duplicate evidence
4250,normalized_duplicate,"related_ids=4251,4261,4281; normalized_key=the drowning girl by caitlin r kiernan centipede press signed numbered limited full re û_ url url",keep_but_flag,0.95,train,0,,"4251,4261,4281",duplicate evidence
4251,normalized_duplicate,"related_ids=4250,4261,4281; normalized_key=the drowning girl by caitlin r kiernan centipede press signed numbered limited full re û_ url url",keep_but_flag,0.95,dev,0,,"4250,4261,4281",duplicate evidence
4261,normalized_duplicate,"related_ids=4250,4251,4281; normalized_key=the drowning girl by caitlin r kiernan centipede press signed numbered limited full re û_ url url",keep_but_flag,0.95,train,0,,"4250,4251,4281",duplicate evidence
4262,high_confidence_fp,model_score=0.8155; text=#ICYMI #Annoucement from Al Jackson... http://t.co/7BevuJE5eP,ambiguous,0.815539362285,heldout,0,,,model disagreement is not label proof
4281,normalized_duplicate,"related_ids=4250,4251,4261; normalized_key=the drowning girl by caitlin r kiernan centipede press signed numbered limited full re û_ url url",keep_but_flag,0.95,heldout,0,,"4250,4251,4261",duplicate evidence
4292,high_confidence_fp,model_score=0.9036; text=Drowning in Actavis suicide,ambiguous,0.903617304377,heldout,0,,,model disagreement is not label proof
4300,normalized_duplicate,related_ids=4306; normalized_key=kids disappear in dust storm in atmospheric aussie thriller url rt user,keep_but_flag,0.95,train,1,,4306,duplicate evidence
4304,normalized_duplicate,related_ids=4343; normalized_key=severe storm weakening as it moves se towards lubbock area outflow boundary may create dust and 50 m,keep_but_flag,0.95,dev,1,,4343,duplicate evidence
4306,normalized_duplicate,related_ids=4300; normalized_key=kids disappear in dust storm in atmospheric aussie thriller url rt user,keep_but_flag,0.95,train,1,,4300,duplicate evidence
4323,normalized_duplicate,related_ids=4337; normalized_key=new mad max screenshots show off a lovely dust storm combat magnum opus url,keep_but_flag,0.95,dev,0,,4337,duplicate evidence
4334,high_confidence_fp,model_score=0.8670; text=@LegacyOfTheSith @SagaciousSaber @Lordofbetrayal Moved in a crescent formation small trails of dust left in their wake as they moved.,ambiguous,0.867031561429,heldout,0,,,model disagreement is not label proof
4337,normalized_duplicate,related_ids=4323; normalized_key=new mad max screenshots show off a lovely dust storm combat magnum opus url,keep_but_flag,0.95,train,0,,4323,duplicate evidence
4343,normalized_duplicate,related_ids=4304; normalized_key=severe storm weakening as it moves se towards lubbock area outflow boundary may create dust and 50 m,keep_but_flag,0.95,heldout,1,,4304,duplicate evidence
4373,exact_duplicate,related_ids=10220; normalized_key=usgs reports a m1 94 earthquake 5km s of volcano hawaii on 8 6 15 1 04 01 utc url quake,keep_but_flag,0.95,heldout,1,,10220,duplicate evidence
4373,near_duplicate,related_id=10220; cosine=1.0000,keep_but_flag,1,,1,,10220,character 3-5 gram TF-IDF cosine
4373,normalized_duplicate,related_ids=10220; normalized_key=usgs reports a m1 94 earthquake 5km s of volcano hawaii on 8 6 15 1 04 01 utc url quake,keep_but_flag,0.95,heldout,1,,10220,duplicate evidence
4387,conflicting_label_duplicate,related_ids=4391; normalized_key=earthquake drill,ambiguous,0.95,dev,0,,4391,duplicate evidence
4387,normalized_duplicate,related_ids=4391; normalized_key=earthquake drill,keep_but_flag,0.95,dev,0,,4391,duplicate evidence
4391,conflicting_label_duplicate,related_ids=4387; normalized_key=earthquake drill,ambiguous,0.95,train,1,,4387,duplicate evidence
4391,normalized_duplicate,related_ids=4387; normalized_key=earthquake drill,keep_but_flag,0.95,train,1,,4387,duplicate evidence
4437,normalized_duplicate,related_ids=4440; normalized_key=photo weallheartonedirection i wouldn ûªt let david electrocute himself so i ûªm the asshole url,keep_but_flag,0.95,train,0,,4440,duplicate evidence
4440,normalized_duplicate,related_ids=4437; normalized_key=photo weallheartonedirection i wouldn ûªt let david electrocute himself so i ûªm the asshole url,keep_but_flag,0.95,dev,0,,4437,duplicate evidence
4476,high_confidence_fn,model_score=0.1659; text=I was blow drying my hair &amp; the cable caught on fire. I let go of it as soon as I realized. Just before I could get electrocuted ??,ambiguous,0.834056721343,heldout,1,,,model disagreement is not label proof
4499,conflicting_label_duplicate,related_ids=4507; normalized_key=survival kit whistle fire starter wire saw cree torch emergency blanket s knife full re û_ url url,ambiguous,0.95,train,1,,4507,duplicate evidence
4499,normalized_duplicate,related_ids=4507; normalized_key=survival kit whistle fire starter wire saw cree torch emergency blanket s knife full re û_ url url,keep_but_flag,0.95,train,1,,4507,duplicate evidence
4507,conflicting_label_duplicate,related_ids=4499; normalized_key=survival kit whistle fire starter wire saw cree torch emergency blanket s knife full re û_ url url,ambiguous,0.95,dev,0,,4499,duplicate evidence
4507,normalized_duplicate,related_ids=4499; normalized_key=survival kit whistle fire starter wire saw cree torch emergency blanket s knife full re û_ url url,keep_but_flag,0.95,dev,0,,4499,duplicate evidence
4541,exact_duplicate,related_ids=4844; normalized_key=user we enjoyed the show today great fun the emergency non evacuation was interesting have a great r,keep_but_flag,0.95,train,0,,4844,duplicate evidence
4541,normalized_duplicate,related_ids=4844; normalized_key=user we enjoyed the show today great fun the emergency non evacuation was interesting have a great r,keep_but_flag,0.95,train,0,,4844,duplicate evidence
4650,normalized_duplicate,"related_ids=4655,4658,4671,4692,4693,4694; normalized_key=men escape car engulfed in flames in parley s canyon crews investigating cause url url",keep_but_flag,0.95,train,1,,"4655,4658,4671,4692,4693,4694",duplicate evidence
4655,normalized_duplicate,"related_ids=4650,4658,4671,4692,4693,4694; normalized_key=men escape car engulfed in flames in parley s canyon crews investigating cause url url",keep_but_flag,0.95,train,1,,"4650,4658,4671,4692,4693,4694",duplicate evidence
4656,conflicting_label_duplicate,"related_ids=4659,4669,4672,4684,4691; normalized_key=he came to a land which was engulfed in tribal war and turned it into a land of peace i e madinah pr",ambiguous,0.95,train,0,,"4659,4669,4672,4684,4691",duplicate evidence
4656,exact_duplicate,"related_ids=4659,4669,4672,4684,4691; normalized_key=he came to a land which was engulfed in tribal war and turned it into a land of peace i e madinah pr",keep_but_flag,0.95,train,0,,"4659,4669,4672,4684,4691",duplicate evidence
4656,near_duplicate,related_id=4691; cosine=1.0000,keep_but_flag,1,,0,,4691,character 3-5 gram TF-IDF cosine
4656,normalized_duplicate,"related_ids=4659,4669,4672,4684,4691; normalized_key=he came to a land which was engulfed in tribal war and turned it into a land of peace i e madinah pr",keep_but_flag,0.95,train,0,,"4659,4669,4672,4684,4691",duplicate evidence
4658,normalized_duplicate,"related_ids=4650,4655,4671,4692,4693,4694; normalized_key=men escape car engulfed in flames in parley s canyon crews investigating cause url url",keep_but_flag,0.95,heldout,1,,"4650,4655,4671,4692,4693,4694",duplicate evidence
4659,conflicting_label_duplicate,"related_ids=4656,4669,4672,4684,4691; normalized_key=he came to a land which was engulfed in tribal war and turned it into a land of peace i e madinah pr",ambiguous,0.95,train,1,,"4656,4669,4672,4684,4691",duplicate evidence
4659,exact_duplicate,"related_ids=4656,4669,4672,4684,4691; normalized_key=he came to a land which was engulfed in tribal war and turned it into a land of peace i e madinah pr",keep_but_flag,0.95,train,1,,"4656,4669,4672,4684,4691",duplicate evidence
4659,near_duplicate,related_id=4691; cosine=1.0000,ambiguous,1,,1,,4691,character 3-5 gram TF-IDF cosine
4659,normalized_duplicate,"related_ids=4656,4669,4672,4684,4691; normalized_key=he came to a land which was engulfed in tribal war and turned it into a land of peace i e madinah pr",keep_but_flag,0.95,train,1,,"4656,4669,4672,4684,4691",duplicate evidence
4666,high_confidence_fp,model_score=0.8463; text=@FNAF_TalkMC *stands there engulfed in the fire smiling*,ambiguous,0.846305653219,heldout,0,,,model disagreement is not label proof
4669,conflicting_label_duplicate,"related_ids=4656,4659,4672,4684,4691; normalized_key=he came to a land which was engulfed in tribal war and turned it into a land of peace i e madinah pr",ambiguous,0.95,dev,1,,"4656,4659,4672,4684,4691",duplicate evidence
4669,exact_duplicate,"related_ids=4656,4659,4672,4684,4691; normalized_key=he came to a land which was engulfed in tribal war and turned it into a land of peace i e madinah pr",keep_but_flag,0.95,dev,1,,"4656,4659,4672,4684,4691",duplicate evidence
4669,near_duplicate,related_id=4691; cosine=1.0000,ambiguous,1,,1,,4691,character 3-5 gram TF-IDF cosine
4669,normalized_duplicate,"related_ids=4656,4659,4672,4684,4691; normalized_key=he came to a land which was engulfed in tribal war and turned it into a land of peace i e madinah pr",keep_but_flag,0.95,dev,1,,"4656,4659,4672,4684,4691",duplicate evidence
4670,normalized_duplicate,"related_ids=4680,4695; normalized_key=do you feel engulfed with low self image take the quiz url url",keep_but_flag,0.95,train,0,,"4680,4695",duplicate evidence
4671,normalized_duplicate,"related_ids=4650,4655,4658,4692,4693,4694; normalized_key=men escape car engulfed in flames in parley s canyon crews investigating cause url url",keep_but_flag,0.95,dev,1,,"4650,4655,4658,4692,4693,4694",duplicate evidence
4672,conflicting_label_duplicate,"related_ids=4656,4659,4669,4684,4691; normalized_key=he came to a land which was engulfed in tribal war and turned it into a land of peace i e madinah pr",ambiguous,0.95,dev,0,,"4656,4659,4669,4684,4691",duplicate evidence
4672,exact_duplicate,"related_ids=4656,4659,4669,4684,4691; normalized_key=he came to a land which was engulfed in tribal war and turned it into a land of peace i e madinah pr",keep_but_flag,0.95,dev,0,,"4656,4659,4669,4684,4691",duplicate evidence
4672,near_duplicate,related_id=4691; cosine=1.0000,keep_but_flag,1,,0,,4691,character 3-5 gram TF-IDF cosine
4672,normalized_duplicate,"related_ids=4656,4659,4669,4684,4691; normalized_key=he came to a land which was engulfed in tribal war and turned it into a land of peace i e madinah pr",keep_but_flag,0.95,dev,0,,"4656,4659,4669,4684,4691",duplicate evidence
4674,normalized_duplicate,related_ids=4690; normalized_key=why are you engulfed by low self image take the quiz url url,keep_but_flag,0.95,heldout,0,,4690,duplicate evidence
4675,high_confidence_fn,model_score=0.0288; text=@godsfirstson1 and she wrapped his coat around herself. It practically engulfed her.,ambiguous,0.971210913193,heldout,1,,,model disagreement is not label proof
4680,normalized_duplicate,"related_ids=4670,4695; normalized_key=do you feel engulfed with low self image take the quiz url url",keep_but_flag,0.95,train,0,,"4670,4695",duplicate evidence
4684,conflicting_label_duplicate,"related_ids=4656,4659,4669,4672,4691; normalized_key=he came to a land which was engulfed in tribal war and turned it into a land of peace i e madinah pr",ambiguous,0.95,dev,0,,"4656,4659,4669,4672,4691",duplicate evidence
4684,exact_duplicate,"related_ids=4656,4659,4669,4672,4691; normalized_key=he came to a land which was engulfed in tribal war and turned it into a land of peace i e madinah pr",keep_but_flag,0.95,dev,0,,"4656,4659,4669,4672,4691",duplicate evidence
4684,near_duplicate,related_id=4691; cosine=1.0000,keep_but_flag,1,,0,,4691,character 3-5 gram TF-IDF cosine
4684,normalized_duplicate,"related_ids=4656,4659,4669,4672,4691; normalized_key=he came to a land which was engulfed in tribal war and turned it into a land of peace i e madinah pr",keep_but_flag,0.95,dev,0,,"4656,4659,4669,4672,4691",duplicate evidence
4690,normalized_duplicate,related_ids=4674; normalized_key=why are you engulfed by low self image take the quiz url url,keep_but_flag,0.95,train,0,,4674,duplicate evidence
4691,conflicting_label_duplicate,"related_ids=4656,4659,4669,4672,4684; normalized_key=he came to a land which was engulfed in tribal war and turned it into a land of peace i e madinah pr",ambiguous,0.95,heldout,0,,"4656,4659,4669,4672,4684",duplicate evidence
4691,exact_duplicate,"related_ids=4656,4659,4669,4672,4684; normalized_key=he came to a land which was engulfed in tribal war and turned it into a land of peace i e madinah pr",keep_but_flag,0.95,heldout,0,,"4656,4659,4669,4672,4684",duplicate evidence
4691,normalized_duplicate,"related_ids=4656,4659,4669,4672,4684; normalized_key=he came to a land which was engulfed in tribal war and turned it into a land of peace i e madinah pr",keep_but_flag,0.95,heldout,0,,"4656,4659,4669,4672,4684",duplicate evidence
4692,normalized_duplicate,"related_ids=4650,4655,4658,4671,4693,4694; normalized_key=men escape car engulfed in flames in parley s canyon crews investigating cause url url",keep_but_flag,0.95,dev,1,,"4650,4655,4658,4671,4693,4694",duplicate evidence
4693,normalized_duplicate,"related_ids=4650,4655,4658,4671,4692,4694; normalized_key=men escape car engulfed in flames in parley s canyon crews investigating cause url url",keep_but_flag,0.95,train,1,,"4650,4655,4658,4671,4692,4694",duplicate evidence
4694,normalized_duplicate,"related_ids=4650,4655,4658,4671,4692,4693; normalized_key=men escape car engulfed in flames in parley s canyon crews investigating cause url url",keep_but_flag,0.95,dev,1,,"4650,4655,4658,4671,4692,4693",duplicate evidence
4695,normalized_duplicate,"related_ids=4670,4680; normalized_key=do you feel engulfed with low self image take the quiz url url",keep_but_flag,0.95,heldout,0,,"4670,4680",duplicate evidence
4769,exact_duplicate,related_ids=4853; normalized_key=new evacuation ordered for 25 homes in danger of hwy 8 fire near roosevelt wash url koin6news url,keep_but_flag,0.95,train,1,,4853,duplicate evidence
4769,near_duplicate,related_id=4853; cosine=1.0000,keep_but_flag,1,,1,,4853,character 3-5 gram TF-IDF cosine
4769,normalized_duplicate,related_ids=4853; normalized_key=new evacuation ordered for 25 homes in danger of hwy 8 fire near roosevelt wash url koin6news url,keep_but_flag,0.95,train,1,,4853,duplicate evidence
4777,normalized_duplicate,related_ids=4807; normalized_key=rocky fire in northern california swells to 60000 acres 12000 evacuated url portland phoenix miami a,keep_but_flag,0.95,train,1,,4807,duplicate evidence
4784,normalized_duplicate,related_ids=10863; normalized_key=worldnews fallen powerlines on g link tram update fire crews have evacuated up to 30 passengers who ,keep_but_flag,0.95,dev,1,,10863,duplicate evidence
4807,normalized_duplicate,related_ids=4777; normalized_key=rocky fire in northern california swells to 60000 acres 12000 evacuated url portland phoenix miami a,keep_but_flag,0.95,train,1,,4777,duplicate evidence
4832,exact_duplicate,related_ids=4096; normalized_key=elem pomo helping the displaced from the rocky fire please consider elem evacuation center url via u,keep_but_flag,0.95,train,1,,4096,duplicate evidence
4832,normalized_duplicate,related_ids=4096; normalized_key=elem pomo helping the displaced from the rocky fire please consider elem evacuation center url via u,keep_but_flag,0.95,train,1,,4096,duplicate evidence
4844,exact_duplicate,related_ids=4541; normalized_key=user we enjoyed the show today great fun the emergency non evacuation was interesting have a great r,keep_but_flag,0.95,train,0,,4541,duplicate evidence
4844,normalized_duplicate,related_ids=4541; normalized_key=user we enjoyed the show today great fun the emergency non evacuation was interesting have a great r,keep_but_flag,0.95,train,0,,4541,duplicate evidence
4850,exact_duplicate,related_ids=10855; normalized_key=evacuation order lifted for town of roosevelt url url,keep_but_flag,0.95,train,1,,10855,duplicate evidence
4850,normalized_duplicate,related_ids=10855; normalized_key=evacuation order lifted for town of roosevelt url url,keep_but_flag,0.95,train,1,,10855,duplicate evidence
4853,exact_duplicate,related_ids=4769; normalized_key=new evacuation ordered for 25 homes in danger of hwy 8 fire near roosevelt wash url koin6news url,keep_but_flag,0.95,heldout,1,,4769,duplicate evidence
4853,normalized_duplicate,related_ids=4769; normalized_key=new evacuation ordered for 25 homes in danger of hwy 8 fire near roosevelt wash url koin6news url,keep_but_flag,0.95,heldout,1,,4769,duplicate evidence
4866,normalized_duplicate,"related_ids=4887,4891,4899,4903; normalized_key=learn how i gained access to the secrets of the top earners amp used them to explode my home busines",keep_but_flag,0.95,train,0,,"4887,4891,4899,4903",duplicate evidence
4882,high_confidence_fn,model_score=0.1891; text=Kendall Jenner and Nick Jonas Are Dating and the World Might Quite Literally Explode http://t.co/pfvzVPxQGr,ambiguous,0.810949398045,heldout,1,,,model disagreement is not label proof
4887,normalized_duplicate,"related_ids=4866,4891,4899,4903; normalized_key=learn how i gained access to the secrets of the top earners amp used them to explode my home busines",keep_but_flag,0.95,dev,0,,"4866,4891,4899,4903",duplicate evidence
4891,normalized_duplicate,"related_ids=4866,4887,4899,4903; normalized_key=learn how i gained access to the secrets of the top earners amp used them to explode my home busines",keep_but_flag,0.95,heldout,0,,"4866,4887,4899,4903",duplicate evidence
4895,high_confidence_fn,model_score=0.0338; text=@allen_enbot If you mess up it's gonna explode...,ambiguous,0.966205818578,heldout,1,,,model disagreement is not label proof
4899,normalized_duplicate,"related_ids=4866,4887,4891,4903; normalized_key=learn how i gained access to the secrets of the top earners amp used them to explode my home busines",keep_but_flag,0.95,train,0,,"4866,4887,4891,4903",duplicate evidence
4903,normalized_duplicate,"related_ids=4866,4887,4891,4899; normalized_key=learn how i gained access to the secrets of the top earners amp used them to explode my home busines",keep_but_flag,0.95,dev,0,,"4866,4887,4891,4899",duplicate evidence
4918,conflicting_label_duplicate,"related_ids=4922,4935; normalized_key=the dress memes have officially exploded on the internet url",ambiguous,0.95,heldout,1,,"4922,4935",duplicate evidence
4918,high_confidence_fn,model_score=0.1270; text=The Dress Memes Have Officially Exploded On The Internet http://t.co/3drSmxw3cr,ambiguous,0.872995235641,heldout,1,,,model disagreement is not label proof
4918,normalized_duplicate,"related_ids=4922,4935; normalized_key=the dress memes have officially exploded on the internet url",keep_but_flag,0.95,heldout,1,,"4922,4935",duplicate evidence
4922,conflicting_label_duplicate,"related_ids=4918,4935; normalized_key=the dress memes have officially exploded on the internet url",ambiguous,0.95,train,0,,"4918,4935",duplicate evidence
4922,normalized_duplicate,"related_ids=4918,4935; normalized_key=the dress memes have officially exploded on the internet url",keep_but_flag,0.95,train,0,,"4918,4935",duplicate evidence
4931,exact_duplicate,related_ids=4952; normalized_key=that exploded amp brought about the beginning of universe matches what s mentioned in the versethe h,keep_but_flag,0.95,dev,0,,4952,duplicate evidence
4931,near_duplicate,related_id=4952; cosine=1.0000,keep_but_flag,1,,0,,4952,character 3-5 gram TF-IDF cosine
4931,normalized_duplicate,related_ids=4952; normalized_key=that exploded amp brought about the beginning of universe matches what s mentioned in the versethe h,keep_but_flag,0.95,dev,0,,4952,duplicate evidence
4935,conflicting_label_duplicate,"related_ids=4918,4922; normalized_key=the dress memes have officially exploded on the internet url",ambiguous,0.95,train,0,,"4918,4922",duplicate evidence
4935,normalized_duplicate,"related_ids=4918,4922; normalized_key=the dress memes have officially exploded on the internet url",keep_but_flag,0.95,train,0,,"4918,4922",duplicate evidence
4952,exact_duplicate,related_ids=4931; normalized_key=that exploded amp brought about the beginning of universe matches what s mentioned in the versethe h,keep_but_flag,0.95,train,0,,4931,duplicate evidence
4952,normalized_duplicate,related_ids=4931; normalized_key=that exploded amp brought about the beginning of universe matches what s mentioned in the versethe h,keep_but_flag,0.95,train,0,,4931,duplicate evidence
4961,normalized_duplicate,"related_ids=4986,4992,4993,5002; normalized_key=new explosion proof tempered glass screen protector film for blackberry z10 full read by û_ url url",keep_but_flag,0.95,train,0,,"4986,4992,4993,5002",duplicate evidence
4986,normalized_duplicate,"related_ids=4961,4992,4993,5002; normalized_key=new explosion proof tempered glass screen protector film for blackberry z10 full read by û_ url url",keep_but_flag,0.95,dev,0,,"4961,4992,4993,5002",duplicate evidence
4989,high_confidence_fp,model_score=0.9115; text=#cum explosion! @begforcum @allday_cumshots @cumcovered @sexycumshots @Cumtown @BJ_Nutt @cumslut_2 @GirlsLoveCum http://t.co/2CX1yjjoZ9,ambiguous,0.911482996437,heldout,0,,,model disagreement is not label proof
4992,normalized_duplicate,"related_ids=4961,4986,4993,5002; normalized_key=new explosion proof tempered glass screen protector film for blackberry z10 full read by û_ url url",keep_but_flag,0.95,train,0,,"4961,4986,4993,5002",duplicate evidence
4993,normalized_duplicate,"related_ids=4961,4986,4992,5002; normalized_key=new explosion proof tempered glass screen protector film for blackberry z10 full read by û_ url url",keep_but_flag,0.95,train,0,,"4961,4986,4992,5002",duplicate evidence
5002,normalized_duplicate,"related_ids=4961,4986,4992,4993; normalized_key=new explosion proof tempered glass screen protector film for blackberry z10 full read by û_ url url",keep_but_flag,0.95,train,0,,"4961,4986,4992,4993",duplicate evidence
5013,high_confidence_fp,model_score=0.8537; text=Remembering Pittsburgh Eyewitness History of Steel City by Len Barcousky PB Penn http://t.co/dhGAVw8bSW http://t.co/0lMhEAEX9k,ambiguous,0.853669191077,heldout,0,,,model disagreement is not label proof
5043,normalized_duplicate,"related_ids=5044,5055; normalized_key=dk eyewitness travel guide denmark travel guide ebay auctions you should keep an eye on url",keep_but_flag,0.95,train,0,,"5044,5055",duplicate evidence
5044,normalized_duplicate,"related_ids=5043,5055; normalized_key=dk eyewitness travel guide denmark travel guide ebay auctions you should keep an eye on url",keep_but_flag,0.95,train,0,,"5043,5055",duplicate evidence
5055,normalized_duplicate,"related_ids=5043,5044; normalized_key=dk eyewitness travel guide denmark travel guide ebay auctions you should keep an eye on url",keep_but_flag,0.95,dev,0,,"5043,5044",duplicate evidence
5063,normalized_duplicate,related_ids=5075; normalized_key=food crematoria provoke outrage amid crisis famine memories url,keep_but_flag,0.95,train,1,,5075,duplicate evidence
5071,normalized_duplicate,related_ids=5082; normalized_key=russian food crematoria provoke outrage amid crisis famine memories url,keep_but_flag,0.95,dev,1,,5082,duplicate evidence
5075,normalized_duplicate,related_ids=5063; normalized_key=food crematoria provoke outrage amid crisis famine memories url,keep_but_flag,0.95,train,1,,5063,duplicate evidence
5082,normalized_duplicate,related_ids=5071; normalized_key=russian food crematoria provoke outrage amid crisis famine memories url,keep_but_flag,0.95,train,1,,5071,duplicate evidence
5113,exact_duplicate,"related_ids=5127,5130,5137,5140,5144,5145,5153,5157,5159; normalized_key=11 year old boy charged with manslaughter of toddler report an 11 year old boy has been charged with",keep_but_flag,0.95,train,1,,"5127,5130,5137,5140,5144,5145,5153,5157,5159",duplicate evidence
5113,normalized_duplicate,"related_ids=5127,5130,5137,5140,5144,5145,5153,5157,5159; normalized_key=11 year old boy charged with manslaughter of toddler report an 11 year old boy has been charged with",keep_but_flag,0.95,train,1,,"5127,5130,5137,5140,5144,5145,5153,5157,5159",duplicate evidence
5119,normalized_duplicate,"related_ids=5142,5154,5160; normalized_key=investigators shift focus to cause of fatal waimate fire url",keep_but_flag,0.95,train,1,,"5142,5154,5160",duplicate evidence
5126,high_confidence_fp,model_score=0.9078; text=@ChrisDanielShow Nearly-Fatal Pee in San Francisco http://t.co/1tvlFrhm1m,ambiguous,0.907787836246,heldout,0,,,model disagreement is not label proof
5127,exact_duplicate,"related_ids=5113,5130,5137,5140,5144,5145,5153,5157,5159; normalized_key=11 year old boy charged with manslaughter of toddler report an 11 year old boy has been charged with",keep_but_flag,0.95,train,1,,"5113,5130,5137,5140,5144,5145,5153,5157,5159",duplicate evidence
5127,normalized_duplicate,"related_ids=5113,5130,5137,5140,5144,5145,5153,5157,5159; normalized_key=11 year old boy charged with manslaughter of toddler report an 11 year old boy has been charged with",keep_but_flag,0.95,train,1,,"5113,5130,5137,5140,5144,5145,5153,5157,5159",duplicate evidence
5130,exact_duplicate,"related_ids=5113,5127,5137,5140,5144,5145,5153,5157,5159; normalized_key=11 year old boy charged with manslaughter of toddler report an 11 year old boy has been charged with",keep_but_flag,0.95,train,1,,"5113,5127,5137,5140,5144,5145,5153,5157,5159",duplicate evidence
5130,normalized_duplicate,"related_ids=5113,5127,5137,5140,5144,5145,5153,5157,5159; normalized_key=11 year old boy charged with manslaughter of toddler report an 11 year old boy has been charged with",keep_but_flag,0.95,train,1,,"5113,5127,5137,5140,5144,5145,5153,5157,5159",duplicate evidence
5137,exact_duplicate,"related_ids=5113,5127,5130,5140,5144,5145,5153,5157,5159; normalized_key=11 year old boy charged with manslaughter of toddler report an 11 year old boy has been charged with",keep_but_flag,0.95,heldout,1,,"5113,5127,5130,5140,5144,5145,5153,5157,5159",duplicate evidence
5137,normalized_duplicate,"related_ids=5113,5127,5130,5140,5144,5145,5153,5157,5159; normalized_key=11 year old boy charged with manslaughter of toddler report an 11 year old boy has been charged with",keep_but_flag,0.95,heldout,1,,"5113,5127,5130,5140,5144,5145,5153,5157,5159",duplicate evidence
5140,exact_duplicate,"related_ids=5113,5127,5130,5137,5144,5145,5153,5157,5159; normalized_key=11 year old boy charged with manslaughter of toddler report an 11 year old boy has been charged with",keep_but_flag,0.95,dev,1,,"5113,5127,5130,5137,5144,5145,5153,5157,5159",duplicate evidence
5140,normalized_duplicate,"related_ids=5113,5127,5130,5137,5144,5145,5153,5157,5159; normalized_key=11 year old boy charged with manslaughter of toddler report an 11 year old boy has been charged with",keep_but_flag,0.95,dev,1,,"5113,5127,5130,5137,5144,5145,5153,5157,5159",duplicate evidence
5142,normalized_duplicate,"related_ids=5119,5154,5160; normalized_key=investigators shift focus to cause of fatal waimate fire url",keep_but_flag,0.95,train,1,,"5119,5154,5160",duplicate evidence
5144,exact_duplicate,"related_ids=5113,5127,5130,5137,5140,5145,5153,5157,5159; normalized_key=11 year old boy charged with manslaughter of toddler report an 11 year old boy has been charged with",keep_but_flag,0.95,train,1,,"5113,5127,5130,5137,5140,5145,5153,5157,5159",duplicate evidence
5144,normalized_duplicate,"related_ids=5113,5127,5130,5137,5140,5145,5153,5157,5159; normalized_key=11 year old boy charged with manslaughter of toddler report an 11 year old boy has been charged with",keep_but_flag,0.95,train,1,,"5113,5127,5130,5137,5140,5145,5153,5157,5159",duplicate evidence
5145,exact_duplicate,"related_ids=5113,5127,5130,5137,5140,5144,5153,5157,5159; normalized_key=11 year old boy charged with manslaughter of toddler report an 11 year old boy has been charged with",keep_but_flag,0.95,train,1,,"5113,5127,5130,5137,5140,5144,5153,5157,5159",duplicate evidence
5145,normalized_duplicate,"related_ids=5113,5127,5130,5137,5140,5144,5153,5157,5159; normalized_key=11 year old boy charged with manslaughter of toddler report an 11 year old boy has been charged with",keep_but_flag,0.95,train,1,,"5113,5127,5130,5137,5140,5144,5153,5157,5159",duplicate evidence
5153,exact_duplicate,"related_ids=5113,5127,5130,5137,5140,5144,5145,5157,5159; normalized_key=11 year old boy charged with manslaughter of toddler report an 11 year old boy has been charged with",keep_but_flag,0.95,train,1,,"5113,5127,5130,5137,5140,5144,5145,5157,5159",duplicate evidence
5153,normalized_duplicate,"related_ids=5113,5127,5130,5137,5140,5144,5145,5157,5159; normalized_key=11 year old boy charged with manslaughter of toddler report an 11 year old boy has been charged with",keep_but_flag,0.95,train,1,,"5113,5127,5130,5137,5140,5144,5145,5157,5159",duplicate evidence
5154,normalized_duplicate,"related_ids=5119,5142,5160; normalized_key=investigators shift focus to cause of fatal waimate fire url",keep_but_flag,0.95,heldout,1,,"5119,5142,5160",duplicate evidence
5157,exact_duplicate,"related_ids=5113,5127,5130,5137,5140,5144,5145,5153,5159; normalized_key=11 year old boy charged with manslaughter of toddler report an 11 year old boy has been charged with",keep_but_flag,0.95,heldout,1,,"5113,5127,5130,5137,5140,5144,5145,5153,5159",duplicate evidence
5157,normalized_duplicate,"related_ids=5113,5127,5130,5137,5140,5144,5145,5153,5159; normalized_key=11 year old boy charged with manslaughter of toddler report an 11 year old boy has been charged with",keep_but_flag,0.95,heldout,1,,"5113,5127,5130,5137,5140,5144,5145,5153,5159",duplicate evidence
5159,exact_duplicate,"related_ids=5113,5127,5130,5137,5140,5144,5145,5153,5157; normalized_key=11 year old boy charged with manslaughter of toddler report an 11 year old boy has been charged with",keep_but_flag,0.95,heldout,1,,"5113,5127,5130,5137,5140,5144,5145,5153,5157",duplicate evidence
5159,normalized_duplicate,"related_ids=5113,5127,5130,5137,5140,5144,5145,5153,5157; normalized_key=11 year old boy charged with manslaughter of toddler report an 11 year old boy has been charged with",keep_but_flag,0.95,heldout,1,,"5113,5127,5130,5137,5140,5144,5145,5153,5157",duplicate evidence
5160,normalized_duplicate,"related_ids=5119,5142,5154; normalized_key=investigators shift focus to cause of fatal waimate fire url",keep_but_flag,0.95,train,1,,"5119,5142,5154",duplicate evidence
5193,high_confidence_fn,model_score=0.1587; text=I liked a @YouTube video http://t.co/43sXG9Z6xh TREMOR IS NO JOKE!! [TREMOR DLC] [FATALITIES/X-RAY],ambiguous,0.841292510113,heldout,1,,,model disagreement is not label proof
5198,high_confidence_fp,model_score=0.8031; text=Uber reduces drunk driving fatalities says independent study http://t.co/jVIVT6zrv7,ambiguous,0.803092747753,heldout,0,,,model disagreement is not label proof
5219,normalized_duplicate,related_ids=5251; normalized_key=i liked a user video from user url s user 109 sn vabengal zss vs sws fatality captain falcon,keep_but_flag,0.95,train,0,,5251,duplicate evidence
5221,normalized_duplicate,"related_ids=5224,5259; normalized_key=fatality",keep_but_flag,0.95,train,0,,"5224,5259",duplicate evidence
5224,normalized_duplicate,"related_ids=5221,5259; normalized_key=fatality",keep_but_flag,0.95,heldout,0,,"5221,5259",duplicate evidence
5228,conflicting_label_duplicate,related_ids=5247; normalized_key=kosciusko police investigating pedestrian fatality hit by a train thursday url,ambiguous,0.95,heldout,1,,5247,duplicate evidence
5228,normalized_duplicate,related_ids=5247; normalized_key=kosciusko police investigating pedestrian fatality hit by a train thursday url,keep_but_flag,0.95,heldout,1,,5247,duplicate evidence
5229,conflicting_label_duplicate,related_ids=5248; normalized_key=fatality url,ambiguous,0.95,dev,0,,5248,duplicate evidence
5229,normalized_duplicate,related_ids=5248; normalized_key=fatality url,keep_but_flag,0.95,dev,0,,5248,duplicate evidence
5236,normalized_duplicate,related_ids=5245; normalized_key=user fatality,keep_but_flag,0.95,train,0,,5245,duplicate evidence
5245,normalized_duplicate,related_ids=5236; normalized_key=user fatality,keep_but_flag,0.95,train,0,,5236,duplicate evidence
5247,conflicting_label_duplicate,related_ids=5228; normalized_key=kosciusko police investigating pedestrian fatality hit by a train thursday url,ambiguous,0.95,dev,0,,5228,duplicate evidence
5247,normalized_duplicate,related_ids=5228; normalized_key=kosciusko police investigating pedestrian fatality hit by a train thursday url,keep_but_flag,0.95,dev,0,,5228,duplicate evidence
5248,conflicting_label_duplicate,related_ids=5229; normalized_key=fatality url,ambiguous,0.95,train,1,,5229,duplicate evidence
5248,normalized_duplicate,related_ids=5229; normalized_key=fatality url,keep_but_flag,0.95,train,1,,5229,duplicate evidence
5251,normalized_duplicate,related_ids=5219; normalized_key=i liked a user video from user url s user 109 sn vabengal zss vs sws fatality captain falcon,keep_but_flag,0.95,train,0,,5219,duplicate evidence
5259,normalized_duplicate,"related_ids=5221,5224; normalized_key=fatality",keep_but_flag,0.95,heldout,0,,"5221,5224",duplicate evidence
5313,high_confidence_fp,model_score=0.9017; text=Morganite Gemstone White Fire Opal 925 Sterling Silver Ring Size 6 R1354 http://t.co/hHpVSAtQXN http://t.co/D12r8XpShy,ambiguous,0.901656326347,heldout,0,,,model disagreement is not label proof
5321,high_confidence_fp,model_score=0.8598; text=http://t.co/iNkuv5DNTX #auction #shoes Retro 5 fire red http://t.co/1cvEGTIZOG,ambiguous,0.859806195878,heldout,0,,,model disagreement is not label proof
5382,exact_duplicate,related_ids=5387; normalized_key=sigalert north amp southbound 133 closed btwn 5 fwy and irvine blvd due to truck fire chp is detouri,keep_but_flag,0.95,heldout,1,,5387,duplicate evidence
5382,normalized_duplicate,related_ids=5387; normalized_key=sigalert north amp southbound 133 closed btwn 5 fwy and irvine blvd due to truck fire chp is detouri,keep_but_flag,0.95,heldout,1,,5387,duplicate evidence
5387,exact_duplicate,related_ids=5382; normalized_key=sigalert north amp southbound 133 closed btwn 5 fwy and irvine blvd due to truck fire chp is detouri,keep_but_flag,0.95,train,1,,5382,duplicate evidence
5387,normalized_duplicate,related_ids=5382; normalized_key=sigalert north amp southbound 133 closed btwn 5 fwy and irvine blvd due to truck fire chp is detouri,keep_but_flag,0.95,train,1,,5382,duplicate evidence
5448,high_confidence_fp,model_score=0.8748; text=York Co. first responders compete to save lives in Û÷Badges for BloodÛª #paramedic #EMS http://t.co/E65V80FCus,ambiguous,0.874837239445,heldout,0,,,model disagreement is not label proof
5462,normalized_duplicate,"related_ids=5465,5481; normalized_key=new snap on tools black baseball hat cap silver gray embroidered s logo flames full re û_ url url",keep_but_flag,0.95,train,0,,"5465,5481",duplicate evidence
5465,normalized_duplicate,"related_ids=5462,5481; normalized_key=new snap on tools black baseball hat cap silver gray embroidered s logo flames full re û_ url url",keep_but_flag,0.95,train,0,,"5462,5481",duplicate evidence
5481,normalized_duplicate,"related_ids=5462,5465; normalized_key=new snap on tools black baseball hat cap silver gray embroidered s logo flames full re û_ url url",keep_but_flag,0.95,heldout,0,,"5462,5465",duplicate evidence
5484,normalized_duplicate,"related_ids=5494,5505; normalized_key=maryland mansion fire that killed 6 caused by damaged plug under christmas tree report says into the",keep_but_flag,0.95,dev,1,,"5494,5505",duplicate evidence
5494,normalized_duplicate,"related_ids=5484,5505; normalized_key=maryland mansion fire that killed 6 caused by damaged plug under christmas tree report says into the",keep_but_flag,0.95,heldout,1,,"5484,5505",duplicate evidence
5505,normalized_duplicate,"related_ids=5484,5494; normalized_key=maryland mansion fire that killed 6 caused by damaged plug under christmas tree report says into the",keep_but_flag,0.95,train,1,,"5484,5494",duplicate evidence
5532,high_confidence_fn,model_score=0.0454; text=Flattened thee striker,ambiguous,0.954571214277,heldout,1,,,model disagreement is not label proof
5557,normalized_duplicate,related_ids=5560; normalized_key=100 1 mix new flat double sided linerless bottle caps you choose mix flattened full re û_ url url,keep_but_flag,0.95,train,0,,5560,duplicate evidence
5560,normalized_duplicate,related_ids=5557; normalized_key=100 1 mix new flat double sided linerless bottle caps you choose mix flattened full re û_ url url,keep_but_flag,0.95,dev,0,,5557,duplicate evidence
5564,conflicting_label_duplicate,"related_ids=5565,5577,5595,5598,5599,5603; normalized_key=spot flood combo 53inch 300w curved cree led work light bar 4x4 offroad fog lamp full re û_ url url",ambiguous,0.95,train,1,,"5565,5577,5595,5598,5599,5603",duplicate evidence
5564,normalized_duplicate,"related_ids=5565,5577,5595,5598,5599,5603; normalized_key=spot flood combo 53inch 300w curved cree led work light bar 4x4 offroad fog lamp full re û_ url url",keep_but_flag,0.95,train,1,,"5565,5577,5595,5598,5599,5603",duplicate evidence
5565,conflicting_label_duplicate,"related_ids=5564,5577,5595,5598,5599,5603; normalized_key=spot flood combo 53inch 300w curved cree led work light bar 4x4 offroad fog lamp full re û_ url url",ambiguous,0.95,train,0,,"5564,5577,5595,5598,5599,5603",duplicate evidence
5565,normalized_duplicate,"related_ids=5564,5577,5595,5598,5599,5603; normalized_key=spot flood combo 53inch 300w curved cree led work light bar 4x4 offroad fog lamp full re û_ url url",keep_but_flag,0.95,train,0,,"5564,5577,5595,5598,5599,5603",duplicate evidence
5570,conflicting_label_duplicate,"related_ids=5580,5588,5592; normalized_key=2pcs 18w cree led work light offroad lamp car truck boat mining 4wd flood beam full rea û_ url url",ambiguous,0.95,train,0,,"5580,5588,5592",duplicate evidence
5570,normalized_duplicate,"related_ids=5580,5588,5592; normalized_key=2pcs 18w cree led work light offroad lamp car truck boat mining 4wd flood beam full rea û_ url url",keep_but_flag,0.95,train,0,,"5580,5588,5592",duplicate evidence
5577,conflicting_label_duplicate,"related_ids=5564,5565,5595,5598,5599,5603; normalized_key=spot flood combo 53inch 300w curved cree led work light bar 4x4 offroad fog lamp full re û_ url url",ambiguous,0.95,dev,0,,"5564,5565,5595,5598,5599,5603",duplicate evidence
5577,normalized_duplicate,"related_ids=5564,5565,5595,5598,5599,5603; normalized_key=spot flood combo 53inch 300w curved cree led work light bar 4x4 offroad fog lamp full re û_ url url",keep_but_flag,0.95,dev,0,,"5564,5565,5595,5598,5599,5603",duplicate evidence
5579,normalized_duplicate,related_ids=5609; normalized_key=12 72w cree led work light bar alloy spot flood combo diving offroad 4wd boat full read û_ url url,keep_but_flag,0.95,train,0,,5609,duplicate evidence
5580,conflicting_label_duplicate,"related_ids=5570,5588,5592; normalized_key=2pcs 18w cree led work light offroad lamp car truck boat mining 4wd flood beam full rea û_ url url",ambiguous,0.95,train,1,,"5570,5588,5592",duplicate evidence
5580,normalized_duplicate,"related_ids=5570,5588,5592; normalized_key=2pcs 18w cree led work light offroad lamp car truck boat mining 4wd flood beam full rea û_ url url",keep_but_flag,0.95,train,1,,"5570,5588,5592",duplicate evidence
5588,conflicting_label_duplicate,"related_ids=5570,5580,5592; normalized_key=2pcs 18w cree led work light offroad lamp car truck boat mining 4wd flood beam full rea û_ url url",ambiguous,0.95,train,0,,"5570,5580,5592",duplicate evidence
5588,normalized_duplicate,"related_ids=5570,5580,5592; normalized_key=2pcs 18w cree led work light offroad lamp car truck boat mining 4wd flood beam full rea û_ url url",keep_but_flag,0.95,train,0,,"5570,5580,5592",duplicate evidence
5592,conflicting_label_duplicate,"related_ids=5570,5580,5588; normalized_key=2pcs 18w cree led work light offroad lamp car truck boat mining 4wd flood beam full rea û_ url url",ambiguous,0.95,dev,0,,"5570,5580,5588",duplicate evidence
5592,normalized_duplicate,"related_ids=5570,5580,5588; normalized_key=2pcs 18w cree led work light offroad lamp car truck boat mining 4wd flood beam full rea û_ url url",keep_but_flag,0.95,dev,0,,"5570,5580,5588",duplicate evidence
5595,conflicting_label_duplicate,"related_ids=5564,5565,5577,5598,5599,5603; normalized_key=spot flood combo 53inch 300w curved cree led work light bar 4x4 offroad fog lamp full re û_ url url",ambiguous,0.95,train,0,,"5564,5565,5577,5598,5599,5603",duplicate evidence
5595,normalized_duplicate,"related_ids=5564,5565,5577,5598,5599,5603; normalized_key=spot flood combo 53inch 300w curved cree led work light bar 4x4 offroad fog lamp full re û_ url url",keep_but_flag,0.95,train,0,,"5564,5565,5577,5598,5599,5603",duplicate evidence
5598,conflicting_label_duplicate,"related_ids=5564,5565,5577,5595,5599,5603; normalized_key=spot flood combo 53inch 300w curved cree led work light bar 4x4 offroad fog lamp full re û_ url url",ambiguous,0.95,dev,0,,"5564,5565,5577,5595,5599,5603",duplicate evidence
5598,normalized_duplicate,"related_ids=5564,5565,5577,5595,5599,5603; normalized_key=spot flood combo 53inch 300w curved cree led work light bar 4x4 offroad fog lamp full re û_ url url",keep_but_flag,0.95,dev,0,,"5564,5565,5577,5595,5599,5603",duplicate evidence
5599,conflicting_label_duplicate,"related_ids=5564,5565,5577,5595,5598,5603; normalized_key=spot flood combo 53inch 300w curved cree led work light bar 4x4 offroad fog lamp full re û_ url url",ambiguous,0.95,train,0,,"5564,5565,5577,5595,5598,5603",duplicate evidence
5599,normalized_duplicate,"related_ids=5564,5565,5577,5595,5598,5603; normalized_key=spot flood combo 53inch 300w curved cree led work light bar 4x4 offroad fog lamp full re û_ url url",keep_but_flag,0.95,train,0,,"5564,5565,5577,5595,5598,5603",duplicate evidence
5603,conflicting_label_duplicate,"related_ids=5564,5565,5577,5595,5598,5599; normalized_key=spot flood combo 53inch 300w curved cree led work light bar 4x4 offroad fog lamp full re û_ url url",ambiguous,0.95,heldout,0,,"5564,5565,5577,5595,5598,5599",duplicate evidence
5603,normalized_duplicate,"related_ids=5564,5565,5577,5595,5598,5599; normalized_key=spot flood combo 53inch 300w curved cree led work light bar 4x4 offroad fog lamp full re û_ url url",keep_but_flag,0.95,heldout,0,,"5564,5565,5577,5595,5598,5599",duplicate evidence
5609,normalized_duplicate,related_ids=5579; normalized_key=12 72w cree led work light bar alloy spot flood combo diving offroad 4wd boat full read û_ url url,keep_but_flag,0.95,train,0,,5579,duplicate evidence
5612,normalized_duplicate,related_ids=5628; normalized_key=cuban leader extends sympathy to vietnam over flooding at url,keep_but_flag,0.95,train,1,,5628,duplicate evidence
5628,normalized_duplicate,related_ids=5612; normalized_key=cuban leader extends sympathy to vietnam over flooding at url,keep_but_flag,0.95,train,1,,5612,duplicate evidence
5662,conflicting_label_duplicate,"related_ids=5699,5710; normalized_key=who is bringing the tornadoes and floods who is bringing the climate change god is after america he ",ambiguous,0.95,heldout,1,,"5699,5710",duplicate evidence
5662,exact_duplicate,"related_ids=5699,5710; normalized_key=who is bringing the tornadoes and floods who is bringing the climate change god is after america he ",keep_but_flag,0.95,heldout,1,,"5699,5710",duplicate evidence
5662,high_confidence_fn,model_score=0.0741; text=Who is bringing the tornadoes and floods. Who is bringing the climate change. God is after America He is plaguing her #FARRAKHAN #QUOTE,ambiguous,0.925940379085,heldout,1,,,model disagreement is not label proof
5662,near_duplicate,related_id=5699; cosine=1.0000,ambiguous,1,,1,,5699,character 3-5 gram TF-IDF cosine
5662,normalized_duplicate,"related_ids=5699,5710; normalized_key=who is bringing the tornadoes and floods who is bringing the climate change god is after america he ",keep_but_flag,0.95,heldout,1,,"5699,5710",duplicate evidence
5699,conflicting_label_duplicate,"related_ids=5662,5710; normalized_key=who is bringing the tornadoes and floods who is bringing the climate change god is after america he ",ambiguous,0.95,train,0,,"5662,5710",duplicate evidence
5699,exact_duplicate,"related_ids=5662,5710; normalized_key=who is bringing the tornadoes and floods who is bringing the climate change god is after america he ",keep_but_flag,0.95,train,0,,"5662,5710",duplicate evidence
5699,normalized_duplicate,"related_ids=5662,5710; normalized_key=who is bringing the tornadoes and floods who is bringing the climate change god is after america he ",keep_but_flag,0.95,train,0,,"5662,5710",duplicate evidence
5710,conflicting_label_duplicate,"related_ids=5662,5699; normalized_key=who is bringing the tornadoes and floods who is bringing the climate change god is after america he ",ambiguous,0.95,train,0,,"5662,5699",duplicate evidence
5710,exact_duplicate,"related_ids=5662,5699; normalized_key=who is bringing the tornadoes and floods who is bringing the climate change god is after america he ",keep_but_flag,0.95,train,0,,"5662,5699",duplicate evidence
5710,normalized_duplicate,"related_ids=5662,5699; normalized_key=who is bringing the tornadoes and floods who is bringing the climate change god is after america he ",keep_but_flag,0.95,train,0,,"5662,5699",duplicate evidence
5714,conflicting_label_duplicate,related_ids=5734; normalized_key=how is it one careless match can start a forest fire but it takes a whole box to start a campfire,ambiguous,0.95,dev,1,,5734,duplicate evidence
5714,near_duplicate,related_id=5734; cosine=0.9618,ambiguous,0.961835663102,,1,,5734,character 3-5 gram TF-IDF cosine
5714,normalized_duplicate,related_ids=5734; normalized_key=how is it one careless match can start a forest fire but it takes a whole box to start a campfire,keep_but_flag,0.95,dev,1,,5734,duplicate evidence
5716,normalized_duplicate,related_ids=5726; normalized_key=fire in pisgah national forest grows to 375 acres url,keep_but_flag,0.95,train,1,,5726,duplicate evidence
5726,normalized_duplicate,related_ids=5716; normalized_key=fire in pisgah national forest grows to 375 acres url,keep_but_flag,0.95,dev,1,,5716,duplicate evidence
5734,conflicting_label_duplicate,related_ids=5714; normalized_key=how is it one careless match can start a forest fire but it takes a whole box to start a campfire,ambiguous,0.95,heldout,0,,5714,duplicate evidence
5734,normalized_duplicate,related_ids=5714; normalized_key=how is it one careless match can start a forest fire but it takes a whole box to start a campfire,keep_but_flag,0.95,heldout,0,,5714,duplicate evidence
5760,high_confidence_fp,model_score=0.9217; text=Tales of the #trees #deep water loving #Lake Tahoe. And no #forest fires https://t.co/xuhMJ098Lq,ambiguous,0.921706562732,heldout,0,,,model disagreement is not label proof
5795,normalized_duplicate,related_ids=5803; normalized_key=strong thunderstorm 4 miles north of japton moving se at 25 mph large hail and wind gusts up to 50 m,keep_but_flag,0.95,train,1,,5803,duplicate evidence
5803,normalized_duplicate,related_ids=5795; normalized_key=strong thunderstorm 4 miles north of japton moving se at 25 mph large hail and wind gusts up to 50 m,keep_but_flag,0.95,train,1,,5795,duplicate evidence
5815,normalized_duplicate,related_ids=5825; normalized_key=new warning for central hills 1 hail 60 mph winds not affecting sturgis but could later tonight kota,keep_but_flag,0.95,dev,1,,5825,duplicate evidence
5825,normalized_duplicate,related_ids=5815; normalized_key=new warning for central hills 1 hail 60 mph winds not affecting sturgis but could later tonight kota,keep_but_flag,0.95,train,1,,5815,duplicate evidence
5890,conflicting_label_duplicate,"related_ids=5898,5921; normalized_key=user love what you picked we re playing worth it by fifth harm kid ink because of you listen amp vot",ambiguous,0.95,train,1,,"5898,5921",duplicate evidence
5890,normalized_duplicate,"related_ids=5898,5921; normalized_key=user love what you picked we re playing worth it by fifth harm kid ink because of you listen amp vot",keep_but_flag,0.95,train,1,,"5898,5921",duplicate evidence
5898,conflicting_label_duplicate,"related_ids=5890,5921; normalized_key=user love what you picked we re playing worth it by fifth harm kid ink because of you listen amp vot",ambiguous,0.95,train,0,,"5890,5921",duplicate evidence
5898,normalized_duplicate,"related_ids=5890,5921; normalized_key=user love what you picked we re playing worth it by fifth harm kid ink because of you listen amp vot",keep_but_flag,0.95,train,0,,"5890,5921",duplicate evidence
5903,high_confidence_fn,model_score=0.0077; text=You can never escape me. Bullets don't harm me. Nothing harms me. But I know pain. I know pain. Sometimes I share it. With someone like you.,ambiguous,0.992322143597,heldout,1,,,model disagreement is not label proof
5921,conflicting_label_duplicate,"related_ids=5890,5898; normalized_key=user love what you picked we re playing worth it by fifth harm kid ink because of you listen amp vot",ambiguous,0.95,train,0,,"5890,5898",duplicate evidence
5921,normalized_duplicate,"related_ids=5890,5898; normalized_key=user love what you picked we re playing worth it by fifth harm kid ink because of you listen amp vot",keep_but_flag,0.95,train,0,,"5890,5898",duplicate evidence
5939,conflicting_label_duplicate,related_ids=5959; normalized_key=choking hazard prompts recall of kraft cheese singles url,ambiguous,0.95,train,1,,5959,duplicate evidence
5939,normalized_duplicate,related_ids=5959; normalized_key=choking hazard prompts recall of kraft cheese singles url,keep_but_flag,0.95,train,1,,5959,duplicate evidence
5955,high_confidence_fn,model_score=0.1715; text=CONFIRMED: Sanchez Hazard and Bolasie will be out for the rest of the season. https://t.co/7Ct01nEptL,ambiguous,0.828458733235,heldout,1,,,model disagreement is not label proof
5959,conflicting_label_duplicate,related_ids=5939; normalized_key=choking hazard prompts recall of kraft cheese singles url,ambiguous,0.95,heldout,0,,5939,duplicate evidence
5959,normalized_duplicate,related_ids=5939; normalized_key=choking hazard prompts recall of kraft cheese singles url,keep_but_flag,0.95,heldout,0,,5939,duplicate evidence
5996,conflicting_label_duplicate,"related_ids=6023,6031; normalized_key=foodscare offers2go nestleindia slips into loss after magginoodle ban unsafe and hazardous for human",ambiguous,0.95,train,1,,"6023,6031",duplicate evidence
5996,exact_duplicate,"related_ids=6023,6031; normalized_key=foodscare offers2go nestleindia slips into loss after magginoodle ban unsafe and hazardous for human",keep_but_flag,0.95,train,1,,"6023,6031",duplicate evidence
5996,near_duplicate,related_id=6031; cosine=1.0000,ambiguous,1,,1,,6031,character 3-5 gram TF-IDF cosine
5996,normalized_duplicate,"related_ids=6023,6031; normalized_key=foodscare offers2go nestleindia slips into loss after magginoodle ban unsafe and hazardous for human",keep_but_flag,0.95,train,1,,"6023,6031",duplicate evidence
5998,normalized_duplicate,"related_ids=6030,6034; normalized_key=skinny jeans are hazardous for your health socialnews url",keep_but_flag,0.95,dev,1,,"6030,6034",duplicate evidence
6004,near_duplicate,related_id=6009; cosine=0.9565,keep_but_flag,0.956546547082,,0,,6009,character 3-5 gram TF-IDF cosine
6004,normalized_duplicate,related_ids=6009; normalized_key=user also pls help us w our campaign to warn the public about the hazardous keratin treatments the b,keep_but_flag,0.95,train,0,,6009,duplicate evidence
6009,normalized_duplicate,related_ids=6004; normalized_key=user also pls help us w our campaign to warn the public about the hazardous keratin treatments the b,keep_but_flag,0.95,train,0,,6004,duplicate evidence
6012,conflicting_label_duplicate,related_ids=6017; normalized_key=caution breathing may be hazardous to your health,ambiguous,0.95,train,1,,6017,duplicate evidence
6012,exact_duplicate,related_ids=6017; normalized_key=caution breathing may be hazardous to your health,keep_but_flag,0.95,train,1,,6017,duplicate evidence
6012,normalized_duplicate,related_ids=6017; normalized_key=caution breathing may be hazardous to your health,keep_but_flag,0.95,train,1,,6017,duplicate evidence
6017,conflicting_label_duplicate,related_ids=6012; normalized_key=caution breathing may be hazardous to your health,ambiguous,0.95,train,0,,6012,duplicate evidence
6017,exact_duplicate,related_ids=6012; normalized_key=caution breathing may be hazardous to your health,keep_but_flag,0.95,train,0,,6012,duplicate evidence
6017,normalized_duplicate,related_ids=6012; normalized_key=caution breathing may be hazardous to your health,keep_but_flag,0.95,train,0,,6012,duplicate evidence
6023,conflicting_label_duplicate,"related_ids=5996,6031; normalized_key=foodscare offers2go nestleindia slips into loss after magginoodle ban unsafe and hazardous for human",ambiguous,0.95,heldout,1,,"5996,6031",duplicate evidence
6023,exact_duplicate,"related_ids=5996,6031; normalized_key=foodscare offers2go nestleindia slips into loss after magginoodle ban unsafe and hazardous for human",keep_but_flag,0.95,heldout,1,,"5996,6031",duplicate evidence
6023,near_duplicate,related_id=6031; cosine=1.0000,ambiguous,1,,1,,6031,character 3-5 gram TF-IDF cosine
6023,normalized_duplicate,"related_ids=5996,6031; normalized_key=foodscare offers2go nestleindia slips into loss after magginoodle ban unsafe and hazardous for human",keep_but_flag,0.95,heldout,1,,"5996,6031",duplicate evidence
6030,normalized_duplicate,"related_ids=5998,6034; normalized_key=skinny jeans are hazardous for your health socialnews url",keep_but_flag,0.95,train,1,,"5998,6034",duplicate evidence
6031,conflicting_label_duplicate,"related_ids=5996,6023; normalized_key=foodscare offers2go nestleindia slips into loss after magginoodle ban unsafe and hazardous for human",ambiguous,0.95,train,0,,"5996,6023",duplicate evidence
6031,exact_duplicate,"related_ids=5996,6023; normalized_key=foodscare offers2go nestleindia slips into loss after magginoodle ban unsafe and hazardous for human",keep_but_flag,0.95,train,0,,"5996,6023",duplicate evidence
6031,normalized_duplicate,"related_ids=5996,6023; normalized_key=foodscare offers2go nestleindia slips into loss after magginoodle ban unsafe and hazardous for human",keep_but_flag,0.95,train,0,,"5996,6023",duplicate evidence
6034,normalized_duplicate,"related_ids=5998,6030; normalized_key=skinny jeans are hazardous for your health socialnews url",keep_but_flag,0.95,train,1,,"5998,6030",duplicate evidence
6085,high_confidence_fp,model_score=0.9161; text=Orchid - Sign Of The Witch http://t.co/YtkXwPyIHg,ambiguous,0.916063383428,heldout,0,,,model disagreement is not label proof
6087,conflicting_label_duplicate,"related_ids=6090,6097,6111,6118,6132; normalized_key=the prophet peace be upon him said save yourself from hellfire even if it is by giving half a date i",ambiguous,0.95,train,0,,"6090,6097,6111,6118,6132",duplicate evidence
6087,exact_duplicate,"related_ids=6090,6097,6111,6118,6132; normalized_key=the prophet peace be upon him said save yourself from hellfire even if it is by giving half a date i",keep_but_flag,0.95,train,0,,"6090,6097,6111,6118,6132",duplicate evidence
6087,near_duplicate,related_id=6132; cosine=1.0000,ambiguous,1,,0,,6132,character 3-5 gram TF-IDF cosine
6087,normalized_duplicate,"related_ids=6090,6097,6111,6118,6132; normalized_key=the prophet peace be upon him said save yourself from hellfire even if it is by giving half a date i",keep_but_flag,0.95,train,0,,"6090,6097,6111,6118,6132",duplicate evidence
6088,conflicting_label_duplicate,"related_ids=6112,6125; normalized_key=hellfire is surrounded by desires so be careful and don ûªt let your desires control you afterlife",ambiguous,0.95,train,0,,"6112,6125",duplicate evidence
6088,exact_duplicate,"related_ids=6112,6125; normalized_key=hellfire is surrounded by desires so be careful and don ûªt let your desires control you afterlife",keep_but_flag,0.95,train,0,,"6112,6125",duplicate evidence
6088,near_duplicate,related_id=6112; cosine=1.0000,ambiguous,1,,0,,6112,character 3-5 gram TF-IDF cosine
6088,normalized_duplicate,"related_ids=6112,6125; normalized_key=hellfire is surrounded by desires so be careful and don ûªt let your desires control you afterlife",keep_but_flag,0.95,train,0,,"6112,6125",duplicate evidence
6090,conflicting_label_duplicate,"related_ids=6087,6097,6111,6118,6132; normalized_key=the prophet peace be upon him said save yourself from hellfire even if it is by giving half a date i",ambiguous,0.95,train,0,,"6087,6097,6111,6118,6132",duplicate evidence
6090,exact_duplicate,"related_ids=6087,6097,6111,6118,6132; normalized_key=the prophet peace be upon him said save yourself from hellfire even if it is by giving half a date i",keep_but_flag,0.95,train,0,,"6087,6097,6111,6118,6132",duplicate evidence
6090,near_duplicate,related_id=6132; cosine=1.0000,ambiguous,1,,0,,6132,character 3-5 gram TF-IDF cosine
6090,normalized_duplicate,"related_ids=6087,6097,6111,6118,6132; normalized_key=the prophet peace be upon him said save yourself from hellfire even if it is by giving half a date i",keep_but_flag,0.95,train,0,,"6087,6097,6111,6118,6132",duplicate evidence
6092,exact_duplicate,"related_ids=6096,6110; normalized_key=beware of your temper and a loose tongue these two dangerous weapons combined can lead a person to t",keep_but_flag,0.95,train,0,,"6096,6110",duplicate evidence
6092,normalized_duplicate,"related_ids=6096,6110; normalized_key=beware of your temper and a loose tongue these two dangerous weapons combined can lead a person to t",keep_but_flag,0.95,train,0,,"6096,6110",duplicate evidence
6094,conflicting_label_duplicate,"related_ids=6105,6123; normalized_key=allah describes piling up wealth thinking it would last forever as the description of the people of ",ambiguous,0.95,train,0,,"6105,6123",duplicate evidence
6094,exact_duplicate,"related_ids=6105,6123; normalized_key=allah describes piling up wealth thinking it would last forever as the description of the people of ",keep_but_flag,0.95,train,0,,"6105,6123",duplicate evidence
6094,near_duplicate,related_id=6105; cosine=1.0000,keep_but_flag,1,,0,,6105,character 3-5 gram TF-IDF cosine
6094,normalized_duplicate,"related_ids=6105,6123; normalized_key=allah describes piling up wealth thinking it would last forever as the description of the people of ",keep_but_flag,0.95,train,0,,"6105,6123",duplicate evidence
6096,exact_duplicate,"related_ids=6092,6110; normalized_key=beware of your temper and a loose tongue these two dangerous weapons combined can lead a person to t",keep_but_flag,0.95,train,0,,"6092,6110",duplicate evidence
6096,normalized_duplicate,"related_ids=6092,6110; normalized_key=beware of your temper and a loose tongue these two dangerous weapons combined can lead a person to t",keep_but_flag,0.95,train,0,,"6092,6110",duplicate evidence
6097,conflicting_label_duplicate,"related_ids=6087,6090,6111,6118,6132; normalized_key=the prophet peace be upon him said save yourself from hellfire even if it is by giving half a date i",ambiguous,0.95,train,1,,"6087,6090,6111,6118,6132",duplicate evidence
6097,exact_duplicate,"related_ids=6087,6090,6111,6118,6132; normalized_key=the prophet peace be upon him said save yourself from hellfire even if it is by giving half a date i",keep_but_flag,0.95,train,1,,"6087,6090,6111,6118,6132",duplicate evidence
6097,near_duplicate,related_id=6132; cosine=1.0000,keep_but_flag,1,,1,,6132,character 3-5 gram TF-IDF cosine
6097,normalized_duplicate,"related_ids=6087,6090,6111,6118,6132; normalized_key=the prophet peace be upon him said save yourself from hellfire even if it is by giving half a date i",keep_but_flag,0.95,train,1,,"6087,6090,6111,6118,6132",duplicate evidence
6098,exact_duplicate,related_ids=6119; normalized_key=hellfire we don ûªt even want to think about it or mention it so let ûªs not do anything that leads ,keep_but_flag,0.95,train,0,,6119,duplicate evidence
6098,normalized_duplicate,related_ids=6119; normalized_key=hellfire we don ûªt even want to think about it or mention it so let ûªs not do anything that leads ,keep_but_flag,0.95,train,0,,6119,duplicate evidence
6099,exact_duplicate,related_ids=6116; normalized_key=hellfire is surrounded by desires so be careful and don ûªt let your desires control you afterlife i,keep_but_flag,0.95,dev,0,,6116,duplicate evidence
6099,normalized_duplicate,related_ids=6116; normalized_key=hellfire is surrounded by desires so be careful and don ûªt let your desires control you afterlife i,keep_but_flag,0.95,dev,0,,6116,duplicate evidence
6105,conflicting_label_duplicate,"related_ids=6094,6123; normalized_key=allah describes piling up wealth thinking it would last forever as the description of the people of ",ambiguous,0.95,dev,0,,"6094,6123",duplicate evidence
6105,exact_duplicate,"related_ids=6094,6123; normalized_key=allah describes piling up wealth thinking it would last forever as the description of the people of ",keep_but_flag,0.95,dev,0,,"6094,6123",duplicate evidence
6105,normalized_duplicate,"related_ids=6094,6123; normalized_key=allah describes piling up wealth thinking it would last forever as the description of the people of ",keep_but_flag,0.95,dev,0,,"6094,6123",duplicate evidence
6110,exact_duplicate,"related_ids=6092,6096; normalized_key=beware of your temper and a loose tongue these two dangerous weapons combined can lead a person to t",keep_but_flag,0.95,heldout,0,,"6092,6096",duplicate evidence
6110,normalized_duplicate,"related_ids=6092,6096; normalized_key=beware of your temper and a loose tongue these two dangerous weapons combined can lead a person to t",keep_but_flag,0.95,heldout,0,,"6092,6096",duplicate evidence
6111,conflicting_label_duplicate,"related_ids=6087,6090,6097,6118,6132; normalized_key=the prophet peace be upon him said save yourself from hellfire even if it is by giving half a date i",ambiguous,0.95,dev,0,,"6087,6090,6097,6118,6132",duplicate evidence
6111,exact_duplicate,"related_ids=6087,6090,6097,6118,6132; normalized_key=the prophet peace be upon him said save yourself from hellfire even if it is by giving half a date i",keep_but_flag,0.95,dev,0,,"6087,6090,6097,6118,6132",duplicate evidence
6111,near_duplicate,related_id=6132; cosine=1.0000,ambiguous,1,,0,,6132,character 3-5 gram TF-IDF cosine
6111,normalized_duplicate,"related_ids=6087,6090,6097,6118,6132; normalized_key=the prophet peace be upon him said save yourself from hellfire even if it is by giving half a date i",keep_but_flag,0.95,dev,0,,"6087,6090,6097,6118,6132",duplicate evidence
6112,conflicting_label_duplicate,"related_ids=6088,6125; normalized_key=hellfire is surrounded by desires so be careful and don ûªt let your desires control you afterlife",ambiguous,0.95,heldout,1,,"6088,6125",duplicate evidence
6112,exact_duplicate,"related_ids=6088,6125; normalized_key=hellfire is surrounded by desires so be careful and don ûªt let your desires control you afterlife",keep_but_flag,0.95,heldout,1,,"6088,6125",duplicate evidence
6112,high_confidence_fn,model_score=0.0392; text=Hellfire is surrounded by desires so be careful and donÛªt let your desires control you! #Afterlife,ambiguous,0.960787036169,heldout,1,,,model disagreement is not label proof
6112,normalized_duplicate,"related_ids=6088,6125; normalized_key=hellfire is surrounded by desires so be careful and don ûªt let your desires control you afterlife",keep_but_flag,0.95,heldout,1,,"6088,6125",duplicate evidence
6113,conflicting_label_duplicate,related_ids=6134; normalized_key=hellfire we don ûªt even want to think about it or mention it so let ûªs not do anything that leads ,ambiguous,0.95,train,0,,6134,duplicate evidence
6113,exact_duplicate,related_ids=6134; normalized_key=hellfire we don ûªt even want to think about it or mention it so let ûªs not do anything that leads ,keep_but_flag,0.95,train,0,,6134,duplicate evidence
6113,near_duplicate,related_id=6134; cosine=1.0000,ambiguous,1,,0,,6134,character 3-5 gram TF-IDF cosine
6113,normalized_duplicate,related_ids=6134; normalized_key=hellfire we don ûªt even want to think about it or mention it so let ûªs not do anything that leads ,keep_but_flag,0.95,train,0,,6134,duplicate evidence
6116,exact_duplicate,related_ids=6099; normalized_key=hellfire is surrounded by desires so be careful and don ûªt let your desires control you afterlife i,keep_but_flag,0.95,train,0,,6099,duplicate evidence
6116,normalized_duplicate,related_ids=6099; normalized_key=hellfire is surrounded by desires so be careful and don ûªt let your desires control you afterlife i,keep_but_flag,0.95,train,0,,6099,duplicate evidence
6118,conflicting_label_duplicate,"related_ids=6087,6090,6097,6111,6132; normalized_key=the prophet peace be upon him said save yourself from hellfire even if it is by giving half a date i",ambiguous,0.95,train,0,,"6087,6090,6097,6111,6132",duplicate evidence
6118,exact_duplicate,"related_ids=6087,6090,6097,6111,6132; normalized_key=the prophet peace be upon him said save yourself from hellfire even if it is by giving half a date i",keep_but_flag,0.95,train,0,,"6087,6090,6097,6111,6132",duplicate evidence
6118,near_duplicate,related_id=6132; cosine=1.0000,ambiguous,1,,0,,6132,character 3-5 gram TF-IDF cosine
6118,normalized_duplicate,"related_ids=6087,6090,6097,6111,6132; normalized_key=the prophet peace be upon him said save yourself from hellfire even if it is by giving half a date i",keep_but_flag,0.95,train,0,,"6087,6090,6097,6111,6132",duplicate evidence
6119,exact_duplicate,related_ids=6098; normalized_key=hellfire we don ûªt even want to think about it or mention it so let ûªs not do anything that leads ,keep_but_flag,0.95,heldout,0,,6098,duplicate evidence
6119,normalized_duplicate,related_ids=6098; normalized_key=hellfire we don ûªt even want to think about it or mention it so let ûªs not do anything that leads ,keep_but_flag,0.95,heldout,0,,6098,duplicate evidence
6120,high_confidence_fn,model_score=0.1147; text=@gg_keeponrockin @StrawberrySoryu Oh okay I just got the message twice and got suspicious. Sorry. I'll check it out!,ambiguous,0.885343253295,heldout,1,,,model disagreement is not label proof
6123,conflicting_label_duplicate,"related_ids=6094,6105; normalized_key=allah describes piling up wealth thinking it would last forever as the description of the people of ",ambiguous,0.95,dev,1,,"6094,6105",duplicate evidence
6123,exact_duplicate,"related_ids=6094,6105; normalized_key=allah describes piling up wealth thinking it would last forever as the description of the people of ",keep_but_flag,0.95,dev,1,,"6094,6105",duplicate evidence
6123,normalized_duplicate,"related_ids=6094,6105; normalized_key=allah describes piling up wealth thinking it would last forever as the description of the people of ",keep_but_flag,0.95,dev,1,,"6094,6105",duplicate evidence
6125,conflicting_label_duplicate,"related_ids=6088,6112; normalized_key=hellfire is surrounded by desires so be careful and don ûªt let your desires control you afterlife",ambiguous,0.95,train,0,,"6088,6112",duplicate evidence
6125,exact_duplicate,"related_ids=6088,6112; normalized_key=hellfire is surrounded by desires so be careful and don ûªt let your desires control you afterlife",keep_but_flag,0.95,train,0,,"6088,6112",duplicate evidence
6125,normalized_duplicate,"related_ids=6088,6112; normalized_key=hellfire is surrounded by desires so be careful and don ûªt let your desires control you afterlife",keep_but_flag,0.95,train,0,,"6088,6112",duplicate evidence
6132,conflicting_label_duplicate,"related_ids=6087,6090,6097,6111,6118; normalized_key=the prophet peace be upon him said save yourself from hellfire even if it is by giving half a date i",ambiguous,0.95,heldout,1,,"6087,6090,6097,6111,6118",duplicate evidence
6132,exact_duplicate,"related_ids=6087,6090,6097,6111,6118; normalized_key=the prophet peace be upon him said save yourself from hellfire even if it is by giving half a date i",keep_but_flag,0.95,heldout,1,,"6087,6090,6097,6111,6118",duplicate evidence
6132,normalized_duplicate,"related_ids=6087,6090,6097,6111,6118; normalized_key=the prophet peace be upon him said save yourself from hellfire even if it is by giving half a date i",keep_but_flag,0.95,heldout,1,,"6087,6090,6097,6111,6118",duplicate evidence
6134,conflicting_label_duplicate,related_ids=6113; normalized_key=hellfire we don ûªt even want to think about it or mention it so let ûªs not do anything that leads ,ambiguous,0.95,heldout,1,,6113,duplicate evidence
6134,exact_duplicate,related_ids=6113; normalized_key=hellfire we don ûªt even want to think about it or mention it so let ûªs not do anything that leads ,keep_but_flag,0.95,heldout,1,,6113,duplicate evidence
6134,high_confidence_fn,model_score=0.0441; text=Hellfire! We donÛªt even want to think about it or mention it so letÛªs not do anything that leads to it #islam!,ambiguous,0.955939134872,heldout,1,,,model disagreement is not label proof
6134,normalized_duplicate,related_ids=6113; normalized_key=hellfire we don ûªt even want to think about it or mention it so let ûªs not do anything that leads ,keep_but_flag,0.95,heldout,1,,6113,duplicate evidence
6135,normalized_duplicate,related_ids=6178; normalized_key=tension in bayelsa as patience jonathan plans to hijack apc pdp url,keep_but_flag,0.95,train,1,,6178,duplicate evidence
6138,conflicting_label_duplicate,"related_ids=6174,6183; normalized_key=bayelsa poll tension in bayelsa as patience jonathan plans to hijack apc pdp plans by former first l",ambiguous,0.95,train,1,,"6174,6183",duplicate evidence
6138,normalized_duplicate,"related_ids=6174,6183; normalized_key=bayelsa poll tension in bayelsa as patience jonathan plans to hijack apc pdp plans by former first l",keep_but_flag,0.95,train,1,,"6174,6183",duplicate evidence
6145,normalized_duplicate,related_ids=6163; normalized_key=0 day bug in fully patched os x comes under active exploit to bypass password ars technica url,keep_but_flag,0.95,train,0,,6163,duplicate evidence
6151,normalized_duplicate,related_ids=6171; normalized_key=tension in bayelsa as patience jonathan plans to hijack apc pdp url url,keep_but_flag,0.95,train,1,,6171,duplicate evidence
6163,normalized_duplicate,related_ids=6145; normalized_key=0 day bug in fully patched os x comes under active exploit to bypass password ars technica url,keep_but_flag,0.95,heldout,0,,6145,duplicate evidence
6165,exact_duplicate,related_ids=6181; normalized_key=swansea û plot hijack transfer move for southampton target virgil van dijk ûª url,keep_but_flag,0.95,heldout,1,,6181,duplicate evidence
6165,near_duplicate,related_id=6181; cosine=1.0000,keep_but_flag,1,,1,,6181,character 3-5 gram TF-IDF cosine
6165,normalized_duplicate,related_ids=6181; normalized_key=swansea û plot hijack transfer move for southampton target virgil van dijk ûª url,keep_but_flag,0.95,heldout,1,,6181,duplicate evidence
6171,normalized_duplicate,related_ids=6151; normalized_key=tension in bayelsa as patience jonathan plans to hijack apc pdp url url,keep_but_flag,0.95,heldout,1,,6151,duplicate evidence
6174,conflicting_label_duplicate,"related_ids=6138,6183; normalized_key=bayelsa poll tension in bayelsa as patience jonathan plans to hijack apc pdp plans by former first l",ambiguous,0.95,train,0,,"6138,6183",duplicate evidence
6174,normalized_duplicate,"related_ids=6138,6183; normalized_key=bayelsa poll tension in bayelsa as patience jonathan plans to hijack apc pdp plans by former first l",keep_but_flag,0.95,train,0,,"6138,6183",duplicate evidence
6178,normalized_duplicate,related_ids=6135; normalized_key=tension in bayelsa as patience jonathan plans to hijack apc pdp url,keep_but_flag,0.95,train,1,,6135,duplicate evidence
6181,exact_duplicate,related_ids=6165; normalized_key=swansea û plot hijack transfer move for southampton target virgil van dijk ûª url,keep_but_flag,0.95,heldout,1,,6165,duplicate evidence
6181,normalized_duplicate,related_ids=6165; normalized_key=swansea û plot hijack transfer move for southampton target virgil van dijk ûª url,keep_but_flag,0.95,heldout,1,,6165,duplicate evidence
6183,conflicting_label_duplicate,"related_ids=6138,6174; normalized_key=bayelsa poll tension in bayelsa as patience jonathan plans to hijack apc pdp plans by former first l",ambiguous,0.95,train,0,,"6138,6174",duplicate evidence
6183,normalized_duplicate,"related_ids=6138,6174; normalized_key=bayelsa poll tension in bayelsa as patience jonathan plans to hijack apc pdp plans by former first l",keep_but_flag,0.95,train,0,,"6138,6174",duplicate evidence
6191,conflicting_label_duplicate,"related_ids=6193,6199,6200,6206,6207,6232; normalized_key=remove the url and linkury browser hijacker url url",ambiguous,0.95,train,1,,"6193,6199,6200,6206,6207,6232",duplicate evidence
6191,normalized_duplicate,"related_ids=6193,6199,6200,6206,6207,6232; normalized_key=remove the url and linkury browser hijacker url url",keep_but_flag,0.95,train,1,,"6193,6199,6200,6206,6207,6232",duplicate evidence
6193,conflicting_label_duplicate,"related_ids=6191,6199,6200,6206,6207,6232; normalized_key=remove the url and linkury browser hijacker url url",ambiguous,0.95,train,0,,"6191,6199,6200,6206,6207,6232",duplicate evidence
6193,normalized_duplicate,"related_ids=6191,6199,6200,6206,6207,6232; normalized_key=remove the url and linkury browser hijacker url url",keep_but_flag,0.95,train,0,,"6191,6199,6200,6206,6207,6232",duplicate evidence
6196,normalized_duplicate,"related_ids=6201,6218; normalized_key=governor allows parole for school bus hijacker url",keep_but_flag,0.95,heldout,1,,"6201,6218",duplicate evidence
6199,conflicting_label_duplicate,"related_ids=6191,6193,6200,6206,6207,6232; normalized_key=remove the url and linkury browser hijacker url url",ambiguous,0.95,train,1,,"6191,6193,6200,6206,6207,6232",duplicate evidence
6199,normalized_duplicate,"related_ids=6191,6193,6200,6206,6207,6232; normalized_key=remove the url and linkury browser hijacker url url",keep_but_flag,0.95,train,1,,"6191,6193,6200,6206,6207,6232",duplicate evidence
6200,conflicting_label_duplicate,"related_ids=6191,6193,6199,6206,6207,6232; normalized_key=remove the url and linkury browser hijacker url url",ambiguous,0.95,dev,0,,"6191,6193,6199,6206,6207,6232",duplicate evidence
6200,normalized_duplicate,"related_ids=6191,6193,6199,6206,6207,6232; normalized_key=remove the url and linkury browser hijacker url url",keep_but_flag,0.95,dev,0,,"6191,6193,6199,6206,6207,6232",duplicate evidence
6201,normalized_duplicate,"related_ids=6196,6218; normalized_key=governor allows parole for school bus hijacker url",keep_but_flag,0.95,train,1,,"6196,6218",duplicate evidence
6206,conflicting_label_duplicate,"related_ids=6191,6193,6199,6200,6207,6232; normalized_key=remove the url and linkury browser hijacker url url",ambiguous,0.95,dev,0,,"6191,6193,6199,6200,6207,6232",duplicate evidence
6206,normalized_duplicate,"related_ids=6191,6193,6199,6200,6207,6232; normalized_key=remove the url and linkury browser hijacker url url",keep_but_flag,0.95,dev,0,,"6191,6193,6199,6200,6207,6232",duplicate evidence
6207,conflicting_label_duplicate,"related_ids=6191,6193,6199,6200,6206,6232; normalized_key=remove the url and linkury browser hijacker url url",ambiguous,0.95,train,0,,"6191,6193,6199,6200,6206,6232",duplicate evidence
6207,normalized_duplicate,"related_ids=6191,6193,6199,6200,6206,6232; normalized_key=remove the url and linkury browser hijacker url url",keep_but_flag,0.95,train,0,,"6191,6193,6199,6200,6206,6232",duplicate evidence
6211,high_confidence_fp,model_score=0.9006; text=Governor allows parole for California school bus hijacker | Fresno Linked Local Network http://t.co/Sww0QsMxVM http://t.co/bcdP4gKokA,ambiguous,0.90057905618,heldout,0,,,model disagreement is not label proof
6217,conflicting_label_duplicate,related_ids=6219; normalized_key=governor weighs parole for california school bus hijacker url url,ambiguous,0.95,train,0,,6219,duplicate evidence
6217,normalized_duplicate,related_ids=6219; normalized_key=governor weighs parole for california school bus hijacker url url,keep_but_flag,0.95,train,0,,6219,duplicate evidence
6218,normalized_duplicate,"related_ids=6196,6201; normalized_key=governor allows parole for school bus hijacker url",keep_but_flag,0.95,dev,1,,"6196,6201",duplicate evidence
6219,conflicting_label_duplicate,related_ids=6217; normalized_key=governor weighs parole for california school bus hijacker url url,ambiguous,0.95,train,1,,6217,duplicate evidence
6219,normalized_duplicate,related_ids=6217; normalized_key=governor weighs parole for california school bus hijacker url url,keep_but_flag,0.95,train,1,,6217,duplicate evidence
6220,conflicting_label_duplicate,related_ids=6223; normalized_key=rt notexplained the only known image of infamous hijacker d b cooper url,ambiguous,0.95,heldout,0,,6223,duplicate evidence
6220,exact_duplicate,related_ids=6223; normalized_key=rt notexplained the only known image of infamous hijacker d b cooper url,keep_but_flag,0.95,heldout,0,,6223,duplicate evidence
6220,high_confidence_fp,model_score=0.8001; text=RT NotExplained: The only known image of infamous hijacker D.B. Cooper. http://t.co/JlzK2HdeTG,ambiguous,0.800062929092,heldout,0,,,model disagreement is not label proof
6220,near_duplicate,related_id=6223; cosine=1.0000,ambiguous,1,,0,,6223,character 3-5 gram TF-IDF cosine
6220,normalized_duplicate,related_ids=6223; normalized_key=rt notexplained the only known image of infamous hijacker d b cooper url,keep_but_flag,0.95,heldout,0,,6223,duplicate evidence
6223,conflicting_label_duplicate,related_ids=6220; normalized_key=rt notexplained the only known image of infamous hijacker d b cooper url,ambiguous,0.95,heldout,1,,6220,duplicate evidence
6223,exact_duplicate,related_ids=6220; normalized_key=rt notexplained the only known image of infamous hijacker d b cooper url,keep_but_flag,0.95,heldout,1,,6220,duplicate evidence
6223,normalized_duplicate,related_ids=6220; normalized_key=rt notexplained the only known image of infamous hijacker d b cooper url,keep_but_flag,0.95,heldout,1,,6220,duplicate evidence
6232,conflicting_label_duplicate,"related_ids=6191,6193,6199,6200,6206,6207; normalized_key=remove the url and linkury browser hijacker url url",ambiguous,0.95,heldout,0,,"6191,6193,6199,6200,6206,6207",duplicate evidence
6232,normalized_duplicate,"related_ids=6191,6193,6199,6200,6206,6207; normalized_key=remove the url and linkury browser hijacker url url",keep_but_flag,0.95,heldout,0,,"6191,6193,6199,6200,6206,6207",duplicate evidence
6240,normalized_duplicate,"related_ids=6254,6277,6281; normalized_key=the murderous story of america ûªs first hijacking url",keep_but_flag,0.95,dev,1,,"6254,6277,6281",duplicate evidence
6243,conflicting_label_duplicate,"related_ids=6244,6245,6246,6248,6253,6255,6256,6259,6261,6262; normalized_key=hot funtenna hijacking computers to send data as sound waves black hat 2015 url prebreak best",ambiguous,0.95,train,0,,"6244,6245,6246,6248,6253,6255,6256,6259,6261,6262,6265,6267,6272,6274,6276,6283",duplicate evidence
6243,normalized_duplicate,"related_ids=6244,6245,6246,6248,6253,6255,6256,6259,6261,6262; normalized_key=hot funtenna hijacking computers to send data as sound waves black hat 2015 url prebreak best",keep_but_flag,0.95,train,0,,"6244,6245,6246,6248,6253,6255,6256,6259,6261,6262,6265,6267,6272,6274,6276,6283",duplicate evidence
6244,conflicting_label_duplicate,"related_ids=6243,6245,6246,6248,6253,6255,6256,6259,6261,6262; normalized_key=hot funtenna hijacking computers to send data as sound waves black hat 2015 url prebreak best",ambiguous,0.95,train,1,,"6243,6245,6246,6248,6253,6255,6256,6259,6261,6262,6265,6267,6272,6274,6276,6283",duplicate evidence
6244,normalized_duplicate,"related_ids=6243,6245,6246,6248,6253,6255,6256,6259,6261,6262; normalized_key=hot funtenna hijacking computers to send data as sound waves black hat 2015 url prebreak best",keep_but_flag,0.95,train,1,,"6243,6245,6246,6248,6253,6255,6256,6259,6261,6262,6265,6267,6272,6274,6276,6283",duplicate evidence
6245,conflicting_label_duplicate,"related_ids=6243,6244,6246,6248,6253,6255,6256,6259,6261,6262; normalized_key=hot funtenna hijacking computers to send data as sound waves black hat 2015 url prebreak best",ambiguous,0.95,dev,0,,"6243,6244,6246,6248,6253,6255,6256,6259,6261,6262,6265,6267,6272,6274,6276,6283",duplicate evidence
6245,normalized_duplicate,"related_ids=6243,6244,6246,6248,6253,6255,6256,6259,6261,6262; normalized_key=hot funtenna hijacking computers to send data as sound waves black hat 2015 url prebreak best",keep_but_flag,0.95,dev,0,,"6243,6244,6246,6248,6253,6255,6256,6259,6261,6262,6265,6267,6272,6274,6276,6283",duplicate evidence
6246,conflicting_label_duplicate,"related_ids=6243,6244,6245,6248,6253,6255,6256,6259,6261,6262; normalized_key=hot funtenna hijacking computers to send data as sound waves black hat 2015 url prebreak best",ambiguous,0.95,train,0,,"6243,6244,6245,6248,6253,6255,6256,6259,6261,6262,6265,6267,6272,6274,6276,6283",duplicate evidence
6246,normalized_duplicate,"related_ids=6243,6244,6245,6248,6253,6255,6256,6259,6261,6262; normalized_key=hot funtenna hijacking computers to send data as sound waves black hat 2015 url prebreak best",keep_but_flag,0.95,train,0,,"6243,6244,6245,6248,6253,6255,6256,6259,6261,6262,6265,6267,6272,6274,6276,6283",duplicate evidence
6248,conflicting_label_duplicate,"related_ids=6243,6244,6245,6246,6253,6255,6256,6259,6261,6262; normalized_key=hot funtenna hijacking computers to send data as sound waves black hat 2015 url prebreak best",ambiguous,0.95,train,0,,"6243,6244,6245,6246,6253,6255,6256,6259,6261,6262,6265,6267,6272,6274,6276,6283",duplicate evidence
6248,normalized_duplicate,"related_ids=6243,6244,6245,6246,6253,6255,6256,6259,6261,6262; normalized_key=hot funtenna hijacking computers to send data as sound waves black hat 2015 url prebreak best",keep_but_flag,0.95,train,0,,"6243,6244,6245,6246,6253,6255,6256,6259,6261,6262,6265,6267,6272,6274,6276,6283",duplicate evidence
6253,conflicting_label_duplicate,"related_ids=6243,6244,6245,6246,6248,6255,6256,6259,6261,6262; normalized_key=hot funtenna hijacking computers to send data as sound waves black hat 2015 url prebreak best",ambiguous,0.95,train,0,,"6243,6244,6245,6246,6248,6255,6256,6259,6261,6262,6265,6267,6272,6274,6276,6283",duplicate evidence
6253,normalized_duplicate,"related_ids=6243,6244,6245,6246,6248,6255,6256,6259,6261,6262; normalized_key=hot funtenna hijacking computers to send data as sound waves black hat 2015 url prebreak best",keep_but_flag,0.95,train,0,,"6243,6244,6245,6246,6248,6255,6256,6259,6261,6262,6265,6267,6272,6274,6276,6283",duplicate evidence
6254,normalized_duplicate,"related_ids=6240,6277,6281; normalized_key=the murderous story of america ûªs first hijacking url",keep_but_flag,0.95,train,1,,"6240,6277,6281",duplicate evidence
6255,conflicting_label_duplicate,"related_ids=6243,6244,6245,6246,6248,6253,6256,6259,6261,6262; normalized_key=hot funtenna hijacking computers to send data as sound waves black hat 2015 url prebreak best",ambiguous,0.95,train,0,,"6243,6244,6245,6246,6248,6253,6256,6259,6261,6262,6265,6267,6272,6274,6276,6283",duplicate evidence
6255,normalized_duplicate,"related_ids=6243,6244,6245,6246,6248,6253,6256,6259,6261,6262; normalized_key=hot funtenna hijacking computers to send data as sound waves black hat 2015 url prebreak best",keep_but_flag,0.95,train,0,,"6243,6244,6245,6246,6248,6253,6256,6259,6261,6262,6265,6267,6272,6274,6276,6283",duplicate evidence
6256,conflicting_label_duplicate,"related_ids=6243,6244,6245,6246,6248,6253,6255,6259,6261,6262; normalized_key=hot funtenna hijacking computers to send data as sound waves black hat 2015 url prebreak best",ambiguous,0.95,train,0,,"6243,6244,6245,6246,6248,6253,6255,6259,6261,6262,6265,6267,6272,6274,6276,6283",duplicate evidence
6256,normalized_duplicate,"related_ids=6243,6244,6245,6246,6248,6253,6255,6259,6261,6262; normalized_key=hot funtenna hijacking computers to send data as sound waves black hat 2015 url prebreak best",keep_but_flag,0.95,train,0,,"6243,6244,6245,6246,6248,6253,6255,6259,6261,6262,6265,6267,6272,6274,6276,6283",duplicate evidence
6259,conflicting_label_duplicate,"related_ids=6243,6244,6245,6246,6248,6253,6255,6256,6261,6262; normalized_key=hot funtenna hijacking computers to send data as sound waves black hat 2015 url prebreak best",ambiguous,0.95,train,1,,"6243,6244,6245,6246,6248,6253,6255,6256,6261,6262,6265,6267,6272,6274,6276,6283",duplicate evidence
6259,normalized_duplicate,"related_ids=6243,6244,6245,6246,6248,6253,6255,6256,6261,6262; normalized_key=hot funtenna hijacking computers to send data as sound waves black hat 2015 url prebreak best",keep_but_flag,0.95,train,1,,"6243,6244,6245,6246,6248,6253,6255,6256,6261,6262,6265,6267,6272,6274,6276,6283",duplicate evidence
6261,conflicting_label_duplicate,"related_ids=6243,6244,6245,6246,6248,6253,6255,6256,6259,6262; normalized_key=hot funtenna hijacking computers to send data as sound waves black hat 2015 url prebreak best",ambiguous,0.95,dev,0,,"6243,6244,6245,6246,6248,6253,6255,6256,6259,6262,6265,6267,6272,6274,6276,6283",duplicate evidence
6261,normalized_duplicate,"related_ids=6243,6244,6245,6246,6248,6253,6255,6256,6259,6262; normalized_key=hot funtenna hijacking computers to send data as sound waves black hat 2015 url prebreak best",keep_but_flag,0.95,dev,0,,"6243,6244,6245,6246,6248,6253,6255,6256,6259,6262,6265,6267,6272,6274,6276,6283",duplicate evidence
6262,conflicting_label_duplicate,"related_ids=6243,6244,6245,6246,6248,6253,6255,6256,6259,6261; normalized_key=hot funtenna hijacking computers to send data as sound waves black hat 2015 url prebreak best",ambiguous,0.95,train,0,,"6243,6244,6245,6246,6248,6253,6255,6256,6259,6261,6265,6267,6272,6274,6276,6283",duplicate evidence
6262,normalized_duplicate,"related_ids=6243,6244,6245,6246,6248,6253,6255,6256,6259,6261; normalized_key=hot funtenna hijacking computers to send data as sound waves black hat 2015 url prebreak best",keep_but_flag,0.95,train,0,,"6243,6244,6245,6246,6248,6253,6255,6256,6259,6261,6265,6267,6272,6274,6276,6283",duplicate evidence
6265,conflicting_label_duplicate,"related_ids=6243,6244,6245,6246,6248,6253,6255,6256,6259,6261; normalized_key=hot funtenna hijacking computers to send data as sound waves black hat 2015 url prebreak best",ambiguous,0.95,train,0,,"6243,6244,6245,6246,6248,6253,6255,6256,6259,6261,6262,6267,6272,6274,6276,6283",duplicate evidence
6265,normalized_duplicate,"related_ids=6243,6244,6245,6246,6248,6253,6255,6256,6259,6261; normalized_key=hot funtenna hijacking computers to send data as sound waves black hat 2015 url prebreak best",keep_but_flag,0.95,train,0,,"6243,6244,6245,6246,6248,6253,6255,6256,6259,6261,6262,6267,6272,6274,6276,6283",duplicate evidence
6267,conflicting_label_duplicate,"related_ids=6243,6244,6245,6246,6248,6253,6255,6256,6259,6261; normalized_key=hot funtenna hijacking computers to send data as sound waves black hat 2015 url prebreak best",ambiguous,0.95,train,0,,"6243,6244,6245,6246,6248,6253,6255,6256,6259,6261,6262,6265,6272,6274,6276,6283",duplicate evidence
6267,normalized_duplicate,"related_ids=6243,6244,6245,6246,6248,6253,6255,6256,6259,6261; normalized_key=hot funtenna hijacking computers to send data as sound waves black hat 2015 url prebreak best",keep_but_flag,0.95,train,0,,"6243,6244,6245,6246,6248,6253,6255,6256,6259,6261,6262,6265,6272,6274,6276,6283",duplicate evidence
6272,conflicting_label_duplicate,"related_ids=6243,6244,6245,6246,6248,6253,6255,6256,6259,6261; normalized_key=hot funtenna hijacking computers to send data as sound waves black hat 2015 url prebreak best",ambiguous,0.95,train,0,,"6243,6244,6245,6246,6248,6253,6255,6256,6259,6261,6262,6265,6267,6274,6276,6283",duplicate evidence
6272,normalized_duplicate,"related_ids=6243,6244,6245,6246,6248,6253,6255,6256,6259,6261; normalized_key=hot funtenna hijacking computers to send data as sound waves black hat 2015 url prebreak best",keep_but_flag,0.95,train,0,,"6243,6244,6245,6246,6248,6253,6255,6256,6259,6261,6262,6265,6267,6274,6276,6283",duplicate evidence
6274,conflicting_label_duplicate,"related_ids=6243,6244,6245,6246,6248,6253,6255,6256,6259,6261; normalized_key=hot funtenna hijacking computers to send data as sound waves black hat 2015 url prebreak best",ambiguous,0.95,train,1,,"6243,6244,6245,6246,6248,6253,6255,6256,6259,6261,6262,6265,6267,6272,6276,6283",duplicate evidence
6274,normalized_duplicate,"related_ids=6243,6244,6245,6246,6248,6253,6255,6256,6259,6261; normalized_key=hot funtenna hijacking computers to send data as sound waves black hat 2015 url prebreak best",keep_but_flag,0.95,train,1,,"6243,6244,6245,6246,6248,6253,6255,6256,6259,6261,6262,6265,6267,6272,6276,6283",duplicate evidence
6276,conflicting_label_duplicate,"related_ids=6243,6244,6245,6246,6248,6253,6255,6256,6259,6261; normalized_key=hot funtenna hijacking computers to send data as sound waves black hat 2015 url prebreak best",ambiguous,0.95,dev,1,,"6243,6244,6245,6246,6248,6253,6255,6256,6259,6261,6262,6265,6267,6272,6274,6283",duplicate evidence
6276,normalized_duplicate,"related_ids=6243,6244,6245,6246,6248,6253,6255,6256,6259,6261; normalized_key=hot funtenna hijacking computers to send data as sound waves black hat 2015 url prebreak best",keep_but_flag,0.95,dev,1,,"6243,6244,6245,6246,6248,6253,6255,6256,6259,6261,6262,6265,6267,6272,6274,6283",duplicate evidence
6277,normalized_duplicate,"related_ids=6240,6254,6281; normalized_key=the murderous story of america ûªs first hijacking url",keep_but_flag,0.95,dev,1,,"6240,6254,6281",duplicate evidence
6281,normalized_duplicate,"related_ids=6240,6254,6277; normalized_key=the murderous story of america ûªs first hijacking url",keep_but_flag,0.95,train,1,,"6240,6254,6277",duplicate evidence
6283,conflicting_label_duplicate,"related_ids=6243,6244,6245,6246,6248,6253,6255,6256,6259,6261; normalized_key=hot funtenna hijacking computers to send data as sound waves black hat 2015 url prebreak best",ambiguous,0.95,train,1,,"6243,6244,6245,6246,6248,6253,6255,6256,6259,6261,6262,6265,6267,6272,6274,6276",duplicate evidence
6283,normalized_duplicate,"related_ids=6243,6244,6245,6246,6248,6253,6255,6256,6259,6261; normalized_key=hot funtenna hijacking computers to send data as sound waves black hat 2015 url prebreak best",keep_but_flag,0.95,train,1,,"6243,6244,6245,6246,6248,6253,6255,6256,6259,6261,6262,6265,6267,6272,6274,6276",duplicate evidence
6303,normalized_duplicate,"related_ids=6314,6317; normalized_key=islamic state group in egypt threatens to kill croat hostage url",keep_but_flag,0.95,heldout,1,,"6314,6317",duplicate evidence
6314,normalized_duplicate,"related_ids=6303,6317; normalized_key=islamic state group in egypt threatens to kill croat hostage url",keep_but_flag,0.95,heldout,1,,"6303,6317",duplicate evidence
6317,normalized_duplicate,"related_ids=6303,6314; normalized_key=islamic state group in egypt threatens to kill croat hostage url",keep_but_flag,0.95,train,1,,"6303,6314",duplicate evidence
6336,conflicting_label_duplicate,"related_ids=6337,6344,6345,6365,6366,6380,6382; normalized_key=hot c 130 specially modified to land in a stadium and rescue hostages in iran in 1980 url prebreak b",ambiguous,0.95,dev,1,,"6337,6344,6345,6365,6366,6380,6382",duplicate evidence
6336,normalized_duplicate,"related_ids=6337,6344,6345,6365,6366,6380,6382; normalized_key=hot c 130 specially modified to land in a stadium and rescue hostages in iran in 1980 url prebreak b",keep_but_flag,0.95,dev,1,,"6337,6344,6345,6365,6366,6380,6382",duplicate evidence
6337,conflicting_label_duplicate,"related_ids=6336,6344,6345,6365,6366,6380,6382; normalized_key=hot c 130 specially modified to land in a stadium and rescue hostages in iran in 1980 url prebreak b",ambiguous,0.95,dev,1,,"6336,6344,6345,6365,6366,6380,6382",duplicate evidence
6337,normalized_duplicate,"related_ids=6336,6344,6345,6365,6366,6380,6382; normalized_key=hot c 130 specially modified to land in a stadium and rescue hostages in iran in 1980 url prebreak b",keep_but_flag,0.95,dev,1,,"6336,6344,6345,6365,6366,6380,6382",duplicate evidence
6339,normalized_duplicate,related_ids=6348; normalized_key=c 130 specially modified to land in a stadium and rescue hostages in iran in 1980 url url,keep_but_flag,0.95,train,1,,6348,duplicate evidence
6344,conflicting_label_duplicate,"related_ids=6336,6337,6345,6365,6366,6380,6382; normalized_key=hot c 130 specially modified to land in a stadium and rescue hostages in iran in 1980 url prebreak b",ambiguous,0.95,train,1,,"6336,6337,6345,6365,6366,6380,6382",duplicate evidence
6344,normalized_duplicate,"related_ids=6336,6337,6345,6365,6366,6380,6382; normalized_key=hot c 130 specially modified to land in a stadium and rescue hostages in iran in 1980 url prebreak b",keep_but_flag,0.95,train,1,,"6336,6337,6345,6365,6366,6380,6382",duplicate evidence
6345,conflicting_label_duplicate,"related_ids=6336,6337,6344,6365,6366,6380,6382; normalized_key=hot c 130 specially modified to land in a stadium and rescue hostages in iran in 1980 url prebreak b",ambiguous,0.95,dev,1,,"6336,6337,6344,6365,6366,6380,6382",duplicate evidence
6345,normalized_duplicate,"related_ids=6336,6337,6344,6365,6366,6380,6382; normalized_key=hot c 130 specially modified to land in a stadium and rescue hostages in iran in 1980 url prebreak b",keep_but_flag,0.95,dev,1,,"6336,6337,6344,6365,6366,6380,6382",duplicate evidence
6348,normalized_duplicate,related_ids=6339; normalized_key=c 130 specially modified to land in a stadium and rescue hostages in iran in 1980 url url,keep_but_flag,0.95,train,1,,6339,duplicate evidence
6354,normalized_duplicate,"related_ids=6372,6375; normalized_key=no news of hostages in libya url india terrorism africa ap ts nri news trs tdp bjp url",keep_but_flag,0.95,train,1,,"6372,6375",duplicate evidence
6365,conflicting_label_duplicate,"related_ids=6336,6337,6344,6345,6366,6380,6382; normalized_key=hot c 130 specially modified to land in a stadium and rescue hostages in iran in 1980 url prebreak b",ambiguous,0.95,heldout,1,,"6336,6337,6344,6345,6366,6380,6382",duplicate evidence
6365,normalized_duplicate,"related_ids=6336,6337,6344,6345,6366,6380,6382; normalized_key=hot c 130 specially modified to land in a stadium and rescue hostages in iran in 1980 url prebreak b",keep_but_flag,0.95,heldout,1,,"6336,6337,6344,6345,6366,6380,6382",duplicate evidence
6366,conflicting_label_duplicate,"related_ids=6336,6337,6344,6345,6365,6380,6382; normalized_key=hot c 130 specially modified to land in a stadium and rescue hostages in iran in 1980 url prebreak b",ambiguous,0.95,dev,0,,"6336,6337,6344,6345,6365,6380,6382",duplicate evidence
6366,normalized_duplicate,"related_ids=6336,6337,6344,6345,6365,6380,6382; normalized_key=hot c 130 specially modified to land in a stadium and rescue hostages in iran in 1980 url prebreak b",keep_but_flag,0.95,dev,0,,"6336,6337,6344,6345,6365,6380,6382",duplicate evidence
6372,normalized_duplicate,"related_ids=6354,6375; normalized_key=no news of hostages in libya url india terrorism africa ap ts nri news trs tdp bjp url",keep_but_flag,0.95,train,1,,"6354,6375",duplicate evidence
6375,normalized_duplicate,"related_ids=6354,6372; normalized_key=no news of hostages in libya url india terrorism africa ap ts nri news trs tdp bjp url",keep_but_flag,0.95,train,1,,"6354,6372",duplicate evidence
6380,conflicting_label_duplicate,"related_ids=6336,6337,6344,6345,6365,6366,6382; normalized_key=hot c 130 specially modified to land in a stadium and rescue hostages in iran in 1980 url prebreak b",ambiguous,0.95,train,1,,"6336,6337,6344,6345,6365,6366,6382",duplicate evidence
6380,normalized_duplicate,"related_ids=6336,6337,6344,6345,6365,6366,6382; normalized_key=hot c 130 specially modified to land in a stadium and rescue hostages in iran in 1980 url prebreak b",keep_but_flag,0.95,train,1,,"6336,6337,6344,6345,6365,6366,6382",duplicate evidence
6382,conflicting_label_duplicate,"related_ids=6336,6337,6344,6345,6365,6366,6380; normalized_key=hot c 130 specially modified to land in a stadium and rescue hostages in iran in 1980 url prebreak b",ambiguous,0.95,train,1,,"6336,6337,6344,6345,6365,6366,6380",duplicate evidence
6382,normalized_duplicate,"related_ids=6336,6337,6344,6345,6365,6366,6380; normalized_key=hot c 130 specially modified to land in a stadium and rescue hostages in iran in 1980 url prebreak b",keep_but_flag,0.95,train,1,,"6336,6337,6344,6345,6365,6366,6380",duplicate evidence
6388,normalized_duplicate,"related_ids=6391,6421; normalized_key=hurricane guillermo live noaa tracking looping wed aug 5th url url url",keep_but_flag,0.95,heldout,1,,"6391,6421",duplicate evidence
6391,normalized_duplicate,"related_ids=6388,6421; normalized_key=hurricane guillermo live noaa tracking looping wed aug 5th url url url",keep_but_flag,0.95,train,1,,"6388,6421",duplicate evidence
6395,normalized_duplicate,"related_ids=6414,6423; normalized_key=bluedio turbine hurricane h bluetooth 4 1 wireless stereo headphones headset blk full re û_ url url",keep_but_flag,0.95,train,0,,"6414,6423",duplicate evidence
6396,normalized_duplicate,related_ids=6415; normalized_key=user did you see hurricane guillermo with meteoearth url,keep_but_flag,0.95,train,1,,6415,duplicate evidence
6414,normalized_duplicate,"related_ids=6395,6423; normalized_key=bluedio turbine hurricane h bluetooth 4 1 wireless stereo headphones headset blk full re û_ url url",keep_but_flag,0.95,train,0,,"6395,6423",duplicate evidence
6415,normalized_duplicate,related_ids=6396; normalized_key=user did you see hurricane guillermo with meteoearth url,keep_but_flag,0.95,train,1,,6396,duplicate evidence
6421,normalized_duplicate,"related_ids=6388,6391; normalized_key=hurricane guillermo live noaa tracking looping wed aug 5th url url url",keep_but_flag,0.95,heldout,1,,"6388,6391",duplicate evidence
6423,normalized_duplicate,"related_ids=6395,6414; normalized_key=bluedio turbine hurricane h bluetooth 4 1 wireless stereo headphones headset blk full re û_ url url",keep_but_flag,0.95,train,0,,"6395,6414",duplicate evidence
6464,normalized_duplicate,"related_ids=6477,6484; normalized_key=udhampur terror attack militants attack police post 2 spos injured suspected militants tonight attac",keep_but_flag,0.95,heldout,1,,"6477,6484",duplicate evidence
6470,normalized_duplicate,related_ids=6481; normalized_key=user please support this please cosponsor s 928 and support aid for sick and injured 9 11 responders,keep_but_flag,0.95,train,1,,6481,duplicate evidence
6477,normalized_duplicate,"related_ids=6464,6484; normalized_key=udhampur terror attack militants attack police post 2 spos injured suspected militants tonight attac",keep_but_flag,0.95,train,1,,"6464,6484",duplicate evidence
6481,normalized_duplicate,related_ids=6470; normalized_key=user please support this please cosponsor s 928 and support aid for sick and injured 9 11 responders,keep_but_flag,0.95,train,1,,6470,duplicate evidence
6484,normalized_duplicate,"related_ids=6464,6477; normalized_key=udhampur terror attack militants attack police post 2 spos injured suspected militants tonight attac",keep_but_flag,0.95,train,1,,"6464,6477",duplicate evidence
6537,conflicting_label_duplicate,"related_ids=6548,6566; normalized_key=cleared incident with injury i 495 inner loop exit 31 md 97 georgia ave silver spring",ambiguous,0.95,train,1,,"6548,6566",duplicate evidence
6537,exact_duplicate,"related_ids=6548,6566; normalized_key=cleared incident with injury i 495 inner loop exit 31 md 97 georgia ave silver spring",keep_but_flag,0.95,train,1,,"6548,6566",duplicate evidence
6537,near_duplicate,related_id=6548; cosine=1.0000,keep_but_flag,1,,1,,6548,character 3-5 gram TF-IDF cosine
6537,normalized_duplicate,"related_ids=6548,6566; normalized_key=cleared incident with injury i 495 inner loop exit 31 md 97 georgia ave silver spring",keep_but_flag,0.95,train,1,,"6548,6566",duplicate evidence
6543,exact_duplicate,related_ids=2544; normalized_key=traffic collision no injury i5 s at i5 s 43rd ave offramp south sac url,keep_but_flag,0.95,train,1,,2544,duplicate evidence
6543,normalized_duplicate,related_ids=2544; normalized_key=traffic collision no injury i5 s at i5 s 43rd ave offramp south sac url,keep_but_flag,0.95,train,1,,2544,duplicate evidence
6546,normalized_duplicate,"related_ids=6575,6579; normalized_key=enter the world of extreme diving ûó 9 stories up and into the volga river url",keep_but_flag,0.95,dev,0,,"6575,6579",duplicate evidence
6548,conflicting_label_duplicate,"related_ids=6537,6566; normalized_key=cleared incident with injury i 495 inner loop exit 31 md 97 georgia ave silver spring",ambiguous,0.95,train,1,,"6537,6566",duplicate evidence
6548,exact_duplicate,"related_ids=6537,6566; normalized_key=cleared incident with injury i 495 inner loop exit 31 md 97 georgia ave silver spring",keep_but_flag,0.95,train,1,,"6537,6566",duplicate evidence
6548,normalized_duplicate,"related_ids=6537,6566; normalized_key=cleared incident with injury i 495 inner loop exit 31 md 97 georgia ave silver spring",keep_but_flag,0.95,train,1,,"6537,6566",duplicate evidence
6565,high_confidence_fp,model_score=0.8796; text=@Patricia_Traina any update on the McClain injury from today's practice?#NYG,ambiguous,0.879574734211,heldout,0,,,model disagreement is not label proof
6566,conflicting_label_duplicate,"related_ids=6537,6548; normalized_key=cleared incident with injury i 495 inner loop exit 31 md 97 georgia ave silver spring",ambiguous,0.95,train,0,,"6537,6548",duplicate evidence
6566,exact_duplicate,"related_ids=6537,6548; normalized_key=cleared incident with injury i 495 inner loop exit 31 md 97 georgia ave silver spring",keep_but_flag,0.95,train,0,,"6537,6548",duplicate evidence
6566,normalized_duplicate,"related_ids=6537,6548; normalized_key=cleared incident with injury i 495 inner loop exit 31 md 97 georgia ave silver spring",keep_but_flag,0.95,train,0,,"6537,6548",duplicate evidence
6571,exact_duplicate,related_ids=6582; normalized_key=incident with injury i 495 inner loop exit 31 md 97 georgia ave silver spring,keep_but_flag,0.95,dev,1,,6582,duplicate evidence
6571,near_duplicate,related_id=6582; cosine=1.0000,keep_but_flag,1,,1,,6582,character 3-5 gram TF-IDF cosine
6571,normalized_duplicate,related_ids=6582; normalized_key=incident with injury i 495 inner loop exit 31 md 97 georgia ave silver spring,keep_but_flag,0.95,dev,1,,6582,duplicate evidence
6575,normalized_duplicate,"related_ids=6546,6579; normalized_key=enter the world of extreme diving ûó 9 stories up and into the volga river url",keep_but_flag,0.95,heldout,0,,"6546,6579",duplicate evidence
6579,normalized_duplicate,"related_ids=6546,6575; normalized_key=enter the world of extreme diving ûó 9 stories up and into the volga river url",keep_but_flag,0.95,train,0,,"6546,6575",duplicate evidence
6582,exact_duplicate,related_ids=6571; normalized_key=incident with injury i 495 inner loop exit 31 md 97 georgia ave silver spring,keep_but_flag,0.95,train,1,,6571,duplicate evidence
6582,normalized_duplicate,related_ids=6571; normalized_key=incident with injury i 495 inner loop exit 31 md 97 georgia ave silver spring,keep_but_flag,0.95,train,1,,6571,duplicate evidence
6583,high_confidence_fp,model_score=0.8875; text=Ngata on injury list at start of practice for Lions http://t.co/Z16DtoQHhG,ambiguous,0.88748051765,heldout,0,,,model disagreement is not label proof
6585,normalized_duplicate,related_ids=6596; normalized_key=a laois girl advertised for a new friend to replace her loved up bff and has been inundated url url,keep_but_flag,0.95,heldout,0,,6596,duplicate evidence
6593,high_confidence_fn,model_score=0.1293; text=Body shops inundated with cars dented by hail... Good news insurance pays... Bad news : you are stuck with deductible ! #wcvb,ambiguous,0.870726505236,heldout,1,,,model disagreement is not label proof
6596,normalized_duplicate,related_ids=6585; normalized_key=a laois girl advertised for a new friend to replace her loved up bff and has been inundated url url,keep_but_flag,0.95,heldout,0,,6585,duplicate evidence
6727,normalized_duplicate,related_ids=6734; normalized_key=i lava you,keep_but_flag,0.95,heldout,0,,6734,duplicate evidence
6731,normalized_duplicate,related_ids=6745; normalized_key=user lava blast dan power red pantherattack user user,keep_but_flag,0.95,train,1,,6745,duplicate evidence
6734,normalized_duplicate,related_ids=6727; normalized_key=i lava you,keep_but_flag,0.95,train,0,,6727,duplicate evidence
6745,normalized_duplicate,related_ids=6731; normalized_key=user lava blast dan power red pantherattack user user,keep_but_flag,0.95,dev,1,,6731,duplicate evidence
6762,normalized_duplicate,related_ids=6774; normalized_key=expect gusty winds heavy downpours and lightning moving northeast toward va now url,keep_but_flag,0.95,train,1,,6774,duplicate evidence
6774,normalized_duplicate,related_ids=6762; normalized_key=expect gusty winds heavy downpours and lightning moving northeast toward va now url,keep_but_flag,0.95,train,1,,6762,duplicate evidence
6775,conflicting_label_duplicate,related_ids=6788; normalized_key=world war ii book lightning joe an autobiography by general j lawton collins url url,ambiguous,0.95,train,0,,6788,duplicate evidence
6775,normalized_duplicate,related_ids=6788; normalized_key=world war ii book lightning joe an autobiography by general j lawton collins url url,keep_but_flag,0.95,train,0,,6788,duplicate evidence
6788,conflicting_label_duplicate,related_ids=6775; normalized_key=world war ii book lightning joe an autobiography by general j lawton collins url url,ambiguous,0.95,train,1,,6775,duplicate evidence
6788,normalized_duplicate,related_ids=6775; normalized_key=world war ii book lightning joe an autobiography by general j lawton collins url url,keep_but_flag,0.95,train,1,,6775,duplicate evidence
6806,high_confidence_fn,model_score=0.1235; text=@Chibi877 --head. It hit the wall behind him with a loud bang. 'Language!' Drake shouted at him before getting up. 'I'm going out stay--,ambiguous,0.876483209622,heldout,1,,,model disagreement is not label proof
6813,high_confidence_fn,model_score=0.1266; text=tianta_: Breaking news! Unconfirmed! I just heard a loud bang nearby. in what appears to be a blast of wind from my neighbour's ass.,ambiguous,0.873374784122,heldout,1,,,model disagreement is not label proof
6824,near_duplicate,related_id=6832; cosine=0.9474,keep_but_flag,0.94744744814,,0,,6832,character 3-5 gram TF-IDF cosine
6828,high_confidence_fn,model_score=0.1385; text=I WAS PEACEFULLY SITTING IN MY ROOM AND I HEARD THIS LOUD BANG OF SOMETHING FALLING,ambiguous,0.86151171438,heldout,1,,,model disagreement is not label proof
6832,near_duplicate,related_id=6844; cosine=0.9707,keep_but_flag,0.970668476034,,0,,6844,character 3-5 gram TF-IDF cosine
6874,exact_duplicate,related_ids=6881; normalized_key=url user do your passengers know about the mass murder that takes place in the faroeislands every ye,keep_but_flag,0.95,train,1,,6881,duplicate evidence
6874,normalized_duplicate,related_ids=6881; normalized_key=url user do your passengers know about the mass murder that takes place in the faroeislands every ye,keep_but_flag,0.95,train,1,,6881,duplicate evidence
6881,exact_duplicate,related_ids=6874; normalized_key=url user do your passengers know about the mass murder that takes place in the faroeislands every ye,keep_but_flag,0.95,train,1,,6874,duplicate evidence
6881,normalized_duplicate,related_ids=6874; normalized_key=url user do your passengers know about the mass murder that takes place in the faroeislands every ye,keep_but_flag,0.95,train,1,,6874,duplicate evidence
6900,high_confidence_fp,model_score=0.9300; text=@CarlaChamorros HILLARY A MASS MURDERER.,ambiguous,0.929975998943,heldout,0,,,model disagreement is not label proof
6914,high_confidence_fp,model_score=0.9266; text=@defendbutera i look like a mass murderer in it,ambiguous,0.926585737425,heldout,0,,,model disagreement is not label proof
6946,normalized_duplicate,"related_ids=6950,6985,6988; normalized_key=user parents of colorado theater shooting victim fear copycat massacre url antioch url",keep_but_flag,0.95,train,1,,"6950,6985,6988",duplicate evidence
6950,near_duplicate,related_id=6988; cosine=0.9750,keep_but_flag,0.975011911162,,1,,6988,character 3-5 gram TF-IDF cosine
6950,normalized_duplicate,"related_ids=6946,6985,6988; normalized_key=user parents of colorado theater shooting victim fear copycat massacre url antioch url",keep_but_flag,0.95,heldout,1,,"6946,6985,6988",duplicate evidence
6978,high_confidence_fn,model_score=0.0690; text=@freddiedeboer @Thucydiplease then you have rise of Coates Charleston massacre Walter Scott and black twitter more broadly as well.,ambiguous,0.931017122078,heldout,1,,,model disagreement is not label proof
6985,normalized_duplicate,"related_ids=6946,6950,6988; normalized_key=user parents of colorado theater shooting victim fear copycat massacre url antioch url",keep_but_flag,0.95,heldout,1,,"6946,6950,6988",duplicate evidence
6988,normalized_duplicate,"related_ids=6946,6950,6985; normalized_key=user parents of colorado theater shooting victim fear copycat massacre url antioch url",keep_but_flag,0.95,train,1,,"6946,6950,6985",duplicate evidence
6999,normalized_duplicate,related_ids=7031; normalized_key=slayer reflects on low mayhem festival attendance king diamond amp jeff hanneman s passing url,keep_but_flag,0.95,heldout,0,,7031,duplicate evidence
7002,conflicting_label_duplicate,related_ids=7043; normalized_key=i liked a user video from user url gun range mayhem,ambiguous,0.95,train,1,,7043,duplicate evidence
7002,normalized_duplicate,related_ids=7043; normalized_key=i liked a user video from user url gun range mayhem,keep_but_flag,0.95,train,1,,7043,duplicate evidence
7005,near_duplicate,related_id=7008; cosine=0.9524,keep_but_flag,0.952350218608,,0,,7008,character 3-5 gram TF-IDF cosine
7005,normalized_duplicate,"related_ids=7008,7024,7036; normalized_key=user editor in chief user releases issue 7 url of ramag fashion models and mayhem",keep_but_flag,0.95,train,0,,"7008,7024,7036",duplicate evidence
7008,normalized_duplicate,"related_ids=7005,7024,7036; normalized_key=user editor in chief user releases issue 7 url of ramag fashion models and mayhem",keep_but_flag,0.95,train,0,,"7005,7024,7036",duplicate evidence
7009,normalized_duplicate,related_ids=7027; normalized_key=tonight it s going to be mayhem 4playthursdays everybody free w text 1716 i st nw 18 url,keep_but_flag,0.95,train,0,,7027,duplicate evidence
7015,normalized_duplicate,related_ids=7044; normalized_key=nosurrender results full metal mayhem world title match bully ray taken out a career comes to an end,keep_but_flag,0.95,train,0,,7044,duplicate evidence
7024,normalized_duplicate,"related_ids=7005,7008,7036; normalized_key=user editor in chief user releases issue 7 url of ramag fashion models and mayhem",keep_but_flag,0.95,dev,0,,"7005,7008,7036",duplicate evidence
7027,normalized_duplicate,related_ids=7009; normalized_key=tonight it s going to be mayhem 4playthursdays everybody free w text 1716 i st nw 18 url,keep_but_flag,0.95,train,0,,7009,duplicate evidence
7031,normalized_duplicate,related_ids=6999; normalized_key=slayer reflects on low mayhem festival attendance king diamond amp jeff hanneman s passing url,keep_but_flag,0.95,train,0,,6999,duplicate evidence
7036,normalized_duplicate,"related_ids=7005,7008,7024; normalized_key=user editor in chief user releases issue 7 url of ramag fashion models and mayhem",keep_but_flag,0.95,train,0,,"7005,7008,7024",duplicate evidence
7043,conflicting_label_duplicate,related_ids=7002; normalized_key=i liked a user video from user url gun range mayhem,ambiguous,0.95,train,0,,7002,duplicate evidence
7043,normalized_duplicate,related_ids=7002; normalized_key=i liked a user video from user url gun range mayhem,keep_but_flag,0.95,train,0,,7002,duplicate evidence
7044,normalized_duplicate,related_ids=7015; normalized_key=nosurrender results full metal mayhem world title match bully ray taken out a career comes to an end,keep_but_flag,0.95,train,0,,7015,duplicate evidence
7061,high_confidence_fp,model_score=0.9022; text=DFR EP016 Monthly Meltdown - On Dnbheaven 2015.08.06 http://t.co/EjKRf8N8A8 #Drum and Bass #heavy #nasty http://t.co/SPHWE6wFI5,ambiguous,0.902162453243,heldout,0,,,model disagreement is not label proof
7106,normalized_duplicate,"related_ids=7120,7124,7135,7137; normalized_key=user for the people who died in human experiments by unit 731 of japanese military url url",keep_but_flag,0.95,train,1,,"7120,7124,7135,7137",duplicate evidence
7108,normalized_duplicate,related_ids=7116; normalized_key=mike magner discusses a trust betrayed url via user military veterans environment,keep_but_flag,0.95,train,0,,7116,duplicate evidence
7112,high_confidence_fp,model_score=0.8606; text=Army names 10th Mountain units for Iraq Afghanistan deployments (Deeds) http://t.co/N6ZfLXIGvr,ambiguous,0.860568232572,heldout,0,,,model disagreement is not label proof
7116,normalized_duplicate,related_ids=7108; normalized_key=mike magner discusses a trust betrayed url via user military veterans environment,keep_but_flag,0.95,heldout,0,,7108,duplicate evidence
7120,normalized_duplicate,"related_ids=7106,7124,7135,7137; normalized_key=user for the people who died in human experiments by unit 731 of japanese military url url",keep_but_flag,0.95,dev,1,,"7106,7124,7135,7137",duplicate evidence
7121,normalized_duplicate,"related_ids=7129,7132,7134; normalized_key=13 reasons why we love women in the military lulgzimbestpicts url url",keep_but_flag,0.95,train,0,,"7129,7132,7134",duplicate evidence
7124,normalized_duplicate,"related_ids=7106,7120,7135,7137; normalized_key=user for the people who died in human experiments by unit 731 of japanese military url url",keep_but_flag,0.95,train,1,,"7106,7120,7135,7137",duplicate evidence
7129,normalized_duplicate,"related_ids=7121,7132,7134; normalized_key=13 reasons why we love women in the military lulgzimbestpicts url url",keep_but_flag,0.95,train,0,,"7121,7132,7134",duplicate evidence
7132,normalized_duplicate,"related_ids=7121,7129,7134; normalized_key=13 reasons why we love women in the military lulgzimbestpicts url url",keep_but_flag,0.95,train,0,,"7121,7129,7134",duplicate evidence
7134,normalized_duplicate,"related_ids=7121,7129,7132; normalized_key=13 reasons why we love women in the military lulgzimbestpicts url url",keep_but_flag,0.95,train,0,,"7121,7129,7132",duplicate evidence
7135,normalized_duplicate,"related_ids=7106,7120,7124,7137; normalized_key=user for the people who died in human experiments by unit 731 of japanese military url url",keep_but_flag,0.95,train,1,,"7106,7120,7124,7137",duplicate evidence
7137,normalized_duplicate,"related_ids=7106,7120,7124,7135; normalized_key=user for the people who died in human experiments by unit 731 of japanese military url url",keep_but_flag,0.95,train,1,,"7106,7120,7124,7135",duplicate evidence
7204,normalized_duplicate,related_ids=7242; normalized_key=what natural disaster are you when you get angry url,keep_but_flag,0.95,train,0,,7242,duplicate evidence
7223,high_confidence_fn,model_score=0.1047; text=This is the natural and unavoidable consequence of socialism everywhere it has been tried. http://t.co/BbDpnj8XSx A,ambiguous,0.895296940596,heldout,1,,,model disagreement is not label proof
7223,near_duplicate,related_id=7230; cosine=0.9963,ambiguous,0.99626789731,,1,,7230,character 3-5 gram TF-IDF cosine
7226,high_confidence_fn,model_score=0.1120; text=Of course the one day I have to dress professionally aka unsensibly for class is the day I have try and outrun a natural disaster!,ambiguous,0.888000102242,heldout,1,,,model disagreement is not label proof
7231,exact_duplicate,related_ids=4026; normalized_key=top insurer blasts lack of australian govt action on disaster mitigation url via user,keep_but_flag,0.95,train,1,,4026,duplicate evidence
7231,normalized_duplicate,related_ids=4026; normalized_key=top insurer blasts lack of australian govt action on disaster mitigation url via user,keep_but_flag,0.95,train,1,,4026,duplicate evidence
7242,normalized_duplicate,related_ids=7204; normalized_key=what natural disaster are you when you get angry url,keep_but_flag,0.95,train,0,,7204,duplicate evidence
7261,normalized_duplicate,"related_ids=7265,7274,7288; normalized_key=3 former executives to be prosecuted in fukushima nuclear disaster url",keep_but_flag,0.95,heldout,1,,"7265,7274,7288",duplicate evidence
7265,normalized_duplicate,"related_ids=7261,7274,7288; normalized_key=3 former executives to be prosecuted in fukushima nuclear disaster url",keep_but_flag,0.95,dev,1,,"7261,7274,7288",duplicate evidence
7274,normalized_duplicate,"related_ids=7261,7265,7288; normalized_key=3 former executives to be prosecuted in fukushima nuclear disaster url",keep_but_flag,0.95,train,1,,"7261,7265,7288",duplicate evidence
7288,normalized_duplicate,"related_ids=7261,7265,7274; normalized_key=3 former executives to be prosecuted in fukushima nuclear disaster url",keep_but_flag,0.95,dev,1,,"7261,7265,7274",duplicate evidence
7309,normalized_duplicate,related_ids=7328; normalized_key=us navy sidelines 3 newest subs url,keep_but_flag,0.95,train,0,,7328,duplicate evidence
7328,normalized_duplicate,related_ids=7309; normalized_key=us navy sidelines 3 newest subs url,keep_but_flag,0.95,train,0,,7309,duplicate evidence
7356,high_confidence_fn,model_score=0.0516; text=Whereas Jez will obliterate the national debt - and give lots of new benefits - by simply printing money! Genius! https://t.co/ReffbkVG9R,ambiguous,0.9483517564,heldout,1,,,model disagreement is not label proof
7362,conflicting_label_duplicate,"related_ids=7386,7392; normalized_key=watch sarah palin obliterate planned parenthood for targeting minority women ûò bb4sp url",ambiguous,0.95,train,1,,"7386,7392",duplicate evidence
7362,normalized_duplicate,"related_ids=7386,7392; normalized_key=watch sarah palin obliterate planned parenthood for targeting minority women ûò bb4sp url",keep_but_flag,0.95,train,1,,"7386,7392",duplicate evidence
7377,high_confidence_fn,model_score=0.0778; text=Someone teaching you that obedience will obliterate trials in your life is trying to sell you a used car. Jesus's life blows that theory.',ambiguous,0.922158306467,heldout,1,,,model disagreement is not label proof
7386,conflicting_label_duplicate,"related_ids=7362,7392; normalized_key=watch sarah palin obliterate planned parenthood for targeting minority women ûò bb4sp url",ambiguous,0.95,train,0,,"7362,7392",duplicate evidence
7386,normalized_duplicate,"related_ids=7362,7392; normalized_key=watch sarah palin obliterate planned parenthood for targeting minority women ûò bb4sp url",keep_but_flag,0.95,train,0,,"7362,7392",duplicate evidence
7392,conflicting_label_duplicate,"related_ids=7362,7386; normalized_key=watch sarah palin obliterate planned parenthood for targeting minority women ûò bb4sp url",ambiguous,0.95,train,0,,"7362,7386",duplicate evidence
7392,normalized_duplicate,"related_ids=7362,7386; normalized_key=watch sarah palin obliterate planned parenthood for targeting minority women ûò bb4sp url",keep_but_flag,0.95,train,0,,"7362,7386",duplicate evidence
7410,near_duplicate,related_id=7425; cosine=0.9546,ambiguous,0.954556049817,,0,,7425,character 3-5 gram TF-IDF cosine
7413,conflicting_label_duplicate,"related_ids=7415,7426,7438; normalized_key=drunk meals 101 what to cook when you re totally obliterated url",ambiguous,0.95,train,0,,"7415,7426,7438",duplicate evidence
7413,normalized_duplicate,"related_ids=7415,7426,7438; normalized_key=drunk meals 101 what to cook when you re totally obliterated url",keep_but_flag,0.95,train,0,,"7415,7426,7438",duplicate evidence
7415,conflicting_label_duplicate,"related_ids=7413,7426,7438; normalized_key=drunk meals 101 what to cook when you re totally obliterated url",ambiguous,0.95,train,1,,"7413,7426,7438",duplicate evidence
7415,normalized_duplicate,"related_ids=7413,7426,7438; normalized_key=drunk meals 101 what to cook when you re totally obliterated url",keep_but_flag,0.95,train,1,,"7413,7426,7438",duplicate evidence
7426,conflicting_label_duplicate,"related_ids=7413,7415,7438; normalized_key=drunk meals 101 what to cook when you re totally obliterated url",ambiguous,0.95,train,0,,"7413,7415,7438",duplicate evidence
7426,normalized_duplicate,"related_ids=7413,7415,7438; normalized_key=drunk meals 101 what to cook when you re totally obliterated url",keep_but_flag,0.95,train,0,,"7413,7415,7438",duplicate evidence
7438,conflicting_label_duplicate,"related_ids=7413,7415,7426; normalized_key=drunk meals 101 what to cook when you re totally obliterated url",ambiguous,0.95,train,0,,"7413,7415,7426",duplicate evidence
7438,normalized_duplicate,"related_ids=7413,7415,7426; normalized_key=drunk meals 101 what to cook when you re totally obliterated url",keep_but_flag,0.95,train,0,,"7413,7415,7426",duplicate evidence
7452,normalized_duplicate,related_ids=7490; normalized_key=why did god order obliteration of ancient canaanites url via user,keep_but_flag,0.95,heldout,0,,7490,duplicate evidence
7461,normalized_duplicate,"related_ids=7465,7475; normalized_key=why did god order obliteration of ancient canaanites url",keep_but_flag,0.95,train,0,,"7465,7475",duplicate evidence
7463,high_confidence_fn,model_score=0.1693; text=@tiggr_ why only Squad Obliteration?,ambiguous,0.83065392027,heldout,1,,,model disagreement is not label proof
7465,normalized_duplicate,"related_ids=7461,7475; normalized_key=why did god order obliteration of ancient canaanites url",keep_but_flag,0.95,train,0,,"7461,7475",duplicate evidence
7475,normalized_duplicate,"related_ids=7461,7465; normalized_key=why did god order obliteration of ancient canaanites url",keep_but_flag,0.95,dev,0,,"7461,7465",duplicate evidence
7490,normalized_duplicate,related_ids=7452; normalized_key=why did god order obliteration of ancient canaanites url via user,keep_but_flag,0.95,dev,0,,7452,duplicate evidence
7501,normalized_duplicate,related_ids=7542; normalized_key=la times refugio oil spill may have been costlier bigger than projected url,keep_but_flag,0.95,dev,1,,7542,duplicate evidence
7502,normalized_duplicate,related_ids=7544; normalized_key=california spring oil spill estimate grows by the associated press via nyt url,keep_but_flag,0.95,dev,1,,7544,duplicate evidence
7503,normalized_duplicate,"related_ids=7504,7505,7507,7510,7520,7531,7532,7540; normalized_key=refugio oil spill may have been costlier bigger than projected url",keep_but_flag,0.95,train,1,,"7504,7505,7507,7510,7520,7531,7532,7540",duplicate evidence
7504,normalized_duplicate,"related_ids=7503,7505,7507,7510,7520,7531,7532,7540; normalized_key=refugio oil spill may have been costlier bigger than projected url",keep_but_flag,0.95,train,1,,"7503,7505,7507,7510,7520,7531,7532,7540",duplicate evidence
7505,normalized_duplicate,"related_ids=7503,7504,7507,7510,7520,7531,7532,7540; normalized_key=refugio oil spill may have been costlier bigger than projected url",keep_but_flag,0.95,dev,1,,"7503,7504,7507,7510,7520,7531,7532,7540",duplicate evidence
7507,normalized_duplicate,"related_ids=7503,7504,7505,7510,7520,7531,7532,7540; normalized_key=refugio oil spill may have been costlier bigger than projected url",keep_but_flag,0.95,heldout,1,,"7503,7504,7505,7510,7520,7531,7532,7540",duplicate evidence
7510,normalized_duplicate,"related_ids=7503,7504,7505,7507,7520,7531,7532,7540; normalized_key=refugio oil spill may have been costlier bigger than projected url",keep_but_flag,0.95,heldout,1,,"7503,7504,7505,7507,7520,7531,7532,7540",duplicate evidence
7520,normalized_duplicate,"related_ids=7503,7504,7505,7507,7510,7531,7532,7540; normalized_key=refugio oil spill may have been costlier bigger than projected url",keep_but_flag,0.95,heldout,1,,"7503,7504,7505,7507,7510,7531,7532,7540",duplicate evidence
7528,near_duplicate,related_id=7536; cosine=0.9818,keep_but_flag,0.981817875678,,1,,7536,character 3-5 gram TF-IDF cosine
7528,normalized_duplicate,related_ids=7536; normalized_key=news refugio oil spill may have been costlier bigger than projected url,keep_but_flag,0.95,dev,1,,7536,duplicate evidence
7531,normalized_duplicate,"related_ids=7503,7504,7505,7507,7510,7520,7532,7540; normalized_key=refugio oil spill may have been costlier bigger than projected url",keep_but_flag,0.95,train,1,,"7503,7504,7505,7507,7510,7520,7532,7540",duplicate evidence
7532,normalized_duplicate,"related_ids=7503,7504,7505,7507,7510,7520,7531,7540; normalized_key=refugio oil spill may have been costlier bigger than projected url",keep_but_flag,0.95,train,1,,"7503,7504,7505,7507,7510,7520,7531,7540",duplicate evidence
7536,normalized_duplicate,related_ids=7528; normalized_key=news refugio oil spill may have been costlier bigger than projected url,keep_but_flag,0.95,dev,1,,7528,duplicate evidence
7540,normalized_duplicate,"related_ids=7503,7504,7505,7507,7510,7520,7531,7532; normalized_key=refugio oil spill may have been costlier bigger than projected url",keep_but_flag,0.95,train,1,,"7503,7504,7505,7507,7510,7520,7531,7532",duplicate evidence
7542,normalized_duplicate,related_ids=7501; normalized_key=la times refugio oil spill may have been costlier bigger than projected url,keep_but_flag,0.95,train,1,,7501,duplicate evidence
7544,normalized_duplicate,related_ids=7502; normalized_key=california spring oil spill estimate grows by the associated press via nyt url,keep_but_flag,0.95,train,1,,7502,duplicate evidence
7545,normalized_duplicate,"related_ids=7548,7554,7557,7558,7560,7561,7563,7569,7570,7573; normalized_key=families to sue over legionnaires more than 40 families affected by the fatal outbreak of legionnair",keep_but_flag,0.95,dev,1,,"7548,7554,7557,7558,7560,7561,7563,7569,7570,7573,7577,7578,7579,7580,7583,7588,7589,7591",duplicate evidence
7547,exact_duplicate,related_ids=7559; normalized_key=families to sue over legionnaires more than 40 families affected by the fatal outbreak of legionnair,keep_but_flag,0.95,dev,1,,7559,duplicate evidence
7547,near_duplicate,related_id=7559; cosine=1.0000,keep_but_flag,1,,1,,7559,character 3-5 gram TF-IDF cosine
7547,normalized_duplicate,related_ids=7559; normalized_key=families to sue over legionnaires more than 40 families affected by the fatal outbreak of legionnair,keep_but_flag,0.95,dev,1,,7559,duplicate evidence
7548,normalized_duplicate,"related_ids=7545,7554,7557,7558,7560,7561,7563,7569,7570,7573; normalized_key=families to sue over legionnaires more than 40 families affected by the fatal outbreak of legionnair",keep_but_flag,0.95,dev,1,,"7545,7554,7557,7558,7560,7561,7563,7569,7570,7573,7577,7578,7579,7580,7583,7588,7589,7591",duplicate evidence
7554,normalized_duplicate,"related_ids=7545,7548,7557,7558,7560,7561,7563,7569,7570,7573; normalized_key=families to sue over legionnaires more than 40 families affected by the fatal outbreak of legionnair",keep_but_flag,0.95,heldout,1,,"7545,7548,7557,7558,7560,7561,7563,7569,7570,7573,7577,7578,7579,7580,7583,7588,7589,7591",duplicate evidence
7557,normalized_duplicate,"related_ids=7545,7548,7554,7558,7560,7561,7563,7569,7570,7573; normalized_key=families to sue over legionnaires more than 40 families affected by the fatal outbreak of legionnair",keep_but_flag,0.95,train,1,,"7545,7548,7554,7558,7560,7561,7563,7569,7570,7573,7577,7578,7579,7580,7583,7588,7589,7591",duplicate evidence
7558,normalized_duplicate,"related_ids=7545,7548,7554,7557,7560,7561,7563,7569,7570,7573; normalized_key=families to sue over legionnaires more than 40 families affected by the fatal outbreak of legionnair",keep_but_flag,0.95,train,1,,"7545,7548,7554,7557,7560,7561,7563,7569,7570,7573,7577,7578,7579,7580,7583,7588,7589,7591",duplicate evidence
7559,exact_duplicate,related_ids=7547; normalized_key=families to sue over legionnaires more than 40 families affected by the fatal outbreak of legionnair,keep_but_flag,0.95,train,1,,7547,duplicate evidence
7559,normalized_duplicate,related_ids=7547; normalized_key=families to sue over legionnaires more than 40 families affected by the fatal outbreak of legionnair,keep_but_flag,0.95,train,1,,7547,duplicate evidence
7560,normalized_duplicate,"related_ids=7545,7548,7554,7557,7558,7561,7563,7569,7570,7573; normalized_key=families to sue over legionnaires more than 40 families affected by the fatal outbreak of legionnair",keep_but_flag,0.95,heldout,1,,"7545,7548,7554,7557,7558,7561,7563,7569,7570,7573,7577,7578,7579,7580,7583,7588,7589,7591",duplicate evidence
7561,normalized_duplicate,"related_ids=7545,7548,7554,7557,7558,7560,7563,7569,7570,7573; normalized_key=families to sue over legionnaires more than 40 families affected by the fatal outbreak of legionnair",keep_but_flag,0.95,train,1,,"7545,7548,7554,7557,7558,7560,7563,7569,7570,7573,7577,7578,7579,7580,7583,7588,7589,7591",duplicate evidence
7563,normalized_duplicate,"related_ids=7545,7548,7554,7557,7558,7560,7561,7569,7570,7573; normalized_key=families to sue over legionnaires more than 40 families affected by the fatal outbreak of legionnair",keep_but_flag,0.95,train,1,,"7545,7548,7554,7557,7558,7560,7561,7569,7570,7573,7577,7578,7579,7580,7583,7588,7589,7591",duplicate evidence
7569,normalized_duplicate,"related_ids=7545,7548,7554,7557,7558,7560,7561,7563,7570,7573; normalized_key=families to sue over legionnaires more than 40 families affected by the fatal outbreak of legionnair",keep_but_flag,0.95,train,1,,"7545,7548,7554,7557,7558,7560,7561,7563,7570,7573,7577,7578,7579,7580,7583,7588,7589,7591",duplicate evidence
7570,normalized_duplicate,"related_ids=7545,7548,7554,7557,7558,7560,7561,7563,7569,7573; normalized_key=families to sue over legionnaires more than 40 families affected by the fatal outbreak of legionnair",keep_but_flag,0.95,heldout,1,,"7545,7548,7554,7557,7558,7560,7561,7563,7569,7573,7577,7578,7579,7580,7583,7588,7589,7591",duplicate evidence
7573,normalized_duplicate,"related_ids=7545,7548,7554,7557,7558,7560,7561,7563,7569,7570; normalized_key=families to sue over legionnaires more than 40 families affected by the fatal outbreak of legionnair",keep_but_flag,0.95,train,1,,"7545,7548,7554,7557,7558,7560,7561,7563,7569,7570,7577,7578,7579,7580,7583,7588,7589,7591",duplicate evidence
7577,normalized_duplicate,"related_ids=7545,7548,7554,7557,7558,7560,7561,7563,7569,7570; normalized_key=families to sue over legionnaires more than 40 families affected by the fatal outbreak of legionnair",keep_but_flag,0.95,heldout,1,,"7545,7548,7554,7557,7558,7560,7561,7563,7569,7570,7573,7578,7579,7580,7583,7588,7589,7591",duplicate evidence
7578,normalized_duplicate,"related_ids=7545,7548,7554,7557,7558,7560,7561,7563,7569,7570; normalized_key=families to sue over legionnaires more than 40 families affected by the fatal outbreak of legionnair",keep_but_flag,0.95,dev,1,,"7545,7548,7554,7557,7558,7560,7561,7563,7569,7570,7573,7577,7579,7580,7583,7588,7589,7591",duplicate evidence
7579,normalized_duplicate,"related_ids=7545,7548,7554,7557,7558,7560,7561,7563,7569,7570; normalized_key=families to sue over legionnaires more than 40 families affected by the fatal outbreak of legionnair",keep_but_flag,0.95,train,1,,"7545,7548,7554,7557,7558,7560,7561,7563,7569,7570,7573,7577,7578,7580,7583,7588,7589,7591",duplicate evidence
7580,normalized_duplicate,"related_ids=7545,7548,7554,7557,7558,7560,7561,7563,7569,7570; normalized_key=families to sue over legionnaires more than 40 families affected by the fatal outbreak of legionnair",keep_but_flag,0.95,train,1,,"7545,7548,7554,7557,7558,7560,7561,7563,7569,7570,7573,7577,7578,7579,7583,7588,7589,7591",duplicate evidence
7583,normalized_duplicate,"related_ids=7545,7548,7554,7557,7558,7560,7561,7563,7569,7570; normalized_key=families to sue over legionnaires more than 40 families affected by the fatal outbreak of legionnair",keep_but_flag,0.95,train,1,,"7545,7548,7554,7557,7558,7560,7561,7563,7569,7570,7573,7577,7578,7579,7580,7588,7589,7591",duplicate evidence
7588,normalized_duplicate,"related_ids=7545,7548,7554,7557,7558,7560,7561,7563,7569,7570; normalized_key=families to sue over legionnaires more than 40 families affected by the fatal outbreak of legionnair",keep_but_flag,0.95,dev,1,,"7545,7548,7554,7557,7558,7560,7561,7563,7569,7570,7573,7577,7578,7579,7580,7583,7589,7591",duplicate evidence
7589,normalized_duplicate,"related_ids=7545,7548,7554,7557,7558,7560,7561,7563,7569,7570; normalized_key=families to sue over legionnaires more than 40 families affected by the fatal outbreak of legionnair",keep_but_flag,0.95,heldout,1,,"7545,7548,7554,7557,7558,7560,7561,7563,7569,7570,7573,7577,7578,7579,7580,7583,7588,7591",duplicate evidence
7591,normalized_duplicate,"related_ids=7545,7548,7554,7557,7558,7560,7561,7563,7569,7570; normalized_key=families to sue over legionnaires more than 40 families affected by the fatal outbreak of legionnair",keep_but_flag,0.95,train,1,,"7545,7548,7554,7557,7558,7560,7561,7563,7569,7570,7573,7577,7578,7579,7580,7583,7588,7589",duplicate evidence
7598,conflicting_label_duplicate,related_ids=7635; normalized_key=pandemonium in aba as woman delivers baby without face photos url url,ambiguous,0.95,train,1,,7635,duplicate evidence
7598,normalized_duplicate,related_ids=7635; normalized_key=pandemonium in aba as woman delivers baby without face photos url url,keep_but_flag,0.95,train,1,,7635,duplicate evidence
7602,conflicting_label_duplicate,"related_ids=7609,7612,7613,7622,7626,7630,7633; normalized_key=pandemonium in aba as woman delivers baby without face photos url",ambiguous,0.95,train,1,,"7609,7612,7613,7622,7626,7630,7633",duplicate evidence
7602,near_duplicate,related_id=7626; cosine=0.9485,ambiguous,0.948514887186,,1,,7626,character 3-5 gram TF-IDF cosine
7602,normalized_duplicate,"related_ids=7609,7612,7613,7622,7626,7630,7633; normalized_key=pandemonium in aba as woman delivers baby without face photos url",keep_but_flag,0.95,train,1,,"7609,7612,7613,7622,7626,7630,7633",duplicate evidence
7609,conflicting_label_duplicate,"related_ids=7602,7612,7613,7622,7626,7630,7633; normalized_key=pandemonium in aba as woman delivers baby without face photos url",ambiguous,0.95,heldout,0,,"7602,7612,7613,7622,7626,7630,7633",duplicate evidence
7609,normalized_duplicate,"related_ids=7602,7612,7613,7622,7626,7630,7633; normalized_key=pandemonium in aba as woman delivers baby without face photos url",keep_but_flag,0.95,heldout,0,,"7602,7612,7613,7622,7626,7630,7633",duplicate evidence
7612,conflicting_label_duplicate,"related_ids=7602,7609,7613,7622,7626,7630,7633; normalized_key=pandemonium in aba as woman delivers baby without face photos url",ambiguous,0.95,train,0,,"7602,7609,7613,7622,7626,7630,7633",duplicate evidence
7612,normalized_duplicate,"related_ids=7602,7609,7613,7622,7626,7630,7633; normalized_key=pandemonium in aba as woman delivers baby without face photos url",keep_but_flag,0.95,train,0,,"7602,7609,7613,7622,7626,7630,7633",duplicate evidence
7613,conflicting_label_duplicate,"related_ids=7602,7609,7612,7622,7626,7630,7633; normalized_key=pandemonium in aba as woman delivers baby without face photos url",ambiguous,0.95,heldout,1,,"7602,7609,7612,7622,7626,7630,7633",duplicate evidence
7613,normalized_duplicate,"related_ids=7602,7609,7612,7622,7626,7630,7633; normalized_key=pandemonium in aba as woman delivers baby without face photos url",keep_but_flag,0.95,heldout,1,,"7602,7609,7612,7622,7626,7630,7633",duplicate evidence
7614,normalized_duplicate,related_ids=7619; normalized_key=world class tgirl ass 02 scene 4 pandemonium url,keep_but_flag,0.95,train,0,,7619,duplicate evidence
7619,normalized_duplicate,related_ids=7614; normalized_key=world class tgirl ass 02 scene 4 pandemonium url,keep_but_flag,0.95,dev,0,,7614,duplicate evidence
7622,conflicting_label_duplicate,"related_ids=7602,7609,7612,7613,7626,7630,7633; normalized_key=pandemonium in aba as woman delivers baby without face photos url",ambiguous,0.95,train,0,,"7602,7609,7612,7613,7626,7630,7633",duplicate evidence
7622,normalized_duplicate,"related_ids=7602,7609,7612,7613,7626,7630,7633; normalized_key=pandemonium in aba as woman delivers baby without face photos url",keep_but_flag,0.95,train,0,,"7602,7609,7612,7613,7626,7630,7633",duplicate evidence
7626,conflicting_label_duplicate,"related_ids=7602,7609,7612,7613,7622,7630,7633; normalized_key=pandemonium in aba as woman delivers baby without face photos url",ambiguous,0.95,train,0,,"7602,7609,7612,7613,7622,7630,7633",duplicate evidence
7626,normalized_duplicate,"related_ids=7602,7609,7612,7613,7622,7630,7633; normalized_key=pandemonium in aba as woman delivers baby without face photos url",keep_but_flag,0.95,train,0,,"7602,7609,7612,7613,7622,7630,7633",duplicate evidence
7630,conflicting_label_duplicate,"related_ids=7602,7609,7612,7613,7622,7626,7633; normalized_key=pandemonium in aba as woman delivers baby without face photos url",ambiguous,0.95,train,0,,"7602,7609,7612,7613,7622,7626,7633",duplicate evidence
7630,normalized_duplicate,"related_ids=7602,7609,7612,7613,7622,7626,7633; normalized_key=pandemonium in aba as woman delivers baby without face photos url",keep_but_flag,0.95,train,0,,"7602,7609,7612,7613,7622,7626,7633",duplicate evidence
7633,conflicting_label_duplicate,"related_ids=7602,7609,7612,7613,7622,7626,7630; normalized_key=pandemonium in aba as woman delivers baby without face photos url",ambiguous,0.95,dev,0,,"7602,7609,7612,7613,7622,7626,7630",duplicate evidence
7633,normalized_duplicate,"related_ids=7602,7609,7612,7613,7622,7626,7630; normalized_key=pandemonium in aba as woman delivers baby without face photos url",keep_but_flag,0.95,dev,0,,"7602,7609,7612,7613,7622,7626,7630",duplicate evidence
7635,conflicting_label_duplicate,related_ids=7598; normalized_key=pandemonium in aba as woman delivers baby without face photos url url,ambiguous,0.95,dev,0,,7598,duplicate evidence
7635,normalized_duplicate,related_ids=7598; normalized_key=pandemonium in aba as woman delivers baby without face photos url url,keep_but_flag,0.95,dev,0,,7598,duplicate evidence
7701,normalized_duplicate,related_ids=7714; normalized_key=new post people are finally panicking about cable tv url,keep_but_flag,0.95,train,0,,7714,duplicate evidence
7714,normalized_duplicate,related_ids=7701; normalized_key=new post people are finally panicking about cable tv url,keep_but_flag,0.95,heldout,0,,7701,duplicate evidence
7717,normalized_duplicate,related_ids=7739; normalized_key=people are finally panicking about cable tv url,keep_but_flag,0.95,dev,0,,7739,duplicate evidence
7739,normalized_duplicate,related_ids=7717; normalized_key=people are finally panicking about cable tv url,keep_but_flag,0.95,train,0,,7717,duplicate evidence
7754,high_confidence_fp,model_score=0.9771; text=Maid charged with stealing Dh30000 from police officer sponsor http://t.co/y35qtVDSOH | https://t.co/qhUJAjCTR5,ambiguous,0.977075688381,heldout,0,,,model disagreement is not label proof
7758,high_confidence_fp,model_score=0.8481; text=Vinnie Jones goes on the beat with Northumbria Police http://t.co/UP30AQgnLf,ambiguous,0.84806579375,heldout,0,,,model disagreement is not label proof
7793,high_confidence_fp,model_score=0.8676; text=.@slosheriff: 2 South Gate police officers and 2 Huntington Park officers arrested after child abuse investigation at boot camp,ambiguous,0.867607900557,heldout,0,,,model disagreement is not label proof
7799,conflicting_label_duplicate,"related_ids=7815,7833,7835,7842,7844; normalized_key=reddit will now quarantine offensive content url",ambiguous,0.95,dev,0,,"7815,7833,7835,7842,7844",duplicate evidence
7799,normalized_duplicate,"related_ids=7815,7833,7835,7842,7844; normalized_key=reddit will now quarantine offensive content url",keep_but_flag,0.95,dev,0,,"7815,7833,7835,7842,7844",duplicate evidence
7801,conflicting_label_duplicate,"related_ids=7802,7812,7839; normalized_key=reddit updates content policy promises to quarantine û extremely offensive ûª communities url",ambiguous,0.95,heldout,1,,"7802,7812,7839",duplicate evidence
7801,high_confidence_fn,model_score=0.0760; text=#Reddit updates #content #policy promises to quarantine Û÷extremely offensiveÛª communities http://t.co/EHGtZhKAn4,ambiguous,0.924049002842,heldout,1,,,model disagreement is not label proof
7801,normalized_duplicate,"related_ids=7802,7812,7839; normalized_key=reddit updates content policy promises to quarantine û extremely offensive ûª communities url",keep_but_flag,0.95,heldout,1,,"7802,7812,7839",duplicate evidence
7802,conflicting_label_duplicate,"related_ids=7801,7812,7839; normalized_key=reddit updates content policy promises to quarantine û extremely offensive ûª communities url",ambiguous,0.95,train,0,,"7801,7812,7839",duplicate evidence
7802,normalized_duplicate,"related_ids=7801,7812,7839; normalized_key=reddit updates content policy promises to quarantine û extremely offensive ûª communities url",keep_but_flag,0.95,train,0,,"7801,7812,7839",duplicate evidence
7804,high_confidence_fn,model_score=0.1243; text=Reddit Will Now Quarantine Offensive Content http://t.co/WosYPVQUFI http://t.co/XW8SDS1Tjp,ambiguous,0.875653193151,heldout,1,,,model disagreement is not label proof
7812,conflicting_label_duplicate,"related_ids=7801,7802,7839; normalized_key=reddit updates content policy promises to quarantine û extremely offensive ûª communities url",ambiguous,0.95,train,0,,"7801,7802,7839",duplicate evidence
7812,normalized_duplicate,"related_ids=7801,7802,7839; normalized_key=reddit updates content policy promises to quarantine û extremely offensive ûª communities url",keep_but_flag,0.95,train,0,,"7801,7802,7839",duplicate evidence
7815,conflicting_label_duplicate,"related_ids=7799,7833,7835,7842,7844; normalized_key=reddit will now quarantine offensive content url",ambiguous,0.95,dev,0,,"7799,7833,7835,7842,7844",duplicate evidence
7815,normalized_duplicate,"related_ids=7799,7833,7835,7842,7844; normalized_key=reddit will now quarantine offensive content url",keep_but_flag,0.95,dev,0,,"7799,7833,7835,7842,7844",duplicate evidence
7818,normalized_duplicate,"related_ids=7821,7830,7832; normalized_key=reddit will now quarantine offensive content reddit co founder and ceo steve huffman has unveiled mo",keep_but_flag,0.95,train,0,,"7821,7830,7832",duplicate evidence
7821,normalized_duplicate,"related_ids=7818,7830,7832; normalized_key=reddit will now quarantine offensive content reddit co founder and ceo steve huffman has unveiled mo",keep_but_flag,0.95,train,0,,"7818,7830,7832",duplicate evidence
7830,normalized_duplicate,"related_ids=7818,7821,7832; normalized_key=reddit will now quarantine offensive content reddit co founder and ceo steve huffman has unveiled mo",keep_but_flag,0.95,dev,0,,"7818,7821,7832",duplicate evidence
7832,normalized_duplicate,"related_ids=7818,7821,7830; normalized_key=reddit will now quarantine offensive content reddit co founder and ceo steve huffman has unveiled mo",keep_but_flag,0.95,train,0,,"7818,7821,7830",duplicate evidence
7833,conflicting_label_duplicate,"related_ids=7799,7815,7835,7842,7844; normalized_key=reddit will now quarantine offensive content url",ambiguous,0.95,heldout,0,,"7799,7815,7835,7842,7844",duplicate evidence
7833,normalized_duplicate,"related_ids=7799,7815,7835,7842,7844; normalized_key=reddit will now quarantine offensive content url",keep_but_flag,0.95,heldout,0,,"7799,7815,7835,7842,7844",duplicate evidence
7835,conflicting_label_duplicate,"related_ids=7799,7815,7833,7842,7844; normalized_key=reddit will now quarantine offensive content url",ambiguous,0.95,train,0,,"7799,7815,7833,7842,7844",duplicate evidence
7835,normalized_duplicate,"related_ids=7799,7815,7833,7842,7844; normalized_key=reddit will now quarantine offensive content url",keep_but_flag,0.95,train,0,,"7799,7815,7833,7842,7844",duplicate evidence
7837,normalized_duplicate,related_ids=7843; normalized_key=reddit will now quarantine offensiveåêcontent url url,keep_but_flag,0.95,train,0,,7843,duplicate evidence
7839,conflicting_label_duplicate,"related_ids=7801,7802,7812; normalized_key=reddit updates content policy promises to quarantine û extremely offensive ûª communities url",ambiguous,0.95,train,0,,"7801,7802,7812",duplicate evidence
7839,normalized_duplicate,"related_ids=7801,7802,7812; normalized_key=reddit updates content policy promises to quarantine û extremely offensive ûª communities url",keep_but_flag,0.95,train,0,,"7801,7802,7812",duplicate evidence
7842,conflicting_label_duplicate,"related_ids=7799,7815,7833,7835,7844; normalized_key=reddit will now quarantine offensive content url",ambiguous,0.95,dev,0,,"7799,7815,7833,7835,7844",duplicate evidence
7842,normalized_duplicate,"related_ids=7799,7815,7833,7835,7844; normalized_key=reddit will now quarantine offensive content url",keep_but_flag,0.95,dev,0,,"7799,7815,7833,7835,7844",duplicate evidence
7843,normalized_duplicate,related_ids=7837; normalized_key=reddit will now quarantine offensiveåêcontent url url,keep_but_flag,0.95,train,0,,7837,duplicate evidence
7844,conflicting_label_duplicate,"related_ids=7799,7815,7833,7835,7842; normalized_key=reddit will now quarantine offensive content url",ambiguous,0.95,dev,1,,"7799,7815,7833,7835,7842",duplicate evidence
7844,normalized_duplicate,"related_ids=7799,7815,7833,7835,7842; normalized_key=reddit will now quarantine offensive content url",keep_but_flag,0.95,dev,1,,"7799,7815,7833,7835,7842",duplicate evidence
7847,normalized_duplicate,"related_ids=7850,7870,7872,7889,7893; normalized_key=top link reddit s new content policy goes into effect many horrible subreddits banned or quarantined",keep_but_flag,0.95,train,0,,"7850,7870,7872,7889,7893",duplicate evidence
7849,conflicting_label_duplicate,"related_ids=7860,7863,7871,7883; normalized_key=reddit s new content policy goes into effect many horrible subreddits banned or quarantined url url",ambiguous,0.95,train,0,,"7860,7863,7871,7883",duplicate evidence
7849,normalized_duplicate,"related_ids=7860,7863,7871,7883; normalized_key=reddit s new content policy goes into effect many horrible subreddits banned or quarantined url url",keep_but_flag,0.95,train,0,,"7860,7863,7871,7883",duplicate evidence
7850,normalized_duplicate,"related_ids=7847,7870,7872,7889,7893; normalized_key=top link reddit s new content policy goes into effect many horrible subreddits banned or quarantined",keep_but_flag,0.95,train,0,,"7847,7870,7872,7889,7893",duplicate evidence
7851,conflicting_label_duplicate,"related_ids=7854,7862,7882,7894; normalized_key=hot reddit s new content policy goes into effect many horrible subreddits banned or quarantined url ",ambiguous,0.95,dev,0,,"7854,7862,7882,7894",duplicate evidence
7851,normalized_duplicate,"related_ids=7854,7862,7882,7894; normalized_key=hot reddit s new content policy goes into effect many horrible subreddits banned or quarantined url ",keep_but_flag,0.95,dev,0,,"7854,7862,7882,7894",duplicate evidence
7854,conflicting_label_duplicate,"related_ids=7851,7862,7882,7894; normalized_key=hot reddit s new content policy goes into effect many horrible subreddits banned or quarantined url ",ambiguous,0.95,train,0,,"7851,7862,7882,7894",duplicate evidence
7854,normalized_duplicate,"related_ids=7851,7862,7882,7894; normalized_key=hot reddit s new content policy goes into effect many horrible subreddits banned or quarantined url ",keep_but_flag,0.95,train,0,,"7851,7862,7882,7894",duplicate evidence
7860,conflicting_label_duplicate,"related_ids=7849,7863,7871,7883; normalized_key=reddit s new content policy goes into effect many horrible subreddits banned or quarantined url url",ambiguous,0.95,train,1,,"7849,7863,7871,7883",duplicate evidence
7860,normalized_duplicate,"related_ids=7849,7863,7871,7883; normalized_key=reddit s new content policy goes into effect many horrible subreddits banned or quarantined url url",keep_but_flag,0.95,train,1,,"7849,7863,7871,7883",duplicate evidence
7862,conflicting_label_duplicate,"related_ids=7851,7854,7882,7894; normalized_key=hot reddit s new content policy goes into effect many horrible subreddits banned or quarantined url ",ambiguous,0.95,train,1,,"7851,7854,7882,7894",duplicate evidence
7862,normalized_duplicate,"related_ids=7851,7854,7882,7894; normalized_key=hot reddit s new content policy goes into effect many horrible subreddits banned or quarantined url ",keep_but_flag,0.95,train,1,,"7851,7854,7882,7894",duplicate evidence
7863,conflicting_label_duplicate,"related_ids=7849,7860,7871,7883; normalized_key=reddit s new content policy goes into effect many horrible subreddits banned or quarantined url url",ambiguous,0.95,train,0,,"7849,7860,7871,7883",duplicate evidence
7863,normalized_duplicate,"related_ids=7849,7860,7871,7883; normalized_key=reddit s new content policy goes into effect many horrible subreddits banned or quarantined url url",keep_but_flag,0.95,train,0,,"7849,7860,7871,7883",duplicate evidence
7870,normalized_duplicate,"related_ids=7847,7850,7872,7889,7893; normalized_key=top link reddit s new content policy goes into effect many horrible subreddits banned or quarantined",keep_but_flag,0.95,train,0,,"7847,7850,7872,7889,7893",duplicate evidence
7871,conflicting_label_duplicate,"related_ids=7849,7860,7863,7883; normalized_key=reddit s new content policy goes into effect many horrible subreddits banned or quarantined url url",ambiguous,0.95,train,0,,"7849,7860,7863,7883",duplicate evidence
7871,normalized_duplicate,"related_ids=7849,7860,7863,7883; normalized_key=reddit s new content policy goes into effect many horrible subreddits banned or quarantined url url",keep_but_flag,0.95,train,0,,"7849,7860,7863,7883",duplicate evidence
7872,normalized_duplicate,"related_ids=7847,7850,7870,7889,7893; normalized_key=top link reddit s new content policy goes into effect many horrible subreddits banned or quarantined",keep_but_flag,0.95,train,0,,"7847,7850,7870,7889,7893",duplicate evidence
7882,conflicting_label_duplicate,"related_ids=7851,7854,7862,7894; normalized_key=hot reddit s new content policy goes into effect many horrible subreddits banned or quarantined url ",ambiguous,0.95,train,0,,"7851,7854,7862,7894",duplicate evidence
7882,normalized_duplicate,"related_ids=7851,7854,7862,7894; normalized_key=hot reddit s new content policy goes into effect many horrible subreddits banned or quarantined url ",keep_but_flag,0.95,train,0,,"7851,7854,7862,7894",duplicate evidence
7883,conflicting_label_duplicate,"related_ids=7849,7860,7863,7871; normalized_key=reddit s new content policy goes into effect many horrible subreddits banned or quarantined url url",ambiguous,0.95,train,0,,"7849,7860,7863,7871",duplicate evidence
7883,normalized_duplicate,"related_ids=7849,7860,7863,7871; normalized_key=reddit s new content policy goes into effect many horrible subreddits banned or quarantined url url",keep_but_flag,0.95,train,0,,"7849,7860,7863,7871",duplicate evidence
7889,normalized_duplicate,"related_ids=7847,7850,7870,7872,7893; normalized_key=top link reddit s new content policy goes into effect many horrible subreddits banned or quarantined",keep_but_flag,0.95,dev,0,,"7847,7850,7870,7872,7893",duplicate evidence
7893,normalized_duplicate,"related_ids=7847,7850,7870,7872,7889; normalized_key=top link reddit s new content policy goes into effect many horrible subreddits banned or quarantined",keep_but_flag,0.95,train,0,,"7847,7850,7870,7872,7889",duplicate evidence
7894,conflicting_label_duplicate,"related_ids=7851,7854,7862,7882; normalized_key=hot reddit s new content policy goes into effect many horrible subreddits banned or quarantined url ",ambiguous,0.95,train,0,,"7851,7854,7862,7882",duplicate evidence
7894,normalized_duplicate,"related_ids=7851,7854,7862,7882; normalized_key=hot reddit s new content policy goes into effect many horrible subreddits banned or quarantined url ",keep_but_flag,0.95,train,0,,"7851,7854,7862,7882",duplicate evidence
7923,normalized_duplicate,related_ids=7937; normalized_key=landslide in italian alps kills three rome reuters three people were killed when a severe rainstorm ,keep_but_flag,0.95,heldout,1,,7937,duplicate evidence
7937,normalized_duplicate,related_ids=7923; normalized_key=landslide in italian alps kills three rome reuters three people were killed when a severe rainstorm ,keep_but_flag,0.95,heldout,1,,7923,duplicate evidence
7954,conflicting_label_duplicate,related_ids=7957; normalized_key=the way you move is like a full on rainstorm and i m a house of cards,ambiguous,0.95,train,1,,7957,duplicate evidence
7954,normalized_duplicate,related_ids=7957; normalized_key=the way you move is like a full on rainstorm and i m a house of cards,keep_but_flag,0.95,train,1,,7957,duplicate evidence
7957,conflicting_label_duplicate,related_ids=7954; normalized_key=the way you move is like a full on rainstorm and i m a house of cards,ambiguous,0.95,dev,0,,7954,duplicate evidence
7957,normalized_duplicate,related_ids=7954; normalized_key=the way you move is like a full on rainstorm and i m a house of cards,keep_but_flag,0.95,dev,0,,7954,duplicate evidence
7960,normalized_duplicate,"related_ids=7968,7969,7972,7973,7983,7987,7988,7996,7999,8000; normalized_key=the latest more homes razed by northern california wildfire abc news url",keep_but_flag,0.95,dev,1,,"7968,7969,7972,7973,7983,7987,7988,7996,7999,8000,8006,10873",duplicate evidence
7965,normalized_duplicate,"related_ids=7976,7977,7978,7981,7982,7989,8002,8005; normalized_key=the latest more homes razed by northern california wildfire url url",keep_but_flag,0.95,train,1,,"7976,7977,7978,7981,7982,7989,8002,8005",duplicate evidence
7968,normalized_duplicate,"related_ids=7960,7969,7972,7973,7983,7987,7988,7996,7999,8000; normalized_key=the latest more homes razed by northern california wildfire abc news url",keep_but_flag,0.95,heldout,1,,"7960,7969,7972,7973,7983,7987,7988,7996,7999,8000,8006,10873",duplicate evidence
7969,normalized_duplicate,"related_ids=7960,7968,7972,7973,7983,7987,7988,7996,7999,8000; normalized_key=the latest more homes razed by northern california wildfire abc news url",keep_but_flag,0.95,heldout,1,,"7960,7968,7972,7973,7983,7987,7988,7996,7999,8000,8006,10873",duplicate evidence
7972,normalized_duplicate,"related_ids=7960,7968,7969,7973,7983,7987,7988,7996,7999,8000; normalized_key=the latest more homes razed by northern california wildfire abc news url",keep_but_flag,0.95,heldout,1,,"7960,7968,7969,7973,7983,7987,7988,7996,7999,8000,8006,10873",duplicate evidence
7973,normalized_duplicate,"related_ids=7960,7968,7969,7972,7983,7987,7988,7996,7999,8000; normalized_key=the latest more homes razed by northern california wildfire abc news url",keep_but_flag,0.95,train,1,,"7960,7968,7969,7972,7983,7987,7988,7996,7999,8000,8006,10873",duplicate evidence
7976,normalized_duplicate,"related_ids=7965,7977,7978,7981,7982,7989,8002,8005; normalized_key=the latest more homes razed by northern california wildfire url url",keep_but_flag,0.95,train,1,,"7965,7977,7978,7981,7982,7989,8002,8005",duplicate evidence
7977,normalized_duplicate,"related_ids=7965,7976,7978,7981,7982,7989,8002,8005; normalized_key=the latest more homes razed by northern california wildfire url url",keep_but_flag,0.95,heldout,1,,"7965,7976,7978,7981,7982,7989,8002,8005",duplicate evidence
7978,normalized_duplicate,"related_ids=7965,7976,7977,7981,7982,7989,8002,8005; normalized_key=the latest more homes razed by northern california wildfire url url",keep_but_flag,0.95,train,1,,"7965,7976,7977,7981,7982,7989,8002,8005",duplicate evidence
7981,normalized_duplicate,"related_ids=7965,7976,7977,7978,7982,7989,8002,8005; normalized_key=the latest more homes razed by northern california wildfire url url",keep_but_flag,0.95,train,1,,"7965,7976,7977,7978,7982,7989,8002,8005",duplicate evidence
7982,normalized_duplicate,"related_ids=7965,7976,7977,7978,7981,7989,8002,8005; normalized_key=the latest more homes razed by northern california wildfire url url",keep_but_flag,0.95,heldout,1,,"7965,7976,7977,7978,7981,7989,8002,8005",duplicate evidence
7983,normalized_duplicate,"related_ids=7960,7968,7969,7972,7973,7987,7988,7996,7999,8000; normalized_key=the latest more homes razed by northern california wildfire abc news url",keep_but_flag,0.95,dev,1,,"7960,7968,7969,7972,7973,7987,7988,7996,7999,8000,8006,10873",duplicate evidence
7987,normalized_duplicate,"related_ids=7960,7968,7969,7972,7973,7983,7988,7996,7999,8000; normalized_key=the latest more homes razed by northern california wildfire abc news url",keep_but_flag,0.95,train,1,,"7960,7968,7969,7972,7973,7983,7988,7996,7999,8000,8006,10873",duplicate evidence
7988,normalized_duplicate,"related_ids=7960,7968,7969,7972,7973,7983,7987,7996,7999,8000; normalized_key=the latest more homes razed by northern california wildfire abc news url",keep_but_flag,0.95,train,1,,"7960,7968,7969,7972,7973,7983,7987,7996,7999,8000,8006,10873",duplicate evidence
7989,normalized_duplicate,"related_ids=7965,7976,7977,7978,7981,7982,8002,8005; normalized_key=the latest more homes razed by northern california wildfire url url",keep_but_flag,0.95,train,1,,"7965,7976,7977,7978,7981,7982,8002,8005",duplicate evidence
7991,normalized_duplicate,related_ids=8003; normalized_key=george njenga the hero saved his burning friend from a razing wildfire url,keep_but_flag,0.95,train,1,,8003,duplicate evidence
7996,normalized_duplicate,"related_ids=7960,7968,7969,7972,7973,7983,7987,7988,7999,8000; normalized_key=the latest more homes razed by northern california wildfire abc news url",keep_but_flag,0.95,train,1,,"7960,7968,7969,7972,7973,7983,7987,7988,7999,8000,8006,10873",duplicate evidence
7999,normalized_duplicate,"related_ids=7960,7968,7969,7972,7973,7983,7987,7988,7996,8000; normalized_key=the latest more homes razed by northern california wildfire abc news url",keep_but_flag,0.95,heldout,1,,"7960,7968,7969,7972,7973,7983,7987,7988,7996,8000,8006,10873",duplicate evidence
8000,normalized_duplicate,"related_ids=7960,7968,7969,7972,7973,7983,7987,7988,7996,7999; normalized_key=the latest more homes razed by northern california wildfire abc news url",keep_but_flag,0.95,train,1,,"7960,7968,7969,7972,7973,7983,7987,7988,7996,7999,8006,10873",duplicate evidence
8002,normalized_duplicate,"related_ids=7965,7976,7977,7978,7981,7982,7989,8005; normalized_key=the latest more homes razed by northern california wildfire url url",keep_but_flag,0.95,dev,1,,"7965,7976,7977,7978,7981,7982,7989,8005",duplicate evidence
8003,normalized_duplicate,related_ids=7991; normalized_key=george njenga the hero saved his burning friend from a razing wildfire url,keep_but_flag,0.95,heldout,1,,7991,duplicate evidence
8005,normalized_duplicate,"related_ids=7965,7976,7977,7978,7981,7982,7989,8002; normalized_key=the latest more homes razed by northern california wildfire url url",keep_but_flag,0.95,dev,1,,"7965,7976,7977,7978,7981,7982,7989,8002",duplicate evidence
8006,normalized_duplicate,"related_ids=7960,7968,7969,7972,7973,7983,7987,7988,7996,7999; normalized_key=the latest more homes razed by northern california wildfire abc news url",keep_but_flag,0.95,heldout,1,,"7960,7968,7969,7972,7973,7983,7987,7988,7996,7999,8000,10873",duplicate evidence
8018,conflicting_label_duplicate,related_ids=8044; normalized_key=wowo 12000 nigerian refugees repatriated from cameroon,ambiguous,0.95,heldout,1,,8044,duplicate evidence
8018,exact_duplicate,related_ids=8044; normalized_key=wowo 12000 nigerian refugees repatriated from cameroon,keep_but_flag,0.95,heldout,1,,8044,duplicate evidence
8018,normalized_duplicate,related_ids=8044; normalized_key=wowo 12000 nigerian refugees repatriated from cameroon,keep_but_flag,0.95,heldout,1,,8044,duplicate evidence
8019,normalized_duplicate,related_ids=8036; normalized_key=hmm 12000 nigerian refugees repatriated from cameroon url,keep_but_flag,0.95,train,1,,8036,duplicate evidence
8020,normalized_duplicate,"related_ids=8035,8056; normalized_key=whao 12000 nigerian refugees repatriated from cameroon url",keep_but_flag,0.95,train,1,,"8035,8056",duplicate evidence
8035,normalized_duplicate,"related_ids=8020,8056; normalized_key=whao 12000 nigerian refugees repatriated from cameroon url",keep_but_flag,0.95,train,1,,"8020,8056",duplicate evidence
8036,normalized_duplicate,related_ids=8019; normalized_key=hmm 12000 nigerian refugees repatriated from cameroon url,keep_but_flag,0.95,heldout,1,,8019,duplicate evidence
8044,conflicting_label_duplicate,related_ids=8018; normalized_key=wowo 12000 nigerian refugees repatriated from cameroon,ambiguous,0.95,dev,0,,8018,duplicate evidence
8044,exact_duplicate,related_ids=8018; normalized_key=wowo 12000 nigerian refugees repatriated from cameroon,keep_but_flag,0.95,dev,0,,8018,duplicate evidence
8044,normalized_duplicate,related_ids=8018; normalized_key=wowo 12000 nigerian refugees repatriated from cameroon,keep_but_flag,0.95,dev,0,,8018,duplicate evidence
8056,normalized_duplicate,"related_ids=8020,8035; normalized_key=whao 12000 nigerian refugees repatriated from cameroon url",keep_but_flag,0.95,train,1,,"8020,8035",duplicate evidence
8062,normalized_duplicate,"related_ids=8067,8091; normalized_key=coastal german shepherd rescue oc shared a link url animalrescue url",keep_but_flag,0.95,train,0,,"8067,8091",duplicate evidence
8064,exact_duplicate,related_ids=8084; normalized_key=ud rescue structural collapse scott road ypres road york 14 trucks,keep_but_flag,0.95,heldout,1,,8084,duplicate evidence
8064,normalized_duplicate,related_ids=8084; normalized_key=ud rescue structural collapse scott road ypres road york 14 trucks,keep_but_flag,0.95,heldout,1,,8084,duplicate evidence
8067,normalized_duplicate,"related_ids=8062,8091; normalized_key=coastal german shepherd rescue oc shared a link url animalrescue url",keep_but_flag,0.95,train,0,,"8062,8091",duplicate evidence
8071,normalized_duplicate,related_ids=8073; normalized_key=last chance animal rescue has 3 new posts url animalrescue url,keep_but_flag,0.95,dev,0,,8073,duplicate evidence
8073,normalized_duplicate,related_ids=8071; normalized_key=last chance animal rescue has 3 new posts url animalrescue url,keep_but_flag,0.95,train,0,,8071,duplicate evidence
8084,exact_duplicate,related_ids=8064; normalized_key=ud rescue structural collapse scott road ypres road york 14 trucks,keep_but_flag,0.95,heldout,1,,8064,duplicate evidence
8084,normalized_duplicate,related_ids=8064; normalized_key=ud rescue structural collapse scott road ypres road york 14 trucks,keep_but_flag,0.95,heldout,1,,8064,duplicate evidence
8091,normalized_duplicate,"related_ids=8062,8067; normalized_key=coastal german shepherd rescue oc shared a link url animalrescue url",keep_but_flag,0.95,heldout,0,,"8062,8067",duplicate evidence
8097,normalized_duplicate,"related_ids=8106,8141; normalized_key=rescued med migrants arrive in sicily url",keep_but_flag,0.95,train,1,,"8106,8141",duplicate evidence
8106,normalized_duplicate,"related_ids=8097,8141; normalized_key=rescued med migrants arrive in sicily url",keep_but_flag,0.95,train,1,,"8097,8141",duplicate evidence
8141,normalized_duplicate,"related_ids=8097,8106; normalized_key=rescued med migrants arrive in sicily url",keep_but_flag,0.95,heldout,1,,"8097,8106",duplicate evidence
8142,normalized_duplicate,related_ids=8164; normalized_key=video we re picking up bodies from water rescuers are searching for hundreds of migrants in url afri,keep_but_flag,0.95,train,1,,8164,duplicate evidence
8143,normalized_duplicate,"related_ids=8144,8146,8161,8162,8170,8177,8180; normalized_key=video we re picking up bodies from water rescuers are searching for hundreds of migrants in the medi",keep_but_flag,0.95,train,1,,"8144,8146,8161,8162,8170,8177,8180",duplicate evidence
8144,normalized_duplicate,"related_ids=8143,8146,8161,8162,8170,8177,8180; normalized_key=video we re picking up bodies from water rescuers are searching for hundreds of migrants in the medi",keep_but_flag,0.95,train,1,,"8143,8146,8161,8162,8170,8177,8180",duplicate evidence
8146,normalized_duplicate,"related_ids=8143,8144,8161,8162,8170,8177,8180; normalized_key=video we re picking up bodies from water rescuers are searching for hundreds of migrants in the medi",keep_but_flag,0.95,train,1,,"8143,8144,8161,8162,8170,8177,8180",duplicate evidence
8158,exact_duplicate,"related_ids=8163,8168,8183; normalized_key=video we re picking up bodies from water rescuers are searching for hundreds of migrants in the medi",keep_but_flag,0.95,train,1,,"8163,8168,8183",duplicate evidence
8158,near_duplicate,related_id=8163; cosine=1.0000,keep_but_flag,1,,1,,8163,character 3-5 gram TF-IDF cosine
8158,normalized_duplicate,"related_ids=8163,8168,8183; normalized_key=video we re picking up bodies from water rescuers are searching for hundreds of migrants in the medi",keep_but_flag,0.95,train,1,,"8163,8168,8183",duplicate evidence
8161,normalized_duplicate,"related_ids=8143,8144,8146,8162,8170,8177,8180; normalized_key=video we re picking up bodies from water rescuers are searching for hundreds of migrants in the medi",keep_but_flag,0.95,train,1,,"8143,8144,8146,8162,8170,8177,8180",duplicate evidence
8162,normalized_duplicate,"related_ids=8143,8144,8146,8161,8170,8177,8180; normalized_key=video we re picking up bodies from water rescuers are searching for hundreds of migrants in the medi",keep_but_flag,0.95,train,1,,"8143,8144,8146,8161,8170,8177,8180",duplicate evidence
8163,exact_duplicate,"related_ids=8158,8168,8183; normalized_key=video we re picking up bodies from water rescuers are searching for hundreds of migrants in the medi",keep_but_flag,0.95,train,1,,"8158,8168,8183",duplicate evidence
8163,normalized_duplicate,"related_ids=8158,8168,8183; normalized_key=video we re picking up bodies from water rescuers are searching for hundreds of migrants in the medi",keep_but_flag,0.95,train,1,,"8158,8168,8183",duplicate evidence
8164,normalized_duplicate,related_ids=8142; normalized_key=video we re picking up bodies from water rescuers are searching for hundreds of migrants in url afri,keep_but_flag,0.95,heldout,1,,8142,duplicate evidence
8168,exact_duplicate,"related_ids=8158,8163,8183; normalized_key=video we re picking up bodies from water rescuers are searching for hundreds of migrants in the medi",keep_but_flag,0.95,train,1,,"8158,8163,8183",duplicate evidence
8168,normalized_duplicate,"related_ids=8158,8163,8183; normalized_key=video we re picking up bodies from water rescuers are searching for hundreds of migrants in the medi",keep_but_flag,0.95,train,1,,"8158,8163,8183",duplicate evidence
8170,normalized_duplicate,"related_ids=8143,8144,8146,8161,8162,8177,8180; normalized_key=video we re picking up bodies from water rescuers are searching for hundreds of migrants in the medi",keep_but_flag,0.95,train,1,,"8143,8144,8146,8161,8162,8177,8180",duplicate evidence
8177,normalized_duplicate,"related_ids=8143,8144,8146,8161,8162,8170,8180; normalized_key=video we re picking up bodies from water rescuers are searching for hundreds of migrants in the medi",keep_but_flag,0.95,heldout,1,,"8143,8144,8146,8161,8162,8170,8180",duplicate evidence
8180,normalized_duplicate,"related_ids=8143,8144,8146,8161,8162,8170,8177; normalized_key=video we re picking up bodies from water rescuers are searching for hundreds of migrants in the medi",keep_but_flag,0.95,train,1,,"8143,8144,8146,8161,8162,8170,8177",duplicate evidence
8183,exact_duplicate,"related_ids=8158,8163,8168; normalized_key=video we re picking up bodies from water rescuers are searching for hundreds of migrants in the medi",keep_but_flag,0.95,dev,1,,"8158,8163,8168",duplicate evidence
8183,normalized_duplicate,"related_ids=8158,8163,8168; normalized_key=video we re picking up bodies from water rescuers are searching for hundreds of migrants in the medi",keep_but_flag,0.95,dev,1,,"8158,8163,8168",duplicate evidence
8187,normalized_duplicate,related_ids=8190; normalized_key=fears over missing migrants in med rescuers search for survivors after a boat carrying as many as 60,keep_but_flag,0.95,dev,1,,8190,duplicate evidence
8190,normalized_duplicate,related_ids=8187; normalized_key=fears over missing migrants in med rescuers search for survivors after a boat carrying as many as 60,keep_but_flag,0.95,heldout,1,,8187,duplicate evidence
8196,exact_duplicate,related_ids=8238; normalized_key=stuart broad takes eight before joe root runs riot against aussies,keep_but_flag,0.95,train,0,,8238,duplicate evidence
8196,normalized_duplicate,related_ids=8238; normalized_key=stuart broad takes eight before joe root runs riot against aussies,keep_but_flag,0.95,train,0,,8238,duplicate evidence
8202,near_duplicate,related_id=8240; cosine=0.9519,keep_but_flag,0.95187693669,,0,,8240,character 3-5 gram TF-IDF cosine
8202,normalized_duplicate,"related_ids=8214,8240; normalized_key=user discovered by user listen buy user riot on user user url û_ blowmandyup",keep_but_flag,0.95,dev,0,,"8214,8240",duplicate evidence
8214,normalized_duplicate,"related_ids=8202,8240; normalized_key=user discovered by user listen buy user riot on user user url û_ blowmandyup",keep_but_flag,0.95,train,0,,"8202,8240",duplicate evidence
8238,exact_duplicate,related_ids=8196; normalized_key=stuart broad takes eight before joe root runs riot against aussies,keep_but_flag,0.95,train,0,,8196,duplicate evidence
8238,normalized_duplicate,related_ids=8196; normalized_key=stuart broad takes eight before joe root runs riot against aussies,keep_but_flag,0.95,train,0,,8196,duplicate evidence
8240,normalized_duplicate,"related_ids=8202,8214; normalized_key=user discovered by user listen buy user riot on user user url û_ blowmandyup",keep_but_flag,0.95,train,0,,"8202,8214",duplicate evidence
8254,conflicting_label_duplicate,related_ids=8288; normalized_key=url cindy noonan user heartbreak in baltimore rioting yahistorical undergroundrailraod,ambiguous,0.95,train,1,,8288,duplicate evidence
8254,near_duplicate,related_id=8288; cosine=0.9579,ambiguous,0.957948270877,,1,,8288,character 3-5 gram TF-IDF cosine
8254,normalized_duplicate,related_ids=8288; normalized_key=url cindy noonan user heartbreak in baltimore rioting yahistorical undergroundrailraod,keep_but_flag,0.95,train,1,,8288,duplicate evidence
8259,high_confidence_fn,model_score=0.1301; text=@evacide The Ferguson RIOTS worked. This of this the next time you say RIOTING doesn't change anything. There fixed it for you.,ambiguous,0.869919784307,heldout,1,,,model disagreement is not label proof
8288,conflicting_label_duplicate,related_ids=8254; normalized_key=url cindy noonan user heartbreak in baltimore rioting yahistorical undergroundrailraod,ambiguous,0.95,train,0,,8254,duplicate evidence
8288,normalized_duplicate,related_ids=8254; normalized_key=url cindy noonan user heartbreak in baltimore rioting yahistorical undergroundrailraod,keep_but_flag,0.95,train,0,,8254,duplicate evidence
8296,conflicting_label_duplicate,related_ids=8297; normalized_key=user china ûªs stock market crash this summer has sparked interest from bargain hunt url user å,ambiguous,0.95,heldout,1,,8297,duplicate evidence
8296,high_confidence_fn,model_score=0.1046; text=@accionempresa ChinaÛªs stock market crash this summer has sparked interest from bargain hunt... http://t.co/s0Eyq1wEHE @gerenciatodos å¨,ambiguous,0.895430055687,heldout,1,,,model disagreement is not label proof
8296,normalized_duplicate,related_ids=8297; normalized_key=user china ûªs stock market crash this summer has sparked interest from bargain hunt url user å,keep_but_flag,0.95,heldout,1,,8297,duplicate evidence
8297,conflicting_label_duplicate,related_ids=8296; normalized_key=user china ûªs stock market crash this summer has sparked interest from bargain hunt url user å,ambiguous,0.95,train,0,,8296,duplicate evidence
8297,normalized_duplicate,related_ids=8296; normalized_key=user china ûªs stock market crash this summer has sparked interest from bargain hunt url user å,keep_but_flag,0.95,train,0,,8296,duplicate evidence
8301,conflicting_label_duplicate,"related_ids=8314,8334,8341; normalized_key=360wisenews china s stock market crash are there gems in the rubble url",ambiguous,0.95,dev,0,,"8314,8334,8341",duplicate evidence
8301,normalized_duplicate,"related_ids=8314,8334,8341; normalized_key=360wisenews china s stock market crash are there gems in the rubble url",keep_but_flag,0.95,dev,0,,"8314,8334,8341",duplicate evidence
8314,conflicting_label_duplicate,"related_ids=8301,8334,8341; normalized_key=360wisenews china s stock market crash are there gems in the rubble url",ambiguous,0.95,train,1,,"8301,8334,8341",duplicate evidence
8314,normalized_duplicate,"related_ids=8301,8334,8341; normalized_key=360wisenews china s stock market crash are there gems in the rubble url",keep_but_flag,0.95,train,1,,"8301,8334,8341",duplicate evidence
8334,conflicting_label_duplicate,"related_ids=8301,8314,8341; normalized_key=360wisenews china s stock market crash are there gems in the rubble url",ambiguous,0.95,train,1,,"8301,8314,8341",duplicate evidence
8334,normalized_duplicate,"related_ids=8301,8314,8341; normalized_key=360wisenews china s stock market crash are there gems in the rubble url",keep_but_flag,0.95,train,1,,"8301,8314,8341",duplicate evidence
8341,conflicting_label_duplicate,"related_ids=8301,8314,8334; normalized_key=360wisenews china s stock market crash are there gems in the rubble url",ambiguous,0.95,heldout,0,,"8301,8314,8334",duplicate evidence
8341,normalized_duplicate,"related_ids=8301,8314,8334; normalized_key=360wisenews china s stock market crash are there gems in the rubble url",keep_but_flag,0.95,heldout,0,,"8301,8314,8334",duplicate evidence
8393,normalized_duplicate,"related_ids=8394,8397,8400,8401,8402,8404,8405,8409,8410,8411; normalized_key=watch this airport get swallowed up by a sandstorm in under a minute url",keep_but_flag,0.95,train,1,,"8394,8397,8400,8401,8402,8404,8405,8409,8410,8411,8412,8416,8418,8419,8422,8423,8428,8429,8431,8432,8433,8435,8441",duplicate evidence
8394,normalized_duplicate,"related_ids=8393,8397,8400,8401,8402,8404,8405,8409,8410,8411; normalized_key=watch this airport get swallowed up by a sandstorm in under a minute url",keep_but_flag,0.95,train,1,,"8393,8397,8400,8401,8402,8404,8405,8409,8410,8411,8412,8416,8418,8419,8422,8423,8428,8429,8431,8432,8433,8435,8441",duplicate evidence
8397,normalized_duplicate,"related_ids=8393,8394,8400,8401,8402,8404,8405,8409,8410,8411; normalized_key=watch this airport get swallowed up by a sandstorm in under a minute url",keep_but_flag,0.95,train,1,,"8393,8394,8400,8401,8402,8404,8405,8409,8410,8411,8412,8416,8418,8419,8422,8423,8428,8429,8431,8432,8433,8435,8441",duplicate evidence
8400,normalized_duplicate,"related_ids=8393,8394,8397,8401,8402,8404,8405,8409,8410,8411; normalized_key=watch this airport get swallowed up by a sandstorm in under a minute url",keep_but_flag,0.95,train,1,,"8393,8394,8397,8401,8402,8404,8405,8409,8410,8411,8412,8416,8418,8419,8422,8423,8428,8429,8431,8432,8433,8435,8441",duplicate evidence
8401,normalized_duplicate,"related_ids=8393,8394,8397,8400,8402,8404,8405,8409,8410,8411; normalized_key=watch this airport get swallowed up by a sandstorm in under a minute url",keep_but_flag,0.95,heldout,1,,"8393,8394,8397,8400,8402,8404,8405,8409,8410,8411,8412,8416,8418,8419,8422,8423,8428,8429,8431,8432,8433,8435,8441",duplicate evidence
8402,normalized_duplicate,"related_ids=8393,8394,8397,8400,8401,8404,8405,8409,8410,8411; normalized_key=watch this airport get swallowed up by a sandstorm in under a minute url",keep_but_flag,0.95,train,1,,"8393,8394,8397,8400,8401,8404,8405,8409,8410,8411,8412,8416,8418,8419,8422,8423,8428,8429,8431,8432,8433,8435,8441",duplicate evidence
8404,normalized_duplicate,"related_ids=8393,8394,8397,8400,8401,8402,8405,8409,8410,8411; normalized_key=watch this airport get swallowed up by a sandstorm in under a minute url",keep_but_flag,0.95,train,1,,"8393,8394,8397,8400,8401,8402,8405,8409,8410,8411,8412,8416,8418,8419,8422,8423,8428,8429,8431,8432,8433,8435,8441",duplicate evidence
8405,normalized_duplicate,"related_ids=8393,8394,8397,8400,8401,8402,8404,8409,8410,8411; normalized_key=watch this airport get swallowed up by a sandstorm in under a minute url",keep_but_flag,0.95,dev,1,,"8393,8394,8397,8400,8401,8402,8404,8409,8410,8411,8412,8416,8418,8419,8422,8423,8428,8429,8431,8432,8433,8435,8441",duplicate evidence
8409,normalized_duplicate,"related_ids=8393,8394,8397,8400,8401,8402,8404,8405,8410,8411; normalized_key=watch this airport get swallowed up by a sandstorm in under a minute url",keep_but_flag,0.95,heldout,1,,"8393,8394,8397,8400,8401,8402,8404,8405,8410,8411,8412,8416,8418,8419,8422,8423,8428,8429,8431,8432,8433,8435,8441",duplicate evidence
8410,normalized_duplicate,"related_ids=8393,8394,8397,8400,8401,8402,8404,8405,8409,8411; normalized_key=watch this airport get swallowed up by a sandstorm in under a minute url",keep_but_flag,0.95,train,1,,"8393,8394,8397,8400,8401,8402,8404,8405,8409,8411,8412,8416,8418,8419,8422,8423,8428,8429,8431,8432,8433,8435,8441",duplicate evidence
8411,normalized_duplicate,"related_ids=8393,8394,8397,8400,8401,8402,8404,8405,8409,8410; normalized_key=watch this airport get swallowed up by a sandstorm in under a minute url",keep_but_flag,0.95,train,1,,"8393,8394,8397,8400,8401,8402,8404,8405,8409,8410,8412,8416,8418,8419,8422,8423,8428,8429,8431,8432,8433,8435,8441",duplicate evidence
8412,normalized_duplicate,"related_ids=8393,8394,8397,8400,8401,8402,8404,8405,8409,8410; normalized_key=watch this airport get swallowed up by a sandstorm in under a minute url",keep_but_flag,0.95,train,1,,"8393,8394,8397,8400,8401,8402,8404,8405,8409,8410,8411,8416,8418,8419,8422,8423,8428,8429,8431,8432,8433,8435,8441",duplicate evidence
8416,normalized_duplicate,"related_ids=8393,8394,8397,8400,8401,8402,8404,8405,8409,8410; normalized_key=watch this airport get swallowed up by a sandstorm in under a minute url",keep_but_flag,0.95,train,1,,"8393,8394,8397,8400,8401,8402,8404,8405,8409,8410,8411,8412,8418,8419,8422,8423,8428,8429,8431,8432,8433,8435,8441",duplicate evidence
8418,normalized_duplicate,"related_ids=8393,8394,8397,8400,8401,8402,8404,8405,8409,8410; normalized_key=watch this airport get swallowed up by a sandstorm in under a minute url",keep_but_flag,0.95,train,1,,"8393,8394,8397,8400,8401,8402,8404,8405,8409,8410,8411,8412,8416,8419,8422,8423,8428,8429,8431,8432,8433,8435,8441",duplicate evidence
8419,normalized_duplicate,"related_ids=8393,8394,8397,8400,8401,8402,8404,8405,8409,8410; normalized_key=watch this airport get swallowed up by a sandstorm in under a minute url",keep_but_flag,0.95,train,1,,"8393,8394,8397,8400,8401,8402,8404,8405,8409,8410,8411,8412,8416,8418,8422,8423,8428,8429,8431,8432,8433,8435,8441",duplicate evidence
8422,normalized_duplicate,"related_ids=8393,8394,8397,8400,8401,8402,8404,8405,8409,8410; normalized_key=watch this airport get swallowed up by a sandstorm in under a minute url",keep_but_flag,0.95,train,1,,"8393,8394,8397,8400,8401,8402,8404,8405,8409,8410,8411,8412,8416,8418,8419,8423,8428,8429,8431,8432,8433,8435,8441",duplicate evidence
8423,normalized_duplicate,"related_ids=8393,8394,8397,8400,8401,8402,8404,8405,8409,8410; normalized_key=watch this airport get swallowed up by a sandstorm in under a minute url",keep_but_flag,0.95,train,1,,"8393,8394,8397,8400,8401,8402,8404,8405,8409,8410,8411,8412,8416,8418,8419,8422,8428,8429,8431,8432,8433,8435,8441",duplicate evidence
8428,normalized_duplicate,"related_ids=8393,8394,8397,8400,8401,8402,8404,8405,8409,8410; normalized_key=watch this airport get swallowed up by a sandstorm in under a minute url",keep_but_flag,0.95,train,1,,"8393,8394,8397,8400,8401,8402,8404,8405,8409,8410,8411,8412,8416,8418,8419,8422,8423,8429,8431,8432,8433,8435,8441",duplicate evidence
8429,normalized_duplicate,"related_ids=8393,8394,8397,8400,8401,8402,8404,8405,8409,8410; normalized_key=watch this airport get swallowed up by a sandstorm in under a minute url",keep_but_flag,0.95,dev,1,,"8393,8394,8397,8400,8401,8402,8404,8405,8409,8410,8411,8412,8416,8418,8419,8422,8423,8428,8431,8432,8433,8435,8441",duplicate evidence
8431,normalized_duplicate,"related_ids=8393,8394,8397,8400,8401,8402,8404,8405,8409,8410; normalized_key=watch this airport get swallowed up by a sandstorm in under a minute url",keep_but_flag,0.95,train,1,,"8393,8394,8397,8400,8401,8402,8404,8405,8409,8410,8411,8412,8416,8418,8419,8422,8423,8428,8429,8432,8433,8435,8441",duplicate evidence
8432,normalized_duplicate,"related_ids=8393,8394,8397,8400,8401,8402,8404,8405,8409,8410; normalized_key=watch this airport get swallowed up by a sandstorm in under a minute url",keep_but_flag,0.95,train,1,,"8393,8394,8397,8400,8401,8402,8404,8405,8409,8410,8411,8412,8416,8418,8419,8422,8423,8428,8429,8431,8433,8435,8441",duplicate evidence
8433,normalized_duplicate,"related_ids=8393,8394,8397,8400,8401,8402,8404,8405,8409,8410; normalized_key=watch this airport get swallowed up by a sandstorm in under a minute url",keep_but_flag,0.95,train,1,,"8393,8394,8397,8400,8401,8402,8404,8405,8409,8410,8411,8412,8416,8418,8419,8422,8423,8428,8429,8431,8432,8435,8441",duplicate evidence
8435,normalized_duplicate,"related_ids=8393,8394,8397,8400,8401,8402,8404,8405,8409,8410; normalized_key=watch this airport get swallowed up by a sandstorm in under a minute url",keep_but_flag,0.95,heldout,1,,"8393,8394,8397,8400,8401,8402,8404,8405,8409,8410,8411,8412,8416,8418,8419,8422,8423,8428,8429,8431,8432,8433,8441",duplicate evidence
8441,normalized_duplicate,"related_ids=8393,8394,8397,8400,8401,8402,8404,8405,8409,8410; normalized_key=watch this airport get swallowed up by a sandstorm in under a minute url",keep_but_flag,0.95,train,1,,"8393,8394,8397,8400,8401,8402,8404,8405,8409,8410,8411,8412,8416,8418,8419,8422,8423,8428,8429,8431,8432,8433,8435",duplicate evidence
8450,high_confidence_fn,model_score=0.0902; text=OMFG?? Didnt expect Drag Me Down to be the first song Pandora played OMFG I SCREAMED SO LOUD My coworker is scared http://t.co/VzcvAdkcQp,ambiguous,0.90979126502,heldout,1,,,model disagreement is not label proof
8472,high_confidence_fn,model_score=0.1681; text=Vacation update: my great aunt just killed a spider with her bare hand after I screamed in fear. #fierce,ambiguous,0.831882202054,heldout,1,,,model disagreement is not label proof
8503,normalized_duplicate,related_ids=8513; normalized_key=user screaming,keep_but_flag,0.95,train,0,,8513,duplicate evidence
8513,normalized_duplicate,related_ids=8503; normalized_key=user screaming,keep_but_flag,0.95,train,0,,8503,duplicate evidence
8531,near_duplicate,related_id=8536; cosine=0.9879,keep_but_flag,0.987893100536,,0,,8536,character 3-5 gram TF-IDF cosine
8578,high_confidence_fn,model_score=0.0547; text=I agree with certain cultural appropriation things but honestly if u looked at my house it screams appropriation bc Buddhas and stuff-,ambiguous,0.94527395099,heldout,1,,,model disagreement is not label proof
8586,high_confidence_fn,model_score=0.1140; text=The little girl next to me sees the spot lights in the sky and screams ' mom! Look I see Angels in the sky!' ????,ambiguous,0.886018718966,heldout,1,,,model disagreement is not label proof
8661,normalized_duplicate,related_ids=8667; normalized_key=150 foot sinkhole opens in lowndes county residential area url,keep_but_flag,0.95,train,1,,8667,duplicate evidence
8667,normalized_duplicate,related_ids=8661; normalized_key=150 foot sinkhole opens in lowndes county residential area url,keep_but_flag,0.95,heldout,1,,8661,duplicate evidence
8692,conflicting_label_duplicate,related_ids=8721; normalized_key=do you feel like you are sinking in low self image take the quiz url url,ambiguous,0.95,train,0,,8721,duplicate evidence
8692,normalized_duplicate,related_ids=8721; normalized_key=do you feel like you are sinking in low self image take the quiz url url,keep_but_flag,0.95,train,0,,8721,duplicate evidence
8694,normalized_duplicate,"related_ids=8734,8741; normalized_key=do you feel like you are sinking in unhappiness take the quiz url url",keep_but_flag,0.95,heldout,0,,"8734,8741",duplicate evidence
8698,conflicting_label_duplicate,"related_ids=8702,8706,8714,8727,8735,8739; normalized_key=that horrible sinking feeling when you ûªve been at home on your phone for a while and you realise i",ambiguous,0.95,train,1,,"8702,8706,8714,8727,8735,8739",duplicate evidence
8698,exact_duplicate,"related_ids=8702,8714,8739; normalized_key=that horrible sinking feeling when you ûªve been at home on your phone for a while and you realise i",keep_but_flag,0.95,train,1,,"8702,8714,8739",duplicate evidence
8698,near_duplicate,related_id=8714; cosine=1.0000,ambiguous,1,,1,,8714,character 3-5 gram TF-IDF cosine
8698,normalized_duplicate,"related_ids=8702,8706,8714,8727,8735,8739; normalized_key=that horrible sinking feeling when you ûªve been at home on your phone for a while and you realise i",keep_but_flag,0.95,train,1,,"8702,8706,8714,8727,8735,8739",duplicate evidence
8702,conflicting_label_duplicate,"related_ids=8698,8706,8714,8727,8735,8739; normalized_key=that horrible sinking feeling when you ûªve been at home on your phone for a while and you realise i",ambiguous,0.95,train,0,,"8698,8706,8714,8727,8735,8739",duplicate evidence
8702,exact_duplicate,"related_ids=8698,8714,8739; normalized_key=that horrible sinking feeling when you ûªve been at home on your phone for a while and you realise i",keep_but_flag,0.95,train,0,,"8698,8714,8739",duplicate evidence
8702,near_duplicate,related_id=8714; cosine=1.0000,keep_but_flag,1,,0,,8714,character 3-5 gram TF-IDF cosine
8702,normalized_duplicate,"related_ids=8698,8706,8714,8727,8735,8739; normalized_key=that horrible sinking feeling when you ûªve been at home on your phone for a while and you realise i",keep_but_flag,0.95,train,0,,"8698,8706,8714,8727,8735,8739",duplicate evidence
8706,conflicting_label_duplicate,"related_ids=8698,8702,8714,8727,8735,8739; normalized_key=that horrible sinking feeling when you ûªve been at home on your phone for a while and you realise i",ambiguous,0.95,heldout,0,,"8698,8702,8714,8727,8735,8739",duplicate evidence
8706,near_duplicate,related_id=8735; cosine=0.9745,ambiguous,0.974482562693,,0,,8735,character 3-5 gram TF-IDF cosine
8706,normalized_duplicate,"related_ids=8698,8702,8714,8727,8735,8739; normalized_key=that horrible sinking feeling when you ûªve been at home on your phone for a while and you realise i",keep_but_flag,0.95,heldout,0,,"8698,8702,8714,8727,8735,8739",duplicate evidence
8714,conflicting_label_duplicate,"related_ids=8698,8702,8706,8727,8735,8739; normalized_key=that horrible sinking feeling when you ûªve been at home on your phone for a while and you realise i",ambiguous,0.95,train,0,,"8698,8702,8706,8727,8735,8739",duplicate evidence
8714,exact_duplicate,"related_ids=8698,8702,8739; normalized_key=that horrible sinking feeling when you ûªve been at home on your phone for a while and you realise i",keep_but_flag,0.95,train,0,,"8698,8702,8739",duplicate evidence
8714,normalized_duplicate,"related_ids=8698,8702,8706,8727,8735,8739; normalized_key=that horrible sinking feeling when you ûªve been at home on your phone for a while and you realise i",keep_but_flag,0.95,train,0,,"8698,8702,8706,8727,8735,8739",duplicate evidence
8721,conflicting_label_duplicate,related_ids=8692; normalized_key=do you feel like you are sinking in low self image take the quiz url url,ambiguous,0.95,heldout,1,,8692,duplicate evidence
8721,high_confidence_fn,model_score=0.0478; text=Do you feel like you are sinking in low self-image? Take the quiz: http://t.co/bJoJVM0pjX http://t.co/wHOc7LHb5F,ambiguous,0.952211816609,heldout,1,,,model disagreement is not label proof
8721,normalized_duplicate,related_ids=8692; normalized_key=do you feel like you are sinking in low self image take the quiz url url,keep_but_flag,0.95,heldout,1,,8692,duplicate evidence
8727,conflicting_label_duplicate,"related_ids=8698,8702,8706,8714,8735,8739; normalized_key=that horrible sinking feeling when you ûªve been at home on your phone for a while and you realise i",ambiguous,0.95,dev,0,,"8698,8702,8706,8714,8735,8739",duplicate evidence
8727,normalized_duplicate,"related_ids=8698,8702,8706,8714,8735,8739; normalized_key=that horrible sinking feeling when you ûªve been at home on your phone for a while and you realise i",keep_but_flag,0.95,dev,0,,"8698,8702,8706,8714,8735,8739",duplicate evidence
8734,normalized_duplicate,"related_ids=8694,8741; normalized_key=do you feel like you are sinking in unhappiness take the quiz url url",keep_but_flag,0.95,train,0,,"8694,8741",duplicate evidence
8735,conflicting_label_duplicate,"related_ids=8698,8702,8706,8714,8727,8739; normalized_key=that horrible sinking feeling when you ûªve been at home on your phone for a while and you realise i",ambiguous,0.95,dev,1,,"8698,8702,8706,8714,8727,8739",duplicate evidence
8735,normalized_duplicate,"related_ids=8698,8702,8706,8714,8727,8739; normalized_key=that horrible sinking feeling when you ûªve been at home on your phone for a while and you realise i",keep_but_flag,0.95,dev,1,,"8698,8702,8706,8714,8727,8739",duplicate evidence
8739,conflicting_label_duplicate,"related_ids=8698,8702,8706,8714,8727,8735; normalized_key=that horrible sinking feeling when you ûªve been at home on your phone for a while and you realise i",ambiguous,0.95,train,1,,"8698,8702,8706,8714,8727,8735",duplicate evidence
8739,exact_duplicate,"related_ids=8698,8702,8714; normalized_key=that horrible sinking feeling when you ûªve been at home on your phone for a while and you realise i",keep_but_flag,0.95,train,1,,"8698,8702,8714",duplicate evidence
8739,normalized_duplicate,"related_ids=8698,8702,8706,8714,8727,8735; normalized_key=that horrible sinking feeling when you ûªve been at home on your phone for a while and you realise i",keep_but_flag,0.95,train,1,,"8698,8702,8706,8714,8727,8735",duplicate evidence
8741,normalized_duplicate,"related_ids=8694,8734; normalized_key=do you feel like you are sinking in unhappiness take the quiz url url",keep_but_flag,0.95,train,0,,"8694,8734",duplicate evidence
8816,high_confidence_fn,model_score=0.0949; text=@TravelElixir Any idea what's going on? I hear no sirens but this damn helo is flying so low my apt is shaking!,ambiguous,0.905074726627,heldout,1,,,model disagreement is not label proof
8902,conflicting_label_duplicate,"related_ids=8912,8924; normalized_key=sassy city girl country hunk stranded in smoky mountain snowstorm aoms url ibooklove bookboost",ambiguous,0.95,heldout,1,,"8912,8924",duplicate evidence
8902,normalized_duplicate,"related_ids=8912,8924; normalized_key=sassy city girl country hunk stranded in smoky mountain snowstorm aoms url ibooklove bookboost",keep_but_flag,0.95,heldout,1,,"8912,8924",duplicate evidence
8912,conflicting_label_duplicate,"related_ids=8902,8924; normalized_key=sassy city girl country hunk stranded in smoky mountain snowstorm aoms url ibooklove bookboost",ambiguous,0.95,train,0,,"8902,8924",duplicate evidence
8912,normalized_duplicate,"related_ids=8902,8924; normalized_key=sassy city girl country hunk stranded in smoky mountain snowstorm aoms url ibooklove bookboost",keep_but_flag,0.95,train,0,,"8902,8924",duplicate evidence
8924,conflicting_label_duplicate,"related_ids=8902,8912; normalized_key=sassy city girl country hunk stranded in smoky mountain snowstorm aoms url ibooklove bookboost",ambiguous,0.95,train,1,,"8902,8912",duplicate evidence
8924,normalized_duplicate,"related_ids=8902,8912; normalized_key=sassy city girl country hunk stranded in smoky mountain snowstorm aoms url ibooklove bookboost",keep_but_flag,0.95,train,1,,"8902,8912",duplicate evidence
8946,high_confidence_fn,model_score=0.1811; text=So this storm just came out of no where. .fuck me its cool,ambiguous,0.818860828117,heldout,1,,,model disagreement is not label proof
9001,normalized_duplicate,related_ids=9038; normalized_key=how to restore vinyl siding and make it look new again url url,keep_but_flag,0.95,train,0,,9038,duplicate evidence
9020,normalized_duplicate,related_ids=9041; normalized_key=ûïstretcher in 5 min speaker deck û url,keep_but_flag,0.95,train,0,,9041,duplicate evidence
9029,high_confidence_fn,model_score=0.0465; text=Keep shape your shoes ??#Amazon #foot #adjust #shape #shoe Mini Shoe Tree Stretcher Shaper Width Extender Adjustable http://t.co/8cPcz2xoHb,ambiguous,0.953502239653,heldout,1,,,model disagreement is not label proof
9038,normalized_duplicate,related_ids=9001; normalized_key=how to restore vinyl siding and make it look new again url url,keep_but_flag,0.95,train,0,,9001,duplicate evidence
9041,normalized_duplicate,related_ids=9020; normalized_key=ûïstretcher in 5 min speaker deck û url,keep_but_flag,0.95,dev,0,,9020,duplicate evidence
9052,normalized_duplicate,"related_ids=9071,9074; normalized_key=investigators have said a virgin galactic spaceship crash was caused by structural failure after the",keep_but_flag,0.95,dev,1,,"9071,9074",duplicate evidence
9053,normalized_duplicate,related_ids=9083; normalized_key=investigators say a fatal virgin galactic spaceship crash last year was caused by structural failure,keep_but_flag,0.95,dev,1,,9083,duplicate evidence
9071,normalized_duplicate,"related_ids=9052,9074; normalized_key=investigators have said a virgin galactic spaceship crash was caused by structural failure after the",keep_but_flag,0.95,train,1,,"9052,9074",duplicate evidence
9072,normalized_duplicate,related_ids=9086; normalized_key=investigators rule catastrophic structural failure resulted in 2014 url,keep_but_flag,0.95,train,1,,9086,duplicate evidence
9074,normalized_duplicate,"related_ids=9052,9071; normalized_key=investigators have said a virgin galactic spaceship crash was caused by structural failure after the",keep_but_flag,0.95,train,1,,"9052,9071",duplicate evidence
9083,normalized_duplicate,related_ids=9053; normalized_key=investigators say a fatal virgin galactic spaceship crash last year was caused by structural failure,keep_but_flag,0.95,dev,1,,9053,duplicate evidence
9086,normalized_duplicate,related_ids=9072; normalized_key=investigators rule catastrophic structural failure resulted in 2014 url,keep_but_flag,0.95,train,1,,9072,duplicate evidence
9095,exact_duplicate,"related_ids=9098,9107,9113,9114,9135; normalized_key=bestnaijamade 16yr old pkk suicide bomber who detonated bomb in url bestnaijamade bestnaijamade best",keep_but_flag,0.95,heldout,1,,"9098,9107,9113,9114,9135",duplicate evidence
9095,normalized_duplicate,"related_ids=9098,9107,9113,9114,9135; normalized_key=bestnaijamade 16yr old pkk suicide bomber who detonated bomb in url bestnaijamade bestnaijamade best",keep_but_flag,0.95,heldout,1,,"9098,9107,9113,9114,9135",duplicate evidence
9096,normalized_duplicate,"related_ids=9097,9100,9109,9124,10835; normalized_key=pic of 16yr old pkk suicide bomber who detonated bomb in turkey army trench released url url",keep_but_flag,0.95,train,1,,"9097,9100,9109,9124,10835",duplicate evidence
9097,normalized_duplicate,"related_ids=9096,9100,9109,9124,10835; normalized_key=pic of 16yr old pkk suicide bomber who detonated bomb in turkey army trench released url url",keep_but_flag,0.95,dev,1,,"9096,9100,9109,9124,10835",duplicate evidence
9098,exact_duplicate,"related_ids=9095,9107,9113,9114,9135; normalized_key=bestnaijamade 16yr old pkk suicide bomber who detonated bomb in url bestnaijamade bestnaijamade best",keep_but_flag,0.95,train,1,,"9095,9107,9113,9114,9135",duplicate evidence
9098,normalized_duplicate,"related_ids=9095,9107,9113,9114,9135; normalized_key=bestnaijamade 16yr old pkk suicide bomber who detonated bomb in url bestnaijamade bestnaijamade best",keep_but_flag,0.95,train,1,,"9095,9107,9113,9114,9135",duplicate evidence
9100,normalized_duplicate,"related_ids=9096,9097,9109,9124,10835; normalized_key=pic of 16yr old pkk suicide bomber who detonated bomb in turkey army trench released url url",keep_but_flag,0.95,train,1,,"9096,9097,9109,9124,10835",duplicate evidence
9101,normalized_duplicate,"related_ids=9112,9116,9128; normalized_key=pic of 16yr old pkk suicide bomber who detonated bomb in turkey army trench released url",keep_but_flag,0.95,train,1,,"9112,9116,9128",duplicate evidence
9107,exact_duplicate,"related_ids=9095,9098,9113,9114,9135; normalized_key=bestnaijamade 16yr old pkk suicide bomber who detonated bomb in url bestnaijamade bestnaijamade best",keep_but_flag,0.95,train,1,,"9095,9098,9113,9114,9135",duplicate evidence
9107,normalized_duplicate,"related_ids=9095,9098,9113,9114,9135; normalized_key=bestnaijamade 16yr old pkk suicide bomber who detonated bomb in url bestnaijamade bestnaijamade best",keep_but_flag,0.95,train,1,,"9095,9098,9113,9114,9135",duplicate evidence
9109,normalized_duplicate,"related_ids=9096,9097,9100,9124,10835; normalized_key=pic of 16yr old pkk suicide bomber who detonated bomb in turkey army trench released url url",keep_but_flag,0.95,train,1,,"9096,9097,9100,9124,10835",duplicate evidence
9112,normalized_duplicate,"related_ids=9101,9116,9128; normalized_key=pic of 16yr old pkk suicide bomber who detonated bomb in turkey army trench released url",keep_but_flag,0.95,heldout,1,,"9101,9116,9128",duplicate evidence
9113,exact_duplicate,"related_ids=9095,9098,9107,9114,9135; normalized_key=bestnaijamade 16yr old pkk suicide bomber who detonated bomb in url bestnaijamade bestnaijamade best",keep_but_flag,0.95,heldout,1,,"9095,9098,9107,9114,9135",duplicate evidence
9113,normalized_duplicate,"related_ids=9095,9098,9107,9114,9135; normalized_key=bestnaijamade 16yr old pkk suicide bomber who detonated bomb in url bestnaijamade bestnaijamade best",keep_but_flag,0.95,heldout,1,,"9095,9098,9107,9114,9135",duplicate evidence
9114,exact_duplicate,"related_ids=9095,9098,9107,9113,9135; normalized_key=bestnaijamade 16yr old pkk suicide bomber who detonated bomb in url bestnaijamade bestnaijamade best",keep_but_flag,0.95,train,1,,"9095,9098,9107,9113,9135",duplicate evidence
9114,normalized_duplicate,"related_ids=9095,9098,9107,9113,9135; normalized_key=bestnaijamade 16yr old pkk suicide bomber who detonated bomb in url bestnaijamade bestnaijamade best",keep_but_flag,0.95,train,1,,"9095,9098,9107,9113,9135",duplicate evidence
9116,normalized_duplicate,"related_ids=9101,9112,9128; normalized_key=pic of 16yr old pkk suicide bomber who detonated bomb in turkey army trench released url",keep_but_flag,0.95,heldout,1,,"9101,9112,9128",duplicate evidence
9120,normalized_duplicate,"related_ids=9121,9123,9132; normalized_key=16yr old pkk suicide bomber who detonated bomb in turkey army trench released url",keep_but_flag,0.95,dev,1,,"9121,9123,9132",duplicate evidence
9121,normalized_duplicate,"related_ids=9120,9123,9132; normalized_key=16yr old pkk suicide bomber who detonated bomb in turkey army trench released url",keep_but_flag,0.95,dev,1,,"9120,9123,9132",duplicate evidence
9123,normalized_duplicate,"related_ids=9120,9121,9132; normalized_key=16yr old pkk suicide bomber who detonated bomb in turkey army trench released url",keep_but_flag,0.95,dev,1,,"9120,9121,9132",duplicate evidence
9124,normalized_duplicate,"related_ids=9096,9097,9100,9109,10835; normalized_key=pic of 16yr old pkk suicide bomber who detonated bomb in turkey army trench released url url",keep_but_flag,0.95,train,1,,"9096,9097,9100,9109,10835",duplicate evidence
9128,normalized_duplicate,"related_ids=9101,9112,9116; normalized_key=pic of 16yr old pkk suicide bomber who detonated bomb in turkey army trench released url",keep_but_flag,0.95,heldout,1,,"9101,9112,9116",duplicate evidence
9132,normalized_duplicate,"related_ids=9120,9121,9123; normalized_key=16yr old pkk suicide bomber who detonated bomb in turkey army trench released url",keep_but_flag,0.95,dev,1,,"9120,9121,9123",duplicate evidence
9135,exact_duplicate,"related_ids=9095,9098,9107,9113,9114; normalized_key=bestnaijamade 16yr old pkk suicide bomber who detonated bomb in url bestnaijamade bestnaijamade best",keep_but_flag,0.95,train,1,,"9095,9098,9107,9113,9114",duplicate evidence
9135,normalized_duplicate,"related_ids=9095,9098,9107,9113,9114; normalized_key=bestnaijamade 16yr old pkk suicide bomber who detonated bomb in url bestnaijamade bestnaijamade best",keep_but_flag,0.95,train,1,,"9095,9098,9107,9113,9114",duplicate evidence
9142,normalized_duplicate,related_ids=9179; normalized_key=suicide bomber kills 15 in saudi security site mosque url mercados,keep_but_flag,0.95,heldout,1,,9179,duplicate evidence
9169,normalized_duplicate,"related_ids=9171,9191; normalized_key=suicide bomber kills 15 in saudi security site mosque reuters url",keep_but_flag,0.95,dev,1,,"9171,9191",duplicate evidence
9171,normalized_duplicate,"related_ids=9169,9191; normalized_key=suicide bomber kills 15 in saudi security site mosque reuters url",keep_but_flag,0.95,train,1,,"9169,9191",duplicate evidence
9175,normalized_duplicate,related_ids=9185; normalized_key=suicide bomber kills more than a dozen in saudi mosque saudi arabia have started experiencing some t,keep_but_flag,0.95,train,1,,9185,duplicate evidence
9179,normalized_duplicate,related_ids=9142; normalized_key=suicide bomber kills 15 in saudi security site mosque url mercados,keep_but_flag,0.95,heldout,1,,9142,duplicate evidence
9185,normalized_duplicate,related_ids=9175; normalized_key=suicide bomber kills more than a dozen in saudi mosque saudi arabia have started experiencing some t,keep_but_flag,0.95,train,1,,9175,duplicate evidence
9191,normalized_duplicate,"related_ids=9169,9171; normalized_key=suicide bomber kills 15 in saudi security site mosque reuters url",keep_but_flag,0.95,train,1,,"9169,9171",duplicate evidence
9207,exact_duplicate,related_ids=9225; normalized_key=suicide bombing at location named premonitions url,keep_but_flag,0.95,train,1,,9225,duplicate evidence
9207,near_duplicate,related_id=9225; cosine=1.0000,keep_but_flag,1,,1,,9225,character 3-5 gram TF-IDF cosine
9207,normalized_duplicate,related_ids=9225; normalized_key=suicide bombing at location named premonitions url,keep_but_flag,0.95,train,1,,9225,duplicate evidence
9210,normalized_duplicate,"related_ids=9219,9220,9235; normalized_key=turkish troops killed in kurdish militant suicide attack url",keep_but_flag,0.95,train,1,,"9219,9220,9235",duplicate evidence
9219,normalized_duplicate,"related_ids=9210,9220,9235; normalized_key=turkish troops killed in kurdish militant suicide attack url",keep_but_flag,0.95,train,1,,"9210,9220,9235",duplicate evidence
9220,normalized_duplicate,"related_ids=9210,9219,9235; normalized_key=turkish troops killed in kurdish militant suicide attack url",keep_but_flag,0.95,train,1,,"9210,9219,9235",duplicate evidence
9225,exact_duplicate,related_ids=9207; normalized_key=suicide bombing at location named premonitions url,keep_but_flag,0.95,train,1,,9207,duplicate evidence
9225,normalized_duplicate,related_ids=9207; normalized_key=suicide bombing at location named premonitions url,keep_but_flag,0.95,train,1,,9207,duplicate evidence
9235,normalized_duplicate,"related_ids=9210,9219,9220; normalized_key=turkish troops killed in kurdish militant suicide attack url",keep_but_flag,0.95,train,1,,"9210,9219,9220",duplicate evidence
9249,high_confidence_fn,model_score=0.1008; text=Aquarium Ornament Wreck Sailing Boat Sunk Ship Destroyer Fish Tank Cave Decor - Full read Û_ http://t.co/kNCm9jC8i9 http://t.co/swviAZSPHk,ambiguous,0.899175161225,heldout,1,,,model disagreement is not label proof
9249,normalized_duplicate,related_ids=9276; normalized_key=aquarium ornament wreck sailing boat sunk ship destroyer fish tank cave decor full read û_ url url,keep_but_flag,0.95,heldout,1,,9276,duplicate evidence
9276,normalized_duplicate,related_ids=9249; normalized_key=aquarium ornament wreck sailing boat sunk ship destroyer fish tank cave decor full read û_ url url,keep_but_flag,0.95,dev,1,,9249,duplicate evidence
9301,high_confidence_fn,model_score=0.1342; text=So much shit has happened today wtf idk how I survive thruuu it all,ambiguous,0.865757260925,heldout,1,,,model disagreement is not label proof
9355,high_confidence_fn,model_score=0.1289; text=@TheSmallClark 'He'll kill me instead if he survived the shot. I don't exactly know. I fled the scene and pulled the trigger with---,ambiguous,0.871078195173,heldout,1,,,model disagreement is not label proof
9405,normalized_duplicate,related_ids=9438; normalized_key=haunting memories drawn by survivors url,keep_but_flag,0.95,dev,1,,9438,duplicate evidence
9406,normalized_duplicate,related_ids=9421; normalized_key=hiroshima survivors fight nuclear industry in brazil ûò video url,keep_but_flag,0.95,dev,1,,9421,duplicate evidence
9421,normalized_duplicate,related_ids=9406; normalized_key=hiroshima survivors fight nuclear industry in brazil ûò video url,keep_but_flag,0.95,train,1,,9406,duplicate evidence
9438,normalized_duplicate,related_ids=9405; normalized_key=haunting memories drawn by survivors url,keep_but_flag,0.95,heldout,1,,9405,duplicate evidence
9445,conflicting_label_duplicate,"related_ids=9449,9454,9480,9482,9486,9490; normalized_key=truth url news bbc cnn islam truth god isis terrorism quran lies url",ambiguous,0.95,train,0,,"9449,9454,9480,9482,9486,9490",duplicate evidence
9445,normalized_duplicate,"related_ids=9449,9454,9480,9482,9486,9490; normalized_key=truth url news bbc cnn islam truth god isis terrorism quran lies url",keep_but_flag,0.95,train,0,,"9449,9454,9480,9482,9486,9490",duplicate evidence
9449,conflicting_label_duplicate,"related_ids=9445,9454,9480,9482,9486,9490; normalized_key=truth url news bbc cnn islam truth god isis terrorism quran lies url",ambiguous,0.95,train,1,,"9445,9454,9480,9482,9486,9490",duplicate evidence
9449,normalized_duplicate,"related_ids=9445,9454,9480,9482,9486,9490; normalized_key=truth url news bbc cnn islam truth god isis terrorism quran lies url",keep_but_flag,0.95,train,1,,"9445,9454,9480,9482,9486,9490",duplicate evidence
9454,conflicting_label_duplicate,"related_ids=9445,9449,9480,9482,9486,9490; normalized_key=truth url news bbc cnn islam truth god isis terrorism quran lies url",ambiguous,0.95,dev,0,,"9445,9449,9480,9482,9486,9490",duplicate evidence
9454,normalized_duplicate,"related_ids=9445,9449,9480,9482,9486,9490; normalized_key=truth url news bbc cnn islam truth god isis terrorism quran lies url",keep_but_flag,0.95,dev,0,,"9445,9449,9480,9482,9486,9490",duplicate evidence
9470,conflicting_label_duplicate,related_ids=9472; normalized_key=in islam saving a person is equal in reward to saving all humans islam is the opposite of terrorism,ambiguous,0.95,dev,0,,9472,duplicate evidence
9470,exact_duplicate,related_ids=9472; normalized_key=in islam saving a person is equal in reward to saving all humans islam is the opposite of terrorism,keep_but_flag,0.95,dev,0,,9472,duplicate evidence
9470,near_duplicate,related_id=9472; cosine=1.0000,ambiguous,1,,0,,9472,character 3-5 gram TF-IDF cosine
9470,normalized_duplicate,related_ids=9472; normalized_key=in islam saving a person is equal in reward to saving all humans islam is the opposite of terrorism,keep_but_flag,0.95,dev,0,,9472,duplicate evidence
9472,conflicting_label_duplicate,related_ids=9470; normalized_key=in islam saving a person is equal in reward to saving all humans islam is the opposite of terrorism,ambiguous,0.95,train,1,,9470,duplicate evidence
9472,exact_duplicate,related_ids=9470; normalized_key=in islam saving a person is equal in reward to saving all humans islam is the opposite of terrorism,keep_but_flag,0.95,train,1,,9470,duplicate evidence
9472,normalized_duplicate,related_ids=9470; normalized_key=in islam saving a person is equal in reward to saving all humans islam is the opposite of terrorism,keep_but_flag,0.95,train,1,,9470,duplicate evidence
9480,conflicting_label_duplicate,"related_ids=9445,9449,9454,9482,9486,9490; normalized_key=truth url news bbc cnn islam truth god isis terrorism quran lies url",ambiguous,0.95,train,1,,"9445,9449,9454,9482,9486,9490",duplicate evidence
9480,normalized_duplicate,"related_ids=9445,9449,9454,9482,9486,9490; normalized_key=truth url news bbc cnn islam truth god isis terrorism quran lies url",keep_but_flag,0.95,train,1,,"9445,9449,9454,9482,9486,9490",duplicate evidence
9482,conflicting_label_duplicate,"related_ids=9445,9449,9454,9480,9486,9490; normalized_key=truth url news bbc cnn islam truth god isis terrorism quran lies url",ambiguous,0.95,train,1,,"9445,9449,9454,9480,9486,9490",duplicate evidence
9482,normalized_duplicate,"related_ids=9445,9449,9454,9480,9486,9490; normalized_key=truth url news bbc cnn islam truth god isis terrorism quran lies url",keep_but_flag,0.95,train,1,,"9445,9449,9454,9480,9486,9490",duplicate evidence
9486,conflicting_label_duplicate,"related_ids=9445,9449,9454,9480,9482,9490; normalized_key=truth url news bbc cnn islam truth god isis terrorism quran lies url",ambiguous,0.95,heldout,0,,"9445,9449,9454,9480,9482,9490",duplicate evidence
9486,high_confidence_fp,model_score=0.8584; text=Truth... https://t.co/k44tL3rfMy #News #BBC #CNN #Islam #Truth #god #ISIS #terrorism #Quran #Lies http://t.co/ipT0hoNoTI,ambiguous,0.858351656335,heldout,0,,,model disagreement is not label proof
9486,normalized_duplicate,"related_ids=9445,9449,9454,9480,9482,9490; normalized_key=truth url news bbc cnn islam truth god isis terrorism quran lies url",keep_but_flag,0.95,heldout,0,,"9445,9449,9454,9480,9482,9490",duplicate evidence
9490,conflicting_label_duplicate,"related_ids=9445,9449,9454,9480,9482,9486; normalized_key=truth url news bbc cnn islam truth god isis terrorism quran lies url",ambiguous,0.95,train,1,,"9445,9449,9454,9480,9482,9486",duplicate evidence
9490,normalized_duplicate,"related_ids=9445,9449,9454,9480,9482,9486; normalized_key=truth url news bbc cnn islam truth god isis terrorism quran lies url",keep_but_flag,0.95,train,1,,"9445,9449,9454,9480,9482,9486",duplicate evidence
9499,conflicting_label_duplicate,related_ids=9501; normalized_key=here ûªs how media in pakistan covered the capture of terrorist mohammed naved url,ambiguous,0.95,train,1,,9501,duplicate evidence
9499,normalized_duplicate,related_ids=9501; normalized_key=here ûªs how media in pakistan covered the capture of terrorist mohammed naved url,keep_but_flag,0.95,train,1,,9501,duplicate evidence
9501,conflicting_label_duplicate,related_ids=9499; normalized_key=here ûªs how media in pakistan covered the capture of terrorist mohammed naved url,ambiguous,0.95,dev,0,,9499,duplicate evidence
9501,normalized_duplicate,related_ids=9499; normalized_key=here ûªs how media in pakistan covered the capture of terrorist mohammed naved url,keep_but_flag,0.95,dev,0,,9499,duplicate evidence
9529,normalized_duplicate,related_ids=9540; normalized_key=three israeli soldiers wounded in west bank terrorist attack via r worldnews url,keep_but_flag,0.95,train,1,,9540,duplicate evidence
9531,exact_duplicate,related_ids=9539; normalized_key=rt abbswinston zionist terrorist kidnapped 15 palestinians in overnight terror on palestinian villag,keep_but_flag,0.95,train,1,,9539,duplicate evidence
9531,near_duplicate,related_id=9539; cosine=1.0000,keep_but_flag,1,,1,,9539,character 3-5 gram TF-IDF cosine
9531,normalized_duplicate,related_ids=9539; normalized_key=rt abbswinston zionist terrorist kidnapped 15 palestinians in overnight terror on palestinian villag,keep_but_flag,0.95,train,1,,9539,duplicate evidence
9539,exact_duplicate,related_ids=9531; normalized_key=rt abbswinston zionist terrorist kidnapped 15 palestinians in overnight terror on palestinian villag,keep_but_flag,0.95,train,1,,9531,duplicate evidence
9539,normalized_duplicate,related_ids=9531; normalized_key=rt abbswinston zionist terrorist kidnapped 15 palestinians in overnight terror on palestinian villag,keep_but_flag,0.95,train,1,,9531,duplicate evidence
9540,normalized_duplicate,related_ids=9529; normalized_key=three israeli soldiers wounded in west bank terrorist attack via r worldnews url,keep_but_flag,0.95,heldout,1,,9529,duplicate evidence
9552,high_confidence_fp,model_score=0.9553; text=Generational Û÷British schismÛª over privacy threat of drones http://t.co/dqtMTPqmBR #drones #privacy http://t.co/dMsnYPtscY,ambiguous,0.955264019829,heldout,0,,,model disagreement is not label proof
9555,high_confidence_fp,model_score=0.8856; text=Purple Heart Vet Finds Jihad Threat on His Car at Mall: ÛÏAll of you Islamaphobe vets... http://t.co/hWnyXXKczz,ambiguous,0.885637862983,heldout,0,,,model disagreement is not label proof
9616,normalized_duplicate,related_ids=9657; normalized_key=usnwsgov severe weather statement issued august 05 at 10 38pm edt by nws the severe thunderstorm war,keep_but_flag,0.95,train,1,,9657,duplicate evidence
9657,normalized_duplicate,related_ids=9616; normalized_key=usnwsgov severe weather statement issued august 05 at 10 38pm edt by nws the severe thunderstorm war,keep_but_flag,0.95,train,1,,9616,duplicate evidence
9702,normalized_duplicate,related_ids=4025; normalized_key=illinois tornado slipped under the radar emergency officials say url,keep_but_flag,0.95,heldout,1,,4025,duplicate evidence
9716,normalized_duplicate,"related_ids=9718,9731,9739,9744,9752,9753,9754; normalized_key=rly tragedy in mp some live to recount horror ûïwhen i saw coaches of my train plunging into water i",keep_but_flag,0.95,train,1,,"9718,9731,9739,9744,9752,9753,9754",duplicate evidence
9718,near_duplicate,related_id=9744; cosine=0.9486,keep_but_flag,0.948570778791,,1,,9744,character 3-5 gram TF-IDF cosine
9718,normalized_duplicate,"related_ids=9716,9731,9739,9744,9752,9753,9754; normalized_key=rly tragedy in mp some live to recount horror ûïwhen i saw coaches of my train plunging into water i",keep_but_flag,0.95,train,1,,"9716,9731,9739,9744,9752,9753,9754",duplicate evidence
9731,normalized_duplicate,"related_ids=9716,9718,9739,9744,9752,9753,9754; normalized_key=rly tragedy in mp some live to recount horror ûïwhen i saw coaches of my train plunging into water i",keep_but_flag,0.95,train,1,,"9716,9718,9739,9744,9752,9753,9754",duplicate evidence
9739,normalized_duplicate,"related_ids=9716,9718,9731,9744,9752,9753,9754; normalized_key=rly tragedy in mp some live to recount horror ûïwhen i saw coaches of my train plunging into water i",keep_but_flag,0.95,train,1,,"9716,9718,9731,9744,9752,9753,9754",duplicate evidence
9744,normalized_duplicate,"related_ids=9716,9718,9731,9739,9752,9753,9754; normalized_key=rly tragedy in mp some live to recount horror ûïwhen i saw coaches of my train plunging into water i",keep_but_flag,0.95,train,1,,"9716,9718,9731,9739,9752,9753,9754",duplicate evidence
9752,normalized_duplicate,"related_ids=9716,9718,9731,9739,9744,9753,9754; normalized_key=rly tragedy in mp some live to recount horror ûïwhen i saw coaches of my train plunging into water i",keep_but_flag,0.95,train,1,,"9716,9718,9731,9739,9744,9753,9754",duplicate evidence
9753,normalized_duplicate,"related_ids=9716,9718,9731,9739,9744,9752,9754; normalized_key=rly tragedy in mp some live to recount horror ûïwhen i saw coaches of my train plunging into water i",keep_but_flag,0.95,heldout,1,,"9716,9718,9731,9739,9744,9752,9754",duplicate evidence
9754,normalized_duplicate,"related_ids=9716,9718,9731,9739,9744,9752,9753; normalized_key=rly tragedy in mp some live to recount horror ûïwhen i saw coaches of my train plunging into water i",keep_but_flag,0.95,heldout,1,,"9716,9718,9731,9739,9744,9752,9753",duplicate evidence
9763,conflicting_label_duplicate,"related_ids=9788,9794,9797,9800; normalized_key=hollywood movie about trapped miners released in chile the 33 hollywood movie about trapped miners s",ambiguous,0.95,train,0,,"9788,9794,9797,9800",duplicate evidence
9763,near_duplicate,related_id=9800; cosine=0.9548,keep_but_flag,0.954834713268,,0,,9800,character 3-5 gram TF-IDF cosine
9763,normalized_duplicate,"related_ids=9788,9794,9797,9800; normalized_key=hollywood movie about trapped miners released in chile the 33 hollywood movie about trapped miners s",keep_but_flag,0.95,train,0,,"9788,9794,9797,9800",duplicate evidence
9764,high_confidence_fn,model_score=0.1708; text=@onihimedesu the whole city is trapped! You can't leave the city! This was supposed to be a normal sports manga wit a love triangle (c),ambiguous,0.829153543128,heldout,1,,,model disagreement is not label proof
9770,conflicting_label_duplicate,"related_ids=9779,9783,9801,9806; normalized_key=hollywood movie about trapped miners released in chile url",ambiguous,0.95,train,0,,"9779,9783,9801,9806",duplicate evidence
9770,normalized_duplicate,"related_ids=9779,9783,9801,9806; normalized_key=hollywood movie about trapped miners released in chile url",keep_but_flag,0.95,train,0,,"9779,9783,9801,9806",duplicate evidence
9779,conflicting_label_duplicate,"related_ids=9770,9783,9801,9806; normalized_key=hollywood movie about trapped miners released in chile url",ambiguous,0.95,train,0,,"9770,9783,9801,9806",duplicate evidence
9779,normalized_duplicate,"related_ids=9770,9783,9801,9806; normalized_key=hollywood movie about trapped miners released in chile url",keep_but_flag,0.95,train,0,,"9770,9783,9801,9806",duplicate evidence
9783,conflicting_label_duplicate,"related_ids=9770,9779,9801,9806; normalized_key=hollywood movie about trapped miners released in chile url",ambiguous,0.95,train,1,,"9770,9779,9801,9806",duplicate evidence
9783,normalized_duplicate,"related_ids=9770,9779,9801,9806; normalized_key=hollywood movie about trapped miners released in chile url",keep_but_flag,0.95,train,1,,"9770,9779,9801,9806",duplicate evidence
9788,conflicting_label_duplicate,"related_ids=9763,9794,9797,9800; normalized_key=hollywood movie about trapped miners released in chile the 33 hollywood movie about trapped miners s",ambiguous,0.95,train,0,,"9763,9794,9797,9800",duplicate evidence
9788,near_duplicate,related_id=9800; cosine=0.9506,keep_but_flag,0.950560726538,,0,,9800,character 3-5 gram TF-IDF cosine
9788,normalized_duplicate,"related_ids=9763,9794,9797,9800; normalized_key=hollywood movie about trapped miners released in chile the 33 hollywood movie about trapped miners s",keep_but_flag,0.95,train,0,,"9763,9794,9797,9800",duplicate evidence
9794,conflicting_label_duplicate,"related_ids=9763,9788,9797,9800; normalized_key=hollywood movie about trapped miners released in chile the 33 hollywood movie about trapped miners s",ambiguous,0.95,train,1,,"9763,9788,9797,9800",duplicate evidence
9794,near_duplicate,related_id=9800; cosine=0.9580,ambiguous,0.957993964385,,1,,9800,character 3-5 gram TF-IDF cosine
9794,normalized_duplicate,"related_ids=9763,9788,9797,9800; normalized_key=hollywood movie about trapped miners released in chile the 33 hollywood movie about trapped miners s",keep_but_flag,0.95,train,1,,"9763,9788,9797,9800",duplicate evidence
9797,conflicting_label_duplicate,"related_ids=9763,9788,9794,9800; normalized_key=hollywood movie about trapped miners released in chile the 33 hollywood movie about trapped miners s",ambiguous,0.95,train,1,,"9763,9788,9794,9800",duplicate evidence
9797,near_duplicate,related_id=9800; cosine=0.9607,ambiguous,0.960652474214,,1,,9800,character 3-5 gram TF-IDF cosine
9797,normalized_duplicate,"related_ids=9763,9788,9794,9800; normalized_key=hollywood movie about trapped miners released in chile the 33 hollywood movie about trapped miners s",keep_but_flag,0.95,train,1,,"9763,9788,9794,9800",duplicate evidence
9800,conflicting_label_duplicate,"related_ids=9763,9788,9794,9797; normalized_key=hollywood movie about trapped miners released in chile the 33 hollywood movie about trapped miners s",ambiguous,0.95,train,0,,"9763,9788,9794,9797",duplicate evidence
9800,normalized_duplicate,"related_ids=9763,9788,9794,9797; normalized_key=hollywood movie about trapped miners released in chile the 33 hollywood movie about trapped miners s",keep_but_flag,0.95,train,0,,"9763,9788,9794,9797",duplicate evidence
9801,conflicting_label_duplicate,"related_ids=9770,9779,9783,9806; normalized_key=hollywood movie about trapped miners released in chile url",ambiguous,0.95,train,0,,"9770,9779,9783,9806",duplicate evidence
9801,normalized_duplicate,"related_ids=9770,9779,9783,9806; normalized_key=hollywood movie about trapped miners released in chile url",keep_but_flag,0.95,train,0,,"9770,9779,9783,9806",duplicate evidence
9806,conflicting_label_duplicate,"related_ids=9770,9779,9783,9801; normalized_key=hollywood movie about trapped miners released in chile url",ambiguous,0.95,train,0,,"9770,9779,9783,9801",duplicate evidence
9806,normalized_duplicate,"related_ids=9770,9779,9783,9801; normalized_key=hollywood movie about trapped miners released in chile url",keep_but_flag,0.95,train,0,,"9770,9779,9783,9801",duplicate evidence
9833,high_confidence_fp,model_score=0.8623; text=Why #Marijuana Is Critical For Research in Treating #PTSD http://t.co/T6fuAhFp7p #hempoil #cannabis #marijuanaÛ_ http://t.co/RhE7dXM7Ey,ambiguous,0.862270182646,heldout,0,,,model disagreement is not label proof
9850,high_confidence_fp,model_score=0.8466; text=Simmering beneath #NHL good times the league's own concussion issues @PioneerPress http://t.co/zl7FhUCxHL,ambiguous,0.846581913588,heldout,0,,,model disagreement is not label proof
9973,normalized_duplicate,related_ids=9980; normalized_key=sing tsunami beginners computer tutorial url everyone wants to learn to build a pc re url,keep_but_flag,0.95,heldout,0,,9980,duplicate evidence
9980,normalized_duplicate,related_ids=9973; normalized_key=sing tsunami beginners computer tutorial url everyone wants to learn to build a pc re url,keep_but_flag,0.95,train,0,,9973,duplicate evidence
10034,high_confidence_fn,model_score=0.1707; text=Crazy Mom Threw Teen Daughter a NUDE Twister Sex Party According To Her Friend50 =&gt;http://t.co/Hy5Pbe12TM http://t.co/c1nJpLi5oR,ambiguous,0.829273038139,heldout,1,,,model disagreement is not label proof
10059,normalized_duplicate,related_ids=10098; normalized_key=map typhoon soudelor s predicted path as it approaches taiwan expected to make landfall over souther,keep_but_flag,0.95,train,1,,10098,duplicate evidence
10064,normalized_duplicate,"related_ids=3908,3913,3916,3919,3947,10067,10069,10073,10081,10082; normalized_key=obama declares disaster for typhoon devastated saipan obama signs disaster declaration for northern ",keep_but_flag,0.95,train,1,,"3908,3913,3916,3919,3947,10067,10069,10073,10081,10082,10084,10106",duplicate evidence
10067,normalized_duplicate,"related_ids=3908,3913,3916,3919,3947,10064,10069,10073,10081,10082; normalized_key=obama declares disaster for typhoon devastated saipan obama signs disaster declaration for northern ",keep_but_flag,0.95,train,1,,"3908,3913,3916,3919,3947,10064,10069,10073,10081,10082,10084,10106",duplicate evidence
10069,normalized_duplicate,"related_ids=3908,3913,3916,3919,3947,10064,10067,10073,10081,10082; normalized_key=obama declares disaster for typhoon devastated saipan obama signs disaster declaration for northern ",keep_but_flag,0.95,dev,1,,"3908,3913,3916,3919,3947,10064,10067,10073,10081,10082,10084,10106",duplicate evidence
10071,exact_duplicate,related_ids=3933; normalized_key=abcnews obama declares disaster for typhoon devastated saipan obama signs disaster declaration for n,keep_but_flag,0.95,dev,1,,3933,duplicate evidence
10071,normalized_duplicate,related_ids=3933; normalized_key=abcnews obama declares disaster for typhoon devastated saipan obama signs disaster declaration for n,keep_but_flag,0.95,dev,1,,3933,duplicate evidence
10073,normalized_duplicate,"related_ids=3908,3913,3916,3919,3947,10064,10067,10069,10081,10082; normalized_key=obama declares disaster for typhoon devastated saipan obama signs disaster declaration for northern ",keep_but_flag,0.95,dev,1,,"3908,3913,3916,3919,3947,10064,10067,10069,10081,10082,10084,10106",duplicate evidence
10075,normalized_duplicate,"related_ids=2991,10107; normalized_key=typhoon soudelor taking dead aim at taiwan url",keep_but_flag,0.95,dev,1,,"2991,10107",duplicate evidence
10076,normalized_duplicate,related_ids=10093; normalized_key=global precipitation measurement satellite captures 3 d image of typhoon soudelor user url,keep_but_flag,0.95,train,1,,10093,duplicate evidence
10080,exact_duplicate,related_ids=3905; normalized_key=losdelsonido obama declares disaster for typhoon devastated saipan obama signs disaster declaration ,keep_but_flag,0.95,train,1,,3905,duplicate evidence
10080,normalized_duplicate,related_ids=3905; normalized_key=losdelsonido obama declares disaster for typhoon devastated saipan obama signs disaster declaration ,keep_but_flag,0.95,train,1,,3905,duplicate evidence
10081,normalized_duplicate,"related_ids=3908,3913,3916,3919,3947,10064,10067,10069,10073,10082; normalized_key=obama declares disaster for typhoon devastated saipan obama signs disaster declaration for northern ",keep_but_flag,0.95,train,1,,"3908,3913,3916,3919,3947,10064,10067,10069,10073,10082,10084,10106",duplicate evidence
10082,normalized_duplicate,"related_ids=3908,3913,3916,3919,3947,10064,10067,10069,10073,10081; normalized_key=obama declares disaster for typhoon devastated saipan obama signs disaster declaration for northern ",keep_but_flag,0.95,dev,1,,"3908,3913,3916,3919,3947,10064,10067,10069,10073,10081,10084,10106",duplicate evidence
10084,normalized_duplicate,"related_ids=3908,3913,3916,3919,3947,10064,10067,10069,10073,10081; normalized_key=obama declares disaster for typhoon devastated saipan obama signs disaster declaration for northern ",keep_but_flag,0.95,train,1,,"3908,3913,3916,3919,3947,10064,10067,10069,10073,10081,10082,10106",duplicate evidence
10092,normalized_duplicate,related_ids=10099; normalized_key=a gpm satellite bullseye in typhoon soudelor url,keep_but_flag,0.95,dev,1,,10099,duplicate evidence
10093,normalized_duplicate,related_ids=10076; normalized_key=global precipitation measurement satellite captures 3 d image of typhoon soudelor user url,keep_but_flag,0.95,heldout,1,,10076,duplicate evidence
10098,normalized_duplicate,related_ids=10059; normalized_key=map typhoon soudelor s predicted path as it approaches taiwan expected to make landfall over souther,keep_but_flag,0.95,heldout,1,,10059,duplicate evidence
10099,normalized_duplicate,related_ids=10092; normalized_key=a gpm satellite bullseye in typhoon soudelor url,keep_but_flag,0.95,train,1,,10092,duplicate evidence
10106,normalized_duplicate,"related_ids=3908,3913,3916,3919,3947,10064,10067,10069,10073,10081; normalized_key=obama declares disaster for typhoon devastated saipan obama signs disaster declaration for northern ",keep_but_flag,0.95,train,1,,"3908,3913,3916,3919,3947,10064,10067,10069,10073,10081,10082,10084",duplicate evidence
10107,normalized_duplicate,"related_ids=2991,10075; normalized_key=typhoon soudelor taking dead aim at taiwan url",keep_but_flag,0.95,dev,1,,"2991,10075",duplicate evidence
10110,conflicting_label_duplicate,"related_ids=10124,10147,10156; normalized_key=a look at state actions a year after ferguson s upheaval url",ambiguous,0.95,heldout,0,,"10124,10147,10156",duplicate evidence
10110,high_confidence_fp,model_score=0.9211; text=A look at state actions a year after Ferguson's upheaval http://t.co/GZEkQWzijq,ambiguous,0.921089103245,heldout,0,,,model disagreement is not label proof
10110,normalized_duplicate,"related_ids=10124,10147,10156; normalized_key=a look at state actions a year after ferguson s upheaval url",keep_but_flag,0.95,heldout,0,,"10124,10147,10156",duplicate evidence
10113,high_confidence_fp,model_score=0.9087; text=A look at state actions a year after FergusonÛªs upheaval http://t.co/G5ZsRU0zVQ,ambiguous,0.908660847617,heldout,0,,,model disagreement is not label proof
10124,conflicting_label_duplicate,"related_ids=10110,10147,10156; normalized_key=a look at state actions a year after ferguson s upheaval url",ambiguous,0.95,heldout,0,,"10110,10147,10156",duplicate evidence
10124,high_confidence_fp,model_score=0.9211; text=A look at state actions a year after Ferguson's upheaval http://t.co/TBQsqtmqV4,ambiguous,0.921089103245,heldout,0,,,model disagreement is not label proof
10124,normalized_duplicate,"related_ids=10110,10147,10156; normalized_key=a look at state actions a year after ferguson s upheaval url",keep_but_flag,0.95,heldout,0,,"10110,10147,10156",duplicate evidence
10137,normalized_duplicate,related_ids=10138; normalized_key=ancient mayan tablet with hieroglyphics honors lowly king url,keep_but_flag,0.95,train,0,,10138,duplicate evidence
10138,normalized_duplicate,related_ids=10137; normalized_key=ancient mayan tablet with hieroglyphics honors lowly king url,keep_but_flag,0.95,heldout,0,,10137,duplicate evidence
10139,normalized_duplicate,related_ids=10151; normalized_key=diageo s ceo stresses that a board revolt at united spirits has not impacted indian operations url,keep_but_flag,0.95,heldout,0,,10151,duplicate evidence
10147,conflicting_label_duplicate,"related_ids=10110,10124,10156; normalized_key=a look at state actions a year after ferguson s upheaval url",ambiguous,0.95,train,1,,"10110,10124,10156",duplicate evidence
10147,normalized_duplicate,"related_ids=10110,10124,10156; normalized_key=a look at state actions a year after ferguson s upheaval url",keep_but_flag,0.95,train,1,,"10110,10124,10156",duplicate evidence
10151,normalized_duplicate,related_ids=10139; normalized_key=diageo s ceo stresses that a board revolt at united spirits has not impacted indian operations url,keep_but_flag,0.95,train,0,,10139,duplicate evidence
10156,conflicting_label_duplicate,"related_ids=10110,10124,10147; normalized_key=a look at state actions a year after ferguson s upheaval url",ambiguous,0.95,train,1,,"10110,10124,10147",duplicate evidence
10156,normalized_duplicate,"related_ids=10110,10124,10147; normalized_key=a look at state actions a year after ferguson s upheaval url",keep_but_flag,0.95,train,1,,"10110,10124,10147",duplicate evidence
10169,exact_duplicate,related_ids=10867; normalized_key=stormchase violent record breaking ef 5 el reno oklahoma tornado nearly runs over url url,keep_but_flag,0.95,dev,1,,10867,duplicate evidence
10169,near_duplicate,related_id=10867; cosine=1.0000,keep_but_flag,1,,1,,10867,character 3-5 gram TF-IDF cosine
10169,normalized_duplicate,related_ids=10867; normalized_key=stormchase violent record breaking ef 5 el reno oklahoma tornado nearly runs over url url,keep_but_flag,0.95,dev,1,,10867,duplicate evidence
10173,high_confidence_fp,model_score=0.9240; text=Violent Forces Radio: Now Playing Agony - Storm of the apocalypse TuneIn Player @ http://t.co/XsSgEdSbH4,ambiguous,0.923950132276,heldout,0,,,model disagreement is not label proof
10192,normalized_duplicate,related_ids=10204; normalized_key=dramatic video shows plane landing during violent storm url,keep_but_flag,0.95,train,1,,10204,duplicate evidence
10204,normalized_duplicate,related_ids=10192; normalized_key=dramatic video shows plane landing during violent storm url,keep_but_flag,0.95,heldout,1,,10192,duplicate evidence
10218,normalized_duplicate,related_ids=10231; normalized_key=url shoes asics gt ii super red 2 0 11 ronnie fieg kith red white 3m x gel grey volcano 2 url,keep_but_flag,0.95,train,0,,10231,duplicate evidence
10220,exact_duplicate,related_ids=4373; normalized_key=usgs reports a m1 94 earthquake 5km s of volcano hawaii on 8 6 15 1 04 01 utc url quake,keep_but_flag,0.95,heldout,1,,4373,duplicate evidence
10220,normalized_duplicate,related_ids=4373; normalized_key=usgs reports a m1 94 earthquake 5km s of volcano hawaii on 8 6 15 1 04 01 utc url quake,keep_but_flag,0.95,heldout,1,,4373,duplicate evidence
10229,exact_duplicate,related_ids=10871; normalized_key=m1 94 01 04 utc 5km s of volcano hawaii url,keep_but_flag,0.95,train,1,,10871,duplicate evidence
10229,normalized_duplicate,related_ids=10871; normalized_key=m1 94 01 04 utc 5km s of volcano hawaii url,keep_but_flag,0.95,train,1,,10871,duplicate evidence
10231,normalized_duplicate,related_ids=10218; normalized_key=url shoes asics gt ii super red 2 0 11 ronnie fieg kith red white 3m x gel grey volcano 2 url,keep_but_flag,0.95,train,0,,10218,duplicate evidence
10236,high_confidence_fn,model_score=0.1542; text=I added a video to a @YouTube playlist http://t.co/y2Mt6v13E8 Doc: Volcanoes and Earthquakes - Inside the Volcano,ambiguous,0.845762882129,heldout,1,,,model disagreement is not label proof
10246,high_confidence_fn,model_score=0.0738; text=@volcano_tornado live somewhere else for a while and Da Mill ain't too bad son! #perspective,ambiguous,0.926198705331,heldout,1,,,model disagreement is not label proof
10268,high_confidence_fn,model_score=0.1470; text=#DebateQuestionsWeWantToHear If U start another war would U B willing 2 go 2 the war-zone yourself or send UR sons and/or daughters 2 fight?,ambiguous,0.853032289973,heldout,1,,,model disagreement is not label proof
10305,normalized_duplicate,related_ids=662; normalized_key=breaking obama officials gave muslim terrorist the weapon used in texas attack url,keep_but_flag,0.95,train,1,,662,duplicate evidence
10348,normalized_duplicate,"related_ids=10376,10381; normalized_key=i liked a user video from user url battlefield hardline 11 new weapons new map throwingknifes",keep_but_flag,0.95,train,0,,"10376,10381",duplicate evidence
10367,normalized_duplicate,related_ids=10375; normalized_key=wwii memories plus lessons of hiroshima we still need nuclear weapons url denver billings rapidcity ,keep_but_flag,0.95,dev,1,,10375,duplicate evidence
10375,normalized_duplicate,related_ids=10367; normalized_key=wwii memories plus lessons of hiroshima we still need nuclear weapons url denver billings rapidcity ,keep_but_flag,0.95,train,1,,10367,duplicate evidence
10376,normalized_duplicate,"related_ids=10348,10381; normalized_key=i liked a user video from user url battlefield hardline 11 new weapons new map throwingknifes",keep_but_flag,0.95,train,0,,"10348,10381",duplicate evidence
10381,normalized_duplicate,"related_ids=10348,10376; normalized_key=i liked a user video from user url battlefield hardline 11 new weapons new map throwingknifes",keep_but_flag,0.95,heldout,0,,"10348,10376",duplicate evidence
10396,high_confidence_fn,model_score=0.1719; text=life can wild when... you're caught in a whirlwind ??,ambiguous,0.828056556098,heldout,1,,,model disagreement is not label proof
10470,exact_duplicate,related_ids=10870; normalized_key=user user the out of control wild fires in california even in the northern part of the state very tr,keep_but_flag,0.95,dev,1,,10870,duplicate evidence
10470,near_duplicate,related_id=10870; cosine=1.0000,keep_but_flag,1,,1,,10870,character 3-5 gram TF-IDF cosine
10470,normalized_duplicate,related_ids=10870; normalized_key=user user the out of control wild fires in california even in the northern part of the state very tr,keep_but_flag,0.95,dev,1,,10870,duplicate evidence
10551,normalized_duplicate,related_ids=10561; normalized_key=reality training train falls off elevated tracks during windstorm url,keep_but_flag,0.95,dev,1,,10561,duplicate evidence
10560,normalized_duplicate,related_ids=10562; normalized_key=texas seeks comment on rules for changes to windstorm insurer url,keep_but_flag,0.95,heldout,0,,10562,duplicate evidence
10561,normalized_duplicate,related_ids=10551; normalized_key=reality training train falls off elevated tracks during windstorm url,keep_but_flag,0.95,train,1,,10551,duplicate evidence
10562,normalized_duplicate,related_ids=10560; normalized_key=texas seeks comment on rules for changes to windstorm insurer url,keep_but_flag,0.95,train,0,,10560,duplicate evidence
10576,conflicting_label_duplicate,related_ids=10583; normalized_key=twia board approves 5 percent rate hike the texas windstorm insurance association twia board of dire,ambiguous,0.95,heldout,0,,10583,duplicate evidence
10576,normalized_duplicate,related_ids=10583; normalized_key=twia board approves 5 percent rate hike the texas windstorm insurance association twia board of dire,keep_but_flag,0.95,heldout,0,,10583,duplicate evidence
10583,conflicting_label_duplicate,related_ids=10576; normalized_key=twia board approves 5 percent rate hike the texas windstorm insurance association twia board of dire,ambiguous,0.95,train,1,,10576,duplicate evidence
10583,normalized_duplicate,related_ids=10576; normalized_key=twia board approves 5 percent rate hike the texas windstorm insurance association twia board of dire,keep_but_flag,0.95,train,1,,10576,duplicate evidence
10585,normalized_duplicate,related_ids=10603; normalized_key=gunmen kill four in el salvador bus attack suspected salvadoran gang members killed four people and ,keep_but_flag,0.95,train,1,,10603,duplicate evidence
10587,normalized_duplicate,related_ids=10612; normalized_key=police officer wounded suspect dead after exchanging shots url,keep_but_flag,0.95,heldout,1,,10612,duplicate evidence
10591,normalized_duplicate,related_ids=10622; normalized_key=officer wounded suspect killed in exchange of gunfire richmond police officer wounded suspect killed,keep_but_flag,0.95,train,1,,10622,duplicate evidence
10592,normalized_duplicate,related_ids=10606; normalized_key=one man fatally shot another wounded on vermont street buffalo url,keep_but_flag,0.95,train,1,,10606,duplicate evidence
10603,normalized_duplicate,related_ids=10585; normalized_key=gunmen kill four in el salvador bus attack suspected salvadoran gang members killed four people and ,keep_but_flag,0.95,train,1,,10585,duplicate evidence
10606,normalized_duplicate,related_ids=10592; normalized_key=one man fatally shot another wounded on vermont street buffalo url,keep_but_flag,0.95,heldout,1,,10592,duplicate evidence
10612,normalized_duplicate,related_ids=10587; normalized_key=police officer wounded suspect dead after exchanging shots url,keep_but_flag,0.95,dev,1,,10587,duplicate evidence
10620,normalized_duplicate,related_ids=10632; normalized_key=police officer wounded suspect dead after exchanging shots richmond police officer wounded suspect k,keep_but_flag,0.95,heldout,1,,10632,duplicate evidence
10622,normalized_duplicate,related_ids=10591; normalized_key=officer wounded suspect killed in exchange of gunfire richmond police officer wounded suspect killed,keep_but_flag,0.95,heldout,1,,10591,duplicate evidence
10632,normalized_duplicate,related_ids=10620; normalized_key=police officer wounded suspect dead after exchanging shots richmond police officer wounded suspect k,keep_but_flag,0.95,dev,1,,10620,duplicate evidence
10680,high_confidence_fn,model_score=0.1335; text=Crawling in my skin These wounds they will not hea,ambiguous,0.86653532853,heldout,1,,,model disagreement is not label proof
10735,normalized_duplicate,"related_ids=10737,10741,10744,10745,10749,10750,10752,10753,10760,10764; normalized_key=wreckage conclusively confirmed as from mh370 malaysia pm investigators and the families of those wh",keep_but_flag,0.95,heldout,1,,"10737,10741,10744,10745,10749,10750,10752,10753,10760,10764,10766,10767,10772,10775,10777,10779,10780,10782,10784",duplicate evidence
10737,normalized_duplicate,"related_ids=10735,10741,10744,10745,10749,10750,10752,10753,10760,10764; normalized_key=wreckage conclusively confirmed as from mh370 malaysia pm investigators and the families of those wh",keep_but_flag,0.95,heldout,1,,"10735,10741,10744,10745,10749,10750,10752,10753,10760,10764,10766,10767,10772,10775,10777,10779,10780,10782,10784",duplicate evidence
10741,normalized_duplicate,"related_ids=10735,10737,10744,10745,10749,10750,10752,10753,10760,10764; normalized_key=wreckage conclusively confirmed as from mh370 malaysia pm investigators and the families of those wh",keep_but_flag,0.95,train,1,,"10735,10737,10744,10745,10749,10750,10752,10753,10760,10764,10766,10767,10772,10775,10777,10779,10780,10782,10784",duplicate evidence
10744,near_duplicate,related_id=10745; cosine=0.9551,keep_but_flag,0.955100552232,,1,,10745,character 3-5 gram TF-IDF cosine
10744,normalized_duplicate,"related_ids=10735,10737,10741,10745,10749,10750,10752,10753,10760,10764; normalized_key=wreckage conclusively confirmed as from mh370 malaysia pm investigators and the families of those wh",keep_but_flag,0.95,train,1,,"10735,10737,10741,10745,10749,10750,10752,10753,10760,10764,10766,10767,10772,10775,10777,10779,10780,10782,10784",duplicate evidence
10745,near_duplicate,related_id=10752; cosine=0.9602,keep_but_flag,0.96019482397,,1,,10752,character 3-5 gram TF-IDF cosine
10745,normalized_duplicate,"related_ids=10735,10737,10741,10744,10749,10750,10752,10753,10760,10764; normalized_key=wreckage conclusively confirmed as from mh370 malaysia pm investigators and the families of those wh",keep_but_flag,0.95,dev,1,,"10735,10737,10741,10744,10749,10750,10752,10753,10760,10764,10766,10767,10772,10775,10777,10779,10780,10782,10784",duplicate evidence
10747,normalized_duplicate,"related_ids=10765,10770; normalized_key=science now that a piece of wreckage from flight mh370 has been confirmed on rì union island is it p",keep_but_flag,0.95,train,1,,"10765,10770",duplicate evidence
10749,normalized_duplicate,"related_ids=10735,10737,10741,10744,10745,10750,10752,10753,10760,10764; normalized_key=wreckage conclusively confirmed as from mh370 malaysia pm investigators and the families of those wh",keep_but_flag,0.95,dev,1,,"10735,10737,10741,10744,10745,10750,10752,10753,10760,10764,10766,10767,10772,10775,10777,10779,10780,10782,10784",duplicate evidence
10750,normalized_duplicate,"related_ids=10735,10737,10741,10744,10745,10749,10752,10753,10760,10764; normalized_key=wreckage conclusively confirmed as from mh370 malaysia pm investigators and the families of those wh",keep_but_flag,0.95,heldout,1,,"10735,10737,10741,10744,10745,10749,10752,10753,10760,10764,10766,10767,10772,10775,10777,10779,10780,10782,10784",duplicate evidence
10752,normalized_duplicate,"related_ids=10735,10737,10741,10744,10745,10749,10750,10753,10760,10764; normalized_key=wreckage conclusively confirmed as from mh370 malaysia pm investigators and the families of those wh",keep_but_flag,0.95,dev,1,,"10735,10737,10741,10744,10745,10749,10750,10753,10760,10764,10766,10767,10772,10775,10777,10779,10780,10782,10784",duplicate evidence
10753,normalized_duplicate,"related_ids=10735,10737,10741,10744,10745,10749,10750,10752,10760,10764; normalized_key=wreckage conclusively confirmed as from mh370 malaysia pm investigators and the families of those wh",keep_but_flag,0.95,heldout,1,,"10735,10737,10741,10744,10745,10749,10750,10752,10760,10764,10766,10767,10772,10775,10777,10779,10780,10782,10784",duplicate evidence
10754,exact_duplicate,"related_ids=10771,10776; normalized_key=wreckage conclusively confirmed as from mh370 malaysia pm",keep_but_flag,0.95,train,1,,"10771,10776",duplicate evidence
10754,near_duplicate,related_id=10776; cosine=1.0000,keep_but_flag,1,,1,,10776,character 3-5 gram TF-IDF cosine
10754,normalized_duplicate,"related_ids=10771,10776; normalized_key=wreckage conclusively confirmed as from mh370 malaysia pm",keep_but_flag,0.95,train,1,,"10771,10776",duplicate evidence
10760,normalized_duplicate,"related_ids=10735,10737,10741,10744,10745,10749,10750,10752,10753,10764; normalized_key=wreckage conclusively confirmed as from mh370 malaysia pm investigators and the families of those wh",keep_but_flag,0.95,train,1,,"10735,10737,10741,10744,10745,10749,10750,10752,10753,10764,10766,10767,10772,10775,10777,10779,10780,10782,10784",duplicate evidence
10764,normalized_duplicate,"related_ids=10735,10737,10741,10744,10745,10749,10750,10752,10753,10760; normalized_key=wreckage conclusively confirmed as from mh370 malaysia pm investigators and the families of those wh",keep_but_flag,0.95,train,1,,"10735,10737,10741,10744,10745,10749,10750,10752,10753,10760,10766,10767,10772,10775,10777,10779,10780,10782,10784",duplicate evidence
10765,normalized_duplicate,"related_ids=10747,10770; normalized_key=science now that a piece of wreckage from flight mh370 has been confirmed on rì union island is it p",keep_but_flag,0.95,heldout,1,,"10747,10770",duplicate evidence
10766,normalized_duplicate,"related_ids=10735,10737,10741,10744,10745,10749,10750,10752,10753,10760; normalized_key=wreckage conclusively confirmed as from mh370 malaysia pm investigators and the families of those wh",keep_but_flag,0.95,train,1,,"10735,10737,10741,10744,10745,10749,10750,10752,10753,10760,10764,10767,10772,10775,10777,10779,10780,10782,10784",duplicate evidence
10767,normalized_duplicate,"related_ids=10735,10737,10741,10744,10745,10749,10750,10752,10753,10760; normalized_key=wreckage conclusively confirmed as from mh370 malaysia pm investigators and the families of those wh",keep_but_flag,0.95,train,1,,"10735,10737,10741,10744,10745,10749,10750,10752,10753,10760,10764,10766,10772,10775,10777,10779,10780,10782,10784",duplicate evidence
10770,normalized_duplicate,"related_ids=10747,10765; normalized_key=science now that a piece of wreckage from flight mh370 has been confirmed on rì union island is it p",keep_but_flag,0.95,dev,1,,"10747,10765",duplicate evidence
10771,exact_duplicate,"related_ids=10754,10776; normalized_key=wreckage conclusively confirmed as from mh370 malaysia pm",keep_but_flag,0.95,train,1,,"10754,10776",duplicate evidence
10771,near_duplicate,related_id=10776; cosine=1.0000,keep_but_flag,1,,1,,10776,character 3-5 gram TF-IDF cosine
10771,normalized_duplicate,"related_ids=10754,10776; normalized_key=wreckage conclusively confirmed as from mh370 malaysia pm",keep_but_flag,0.95,train,1,,"10754,10776",duplicate evidence
10772,normalized_duplicate,"related_ids=10735,10737,10741,10744,10745,10749,10750,10752,10753,10760; normalized_key=wreckage conclusively confirmed as from mh370 malaysia pm investigators and the families of those wh",keep_but_flag,0.95,train,1,,"10735,10737,10741,10744,10745,10749,10750,10752,10753,10760,10764,10766,10767,10775,10777,10779,10780,10782,10784",duplicate evidence
10775,normalized_duplicate,"related_ids=10735,10737,10741,10744,10745,10749,10750,10752,10753,10760; normalized_key=wreckage conclusively confirmed as from mh370 malaysia pm investigators and the families of those wh",keep_but_flag,0.95,train,1,,"10735,10737,10741,10744,10745,10749,10750,10752,10753,10760,10764,10766,10767,10772,10777,10779,10780,10782,10784",duplicate evidence
10776,exact_duplicate,"related_ids=10754,10771; normalized_key=wreckage conclusively confirmed as from mh370 malaysia pm",keep_but_flag,0.95,dev,1,,"10754,10771",duplicate evidence
10776,normalized_duplicate,"related_ids=10754,10771; normalized_key=wreckage conclusively confirmed as from mh370 malaysia pm",keep_but_flag,0.95,dev,1,,"10754,10771",duplicate evidence
10777,normalized_duplicate,"related_ids=10735,10737,10741,10744,10745,10749,10750,10752,10753,10760; normalized_key=wreckage conclusively confirmed as from mh370 malaysia pm investigators and the families of those wh",keep_but_flag,0.95,dev,1,,"10735,10737,10741,10744,10745,10749,10750,10752,10753,10760,10764,10766,10767,10772,10775,10779,10780,10782,10784",duplicate evidence
10779,normalized_duplicate,"related_ids=10735,10737,10741,10744,10745,10749,10750,10752,10753,10760; normalized_key=wreckage conclusively confirmed as from mh370 malaysia pm investigators and the families of those wh",keep_but_flag,0.95,dev,1,,"10735,10737,10741,10744,10745,10749,10750,10752,10753,10760,10764,10766,10767,10772,10775,10777,10780,10782,10784",duplicate evidence
10780,normalized_duplicate,"related_ids=10735,10737,10741,10744,10745,10749,10750,10752,10753,10760; normalized_key=wreckage conclusively confirmed as from mh370 malaysia pm investigators and the families of those wh",keep_but_flag,0.95,train,1,,"10735,10737,10741,10744,10745,10749,10750,10752,10753,10760,10764,10766,10767,10772,10775,10777,10779,10782,10784",duplicate evidence
10782,normalized_duplicate,"related_ids=10735,10737,10741,10744,10745,10749,10750,10752,10753,10760; normalized_key=wreckage conclusively confirmed as from mh370 malaysia pm investigators and the families of those wh",keep_but_flag,0.95,train,1,,"10735,10737,10741,10744,10745,10749,10750,10752,10753,10760,10764,10766,10767,10772,10775,10777,10779,10780,10784",duplicate evidence
10784,normalized_duplicate,"related_ids=10735,10737,10741,10744,10745,10749,10750,10752,10753,10760; normalized_key=wreckage conclusively confirmed as from mh370 malaysia pm investigators and the families of those wh",keep_but_flag,0.95,dev,1,,"10735,10737,10741,10744,10745,10749,10750,10752,10753,10760,10764,10766,10767,10772,10775,10777,10779,10780,10782",duplicate evidence
10795,high_confidence_fn,model_score=0.0414; text=Israel wrecked my home. Now it wants my land. https://t.co/g0r3ZR1nQj,ambiguous,0.958639576995,heldout,1,,,model disagreement is not label proof
10835,normalized_duplicate,"related_ids=9096,9097,9100,9109,9124; normalized_key=pic of 16yr old pkk suicide bomber who detonated bomb in turkey army trench released url url",keep_but_flag,0.95,dev,1,,"9096,9097,9100,9109,9124",duplicate evidence
10852,normalized_duplicate,"related_ids=3106,3109,3112,3118,3126; normalized_key=mh370 aircraft debris found on la reunion is from missing malaysia airlines url",keep_but_flag,0.95,train,1,,"3106,3109,3112,3118,3126",duplicate evidence
10855,exact_duplicate,related_ids=4850; normalized_key=evacuation order lifted for town of roosevelt url url,keep_but_flag,0.95,train,1,,4850,duplicate evidence
10855,normalized_duplicate,related_ids=4850; normalized_key=evacuation order lifted for town of roosevelt url url,keep_but_flag,0.95,train,1,,4850,duplicate evidence
10863,normalized_duplicate,related_ids=4784; normalized_key=worldnews fallen powerlines on g link tram update fire crews have evacuated up to 30 passengers who ,keep_but_flag,0.95,train,1,,4784,duplicate evidence
10867,exact_duplicate,related_ids=10169; normalized_key=stormchase violent record breaking ef 5 el reno oklahoma tornado nearly runs over url url,keep_but_flag,0.95,train,1,,10169,duplicate evidence
10867,normalized_duplicate,related_ids=10169; normalized_key=stormchase violent record breaking ef 5 el reno oklahoma tornado nearly runs over url url,keep_but_flag,0.95,train,1,,10169,duplicate evidence
10869,normalized_duplicate,"related_ids=1687,1690,1699,1700,1705,1706,1716; normalized_key=two giant cranes holding a bridge collapse into nearby homes url",keep_but_flag,0.95,train,1,,"1687,1690,1699,1700,1705,1706,1716",duplicate evidence
10870,exact_duplicate,related_ids=10470; normalized_key=user user the out of control wild fires in california even in the northern part of the state very tr,keep_but_flag,0.95,train,1,,10470,duplicate evidence
10870,normalized_duplicate,related_ids=10470; normalized_key=user user the out of control wild fires in california even in the northern part of the state very tr,keep_but_flag,0.95,train,1,,10470,duplicate evidence
10871,exact_duplicate,related_ids=10229; normalized_key=m1 94 01 04 utc 5km s of volcano hawaii url,keep_but_flag,0.95,train,1,,10229,duplicate evidence
10871,normalized_duplicate,related_ids=10229; normalized_key=m1 94 01 04 utc 5km s of volcano hawaii url,keep_but_flag,0.95,train,1,,10229,duplicate evidence
10872,exact_duplicate,related_ids=2458; normalized_key=police investigating after an e bike collided with a car in little portugal e bike rider suffered se,keep_but_flag,0.95,train,1,,2458,duplicate evidence
10872,normalized_duplicate,related_ids=2458; normalized_key=police investigating after an e bike collided with a car in little portugal e bike rider suffered se,keep_but_flag,0.95,train,1,,2458,duplicate evidence
10873,normalized_duplicate,"related_ids=7960,7968,7969,7972,7973,7983,7987,7988,7996,7999; normalized_key=the latest more homes razed by northern california wildfire abc news url",keep_but_flag,0.95,dev,1,,"7960,7968,7969,7972,7973,7983,7987,7988,7996,7999,8000,8006",duplicate evidence
