id,y_true,old_pred,new_pred,category,baseline_model,candidate_model,probe
13,1,1,1,unchanged_correct,tfidf_12_sublinear_lr_liblinear_c1,c_10,c_10
17,1,0,0,unchanged_error,tfidf_12_sublinear_lr_liblinear_c1,c_10,c_10
19,1,1,1,unchanged_correct,tfidf_12_sublinear_lr_liblinear_c1,c_10,c_10
26,0,0,0,unchanged_correct,tfidf_12_sublinear_lr_liblinear_c1,c_10,c_10
28,0,0,0,unchanged_correct,tfidf_12_sublinear_lr_liblinear_c1,c_10,c_10
31,0,0,0,unchanged_correct,tfidf_12_sublinear_lr_liblinear_c1,c_10,c_10
33,0,0,0,unchanged_correct,tfidf_12_sublinear_lr_liblinear_c1,c_10,c_10
57,0,0,0,unchanged_correct,tfidf_12_sublinear_lr_liblinear_c1,c_10,c_10
59,0,0,0,unchanged_correct,tfidf_12_sublinear_lr_liblinear_c1,c_10,c_10
67,0,0,0,unchanged_correct,tfidf_12_sublinear_lr_liblinear_c1,c_10,c_10
71,0,0,0,unchanged_correct,tfidf_12_sublinear_lr_liblinear_c1,c_10,c_10
77,1,1,1,unchanged_correct,tfidf_12_sublinear_lr_liblinear_c1,c_10,c_10
78,0,0,0,unchanged_correct,tfidf_12_sublinear_lr_liblinear_c1,c_10,c_10
79,1,1,1,unchanged_correct,tfidf_12_sublinear_lr_liblinear_c1,c_10,c_10
83,1,1,1,unchanged_correct,tfidf_12_sublinear_lr_liblinear_c1,c_10,c_10
100,0,0,0,unchanged_correct,tfidf_12_sublinear_lr_liblinear_c1,c_10,c_10
107,1,1,1,unchanged_correct,tfidf_12_sublinear_lr_liblinear_c1,c_10,c_10
114,1,1,1,unchanged_correct,tfidf_12_sublinear_lr_liblinear_c1,c_10,c_10
117,0,0,1,new_fp,tfidf_12_sublinear_lr_liblinear_c1,c_10,c_10
126,1,1,1,unchanged_correct,tfidf_12_sublinear_lr_liblinear_c1,c_10,c_10
131,1,1,1,unchanged_correct,tfidf_12_sublinear_lr_liblinear_c1,c_10,c_10
133,1,1,1,unchanged_correct,tfidf_12_sublinear_lr_liblinear_c1,c_10,c_10
139,1,1,1,unchanged_correct,tfidf_12_sublinear_lr_liblinear_c1,c_10,c_10
161,0,0,0,unchanged_correct,tfidf_12_sublinear_lr_liblinear_c1,c_10,c_10
165,0,0,0,unchanged_correct,tfidf_12_sublinear_lr_liblinear_c1,c_10,c_10
172,0,0,0,unchanged_correct,tfidf_12_sublinear_lr_liblinear_c1,c_10,c_10
175,0,0,0,unchanged_correct,tfidf_12_sublinear_lr_liblinear_c1,c_10,c_10
190,0,0,0,unchanged_correct,tfidf_12_sublinear_lr_liblinear_c1,c_10,c_10
193,0,0,0,unchanged_correct,tfidf_12_sublinear_lr_liblinear_c1,c_10,c_10
197,1,1,1,unchanged_correct,tfidf_12_sublinear_lr_liblinear_c1,c_10,c_10
198,0,1,1,unchanged_error,tfidf_12_sublinear_lr_liblinear_c1,c_10,c_10
209,1,1,1,unchanged_correct,tfidf_12_sublinear_lr_liblinear_c1,c_10,c_10
212,1,1,1,unchanged_correct,tfidf_12_sublinear_lr_liblinear_c1,c_10,c_10
220,1,1,1,unchanged_correct,tfidf_12_sublinear_lr_liblinear_c1,c_10,c_10
221,1,1,1,unchanged_correct,tfidf_12_sublinear_lr_liblinear_c1,c_10,c_10
225,1,1,1,unchanged_correct,tfidf_12_sublinear_lr_liblinear_c1,c_10,c_10
229,1,1,1,unchanged_correct,tfidf_12_sublinear_lr_liblinear_c1,c_10,c_10
235,1,1,1,unchanged_correct,tfidf_12_sublinear_lr_liblinear_c1,c_10,c_10
244,1,0,1,fixed_fn,tfidf_12_sublinear_lr_liblinear_c1,c_10,c_10
245,1,1,1,unchanged_correct,tfidf_12_sublinear_lr_liblinear_c1,c_10,c_10
248,1,1,1,unchanged_correct,tfidf_12_sublinear_lr_liblinear_c1,c_10,c_10
249,1,1,1,unchanged_correct,tfidf_12_sublinear_lr_liblinear_c1,c_10,c_10
258,1,0,0,unchanged_error,tfidf_12_sublinear_lr_liblinear_c1,c_10,c_10
264,0,0,0,unchanged_correct,tfidf_12_sublinear_lr_liblinear_c1,c_10,c_10
269,1,1,1,unchanged_correct,tfidf_12_sublinear_lr_liblinear_c1,c_10,c_10
270,1,1,1,unchanged_correct,tfidf_12_sublinear_lr_liblinear_c1,c_10,c_10
276,1,1,1,unchanged_correct,tfidf_12_sublinear_lr_liblinear_c1,c_10,c_10
287,1,1,1,unchanged_correct,tfidf_12_sublinear_lr_liblinear_c1,c_10,c_10
302,1,1,1,unchanged_correct,tfidf_12_sublinear_lr_liblinear_c1,c_10,c_10
303,0,1,1,unchanged_error,tfidf_12_sublinear_lr_liblinear_c1,c_10,c_10
307,0,0,0,unchanged_correct,tfidf_12_sublinear_lr_liblinear_c1,c_10,c_10
314,0,0,0,unchanged_correct,tfidf_12_sublinear_lr_liblinear_c1,c_10,c_10
332,0,0,0,unchanged_correct,tfidf_12_sublinear_lr_liblinear_c1,c_10,c_10
337,0,0,0,unchanged_correct,tfidf_12_sublinear_lr_liblinear_c1,c_10,c_10
338,1,1,1,unchanged_correct,tfidf_12_sublinear_lr_liblinear_c1,c_10,c_10
347,0,0,0,unchanged_correct,tfidf_12_sublinear_lr_liblinear_c1,c_10,c_10
355,0,0,0,unchanged_correct,tfidf_12_sublinear_lr_liblinear_c1,c_10,c_10
365,1,0,0,unchanged_error,tfidf_12_sublinear_lr_liblinear_c1,c_10,c_10
372,0,0,0,unchanged_correct,tfidf_12_sublinear_lr_liblinear_c1,c_10,c_10
396,0,0,0,unchanged_correct,tfidf_12_sublinear_lr_liblinear_c1,c_10,c_10
398,0,0,0,unchanged_correct,tfidf_12_sublinear_lr_liblinear_c1,c_10,c_10
404,1,1,1,unchanged_correct,tfidf_12_sublinear_lr_liblinear_c1,c_10,c_10
406,0,0,0,unchanged_correct,tfidf_12_sublinear_lr_liblinear_c1,c_10,c_10
407,0,0,0,unchanged_correct,tfidf_12_sublinear_lr_liblinear_c1,c_10,c_10
412,0,0,0,unchanged_correct,tfidf_12_sublinear_lr_liblinear_c1,c_10,c_10
413,0,0,0,unchanged_correct,tfidf_12_sublinear_lr_liblinear_c1,c_10,c_10
429,0,0,0,unchanged_correct,tfidf_12_sublinear_lr_liblinear_c1,c_10,c_10
447,0,0,0,unchanged_correct,tfidf_12_sublinear_lr_liblinear_c1,c_10,c_10
455,0,0,0,unchanged_correct,tfidf_12_sublinear_lr_liblinear_c1,c_10,c_10
472,0,1,0,fixed_fp,tfidf_12_sublinear_lr_liblinear_c1,c_10,c_10
475,0,0,0,unchanged_correct,tfidf_12_sublinear_lr_liblinear_c1,c_10,c_10
484,0,0,0,unchanged_correct,tfidf_12_sublinear_lr_liblinear_c1,c_10,c_10
486,0,0,0,unchanged_correct,tfidf_12_sublinear_lr_liblinear_c1,c_10,c_10
490,1,1,1,unchanged_correct,tfidf_12_sublinear_lr_liblinear_c1,c_10,c_10
492,0,0,0,unchanged_correct,tfidf_12_sublinear_lr_liblinear_c1,c_10,c_10
498,0,0,0,unchanged_correct,tfidf_12_sublinear_lr_liblinear_c1,c_10,c_10
503,0,0,0,unchanged_correct,tfidf_12_sublinear_lr_liblinear_c1,c_10,c_10
504,0,0,0,unchanged_correct,tfidf_12_sublinear_lr_liblinear_c1,c_10,c_10
506,0,0,0,unchanged_correct,tfidf_12_sublinear_lr_liblinear_c1,c_10,c_10
509,1,0,1,fixed_fn,tfidf_12_sublinear_lr_liblinear_c1,c_10,c_10
516,1,0,0,unchanged_error,tfidf_12_sublinear_lr_liblinear_c1,c_10,c_10
520,0,1,1,unchanged_error,tfidf_12_sublinear_lr_liblinear_c1,c_10,c_10
546,0,1,1,unchanged_error,tfidf_12_sublinear_lr_liblinear_c1,c_10,c_10
552,0,0,1,new_fp,tfidf_12_sublinear_lr_liblinear_c1,c_10,c_10
556,1,0,1,fixed_fn,tfidf_12_sublinear_lr_liblinear_c1,c_10,c_10
560,1,1,1,unchanged_correct,tfidf_12_sublinear_lr_liblinear_c1,c_10,c_10
568,1,1,1,unchanged_correct,tfidf_12_sublinear_lr_liblinear_c1,c_10,c_10
575,1,1,1,unchanged_correct,tfidf_12_sublinear_lr_liblinear_c1,c_10,c_10
577,0,0,0,unchanged_correct,tfidf_12_sublinear_lr_liblinear_c1,c_10,c_10
592,1,1,1,unchanged_correct,tfidf_12_sublinear_lr_liblinear_c1,c_10,c_10
600,1,1,1,unchanged_correct,tfidf_12_sublinear_lr_liblinear_c1,c_10,c_10
604,1,1,1,unchanged_correct,tfidf_12_sublinear_lr_liblinear_c1,c_10,c_10
606,1,1,1,unchanged_correct,tfidf_12_sublinear_lr_liblinear_c1,c_10,c_10
607,0,0,0,unchanged_correct,tfidf_12_sublinear_lr_liblinear_c1,c_10,c_10
608,0,0,0,unchanged_correct,tfidf_12_sublinear_lr_liblinear_c1,c_10,c_10
613,0,0,0,unchanged_correct,tfidf_12_sublinear_lr_liblinear_c1,c_10,c_10
624,0,0,0,unchanged_correct,tfidf_12_sublinear_lr_liblinear_c1,c_10,c_10
628,0,0,0,unchanged_correct,tfidf_12_sublinear_lr_liblinear_c1,c_10,c_10
630,1,1,1,unchanged_correct,tfidf_12_sublinear_lr_liblinear_c1,c_10,c_10
631,0,0,0,unchanged_correct,tfidf_12_sublinear_lr_liblinear_c1,c_10,c_10
640,0,0,0,unchanged_correct,tfidf_12_sublinear_lr_liblinear_c1,c_10,c_10
641,0,0,0,unchanged_correct,tfidf_12_sublinear_lr_liblinear_c1,c_10,c_10
649,0,0,0,unchanged_correct,tfidf_12_sublinear_lr_liblinear_c1,c_10,c_10
655,1,1,1,unchanged_correct,tfidf_12_sublinear_lr_liblinear_c1,c_10,c_10
656,0,0,0,unchanged_correct,tfidf_12_sublinear_lr_liblinear_c1,c_10,c_10
659,1,1,1,unchanged_correct,tfidf_12_sublinear_lr_liblinear_c1,c_10,c_10
661,1,1,1,unchanged_correct,tfidf_12_sublinear_lr_liblinear_c1,c_10,c_10
669,0,0,0,unchanged_correct,tfidf_12_sublinear_lr_liblinear_c1,c_10,c_10
675,1,1,1,unchanged_correct,tfidf_12_sublinear_lr_liblinear_c1,c_10,c_10
684,1,1,1,unchanged_correct,tfidf_12_sublinear_lr_liblinear_c1,c_10,c_10
687,0,1,1,unchanged_error,tfidf_12_sublinear_lr_liblinear_c1,c_10,c_10
690,1,1,1,unchanged_correct,tfidf_12_sublinear_lr_liblinear_c1,c_10,c_10
702,0,0,0,unchanged_correct,tfidf_12_sublinear_lr_liblinear_c1,c_10,c_10
713,1,1,1,unchanged_correct,tfidf_12_sublinear_lr_liblinear_c1,c_10,c_10
740,1,1,1,unchanged_correct,tfidf_12_sublinear_lr_liblinear_c1,c_10,c_10
744,0,0,0,unchanged_correct,tfidf_12_sublinear_lr_liblinear_c1,c_10,c_10
745,1,1,1,unchanged_correct,tfidf_12_sublinear_lr_liblinear_c1,c_10,c_10
752,0,0,0,unchanged_correct,tfidf_12_sublinear_lr_liblinear_c1,c_10,c_10
755,0,0,0,unchanged_correct,tfidf_12_sublinear_lr_liblinear_c1,c_10,c_10
763,0,0,0,unchanged_correct,tfidf_12_sublinear_lr_liblinear_c1,c_10,c_10
767,0,0,1,new_fp,tfidf_12_sublinear_lr_liblinear_c1,c_10,c_10
773,0,1,1,unchanged_error,tfidf_12_sublinear_lr_liblinear_c1,c_10,c_10
774,0,0,0,unchanged_correct,tfidf_12_sublinear_lr_liblinear_c1,c_10,c_10
775,1,0,0,unchanged_error,tfidf_12_sublinear_lr_liblinear_c1,c_10,c_10
777,0,0,0,unchanged_correct,tfidf_12_sublinear_lr_liblinear_c1,c_10,c_10
783,0,1,1,unchanged_error,tfidf_12_sublinear_lr_liblinear_c1,c_10,c_10
790,0,0,0,unchanged_correct,tfidf_12_sublinear_lr_liblinear_c1,c_10,c_10
797,1,0,0,unchanged_error,tfidf_12_sublinear_lr_liblinear_c1,c_10,c_10
803,0,0,0,unchanged_correct,tfidf_12_sublinear_lr_liblinear_c1,c_10,c_10
808,0,0,0,unchanged_correct,tfidf_12_sublinear_lr_liblinear_c1,c_10,c_10
837,1,1,1,unchanged_correct,tfidf_12_sublinear_lr_liblinear_c1,c_10,c_10
838,1,1,1,unchanged_correct,tfidf_12_sublinear_lr_liblinear_c1,c_10,c_10
841,0,0,0,unchanged_correct,tfidf_12_sublinear_lr_liblinear_c1,c_10,c_10
846,1,1,1,unchanged_correct,tfidf_12_sublinear_lr_liblinear_c1,c_10,c_10
848,1,1,1,unchanged_correct,tfidf_12_sublinear_lr_liblinear_c1,c_10,c_10
852,1,0,0,unchanged_error,tfidf_12_sublinear_lr_liblinear_c1,c_10,c_10
860,0,0,0,unchanged_correct,tfidf_12_sublinear_lr_liblinear_c1,c_10,c_10
868,0,1,1,unchanged_error,tfidf_12_sublinear_lr_liblinear_c1,c_10,c_10
871,1,1,1,unchanged_correct,tfidf_12_sublinear_lr_liblinear_c1,c_10,c_10
872,1,1,1,unchanged_correct,tfidf_12_sublinear_lr_liblinear_c1,c_10,c_10
878,0,1,1,unchanged_error,tfidf_12_sublinear_lr_liblinear_c1,c_10,c_10
895,1,1,1,unchanged_correct,tfidf_12_sublinear_lr_liblinear_c1,c_10,c_10
899,1,0,0,unchanged_error,tfidf_12_sublinear_lr_liblinear_c1,c_10,c_10
902,1,1,1,unchanged_correct,tfidf_12_sublinear_lr_liblinear_c1,c_10,c_10
907,1,0,0,unchanged_error,tfidf_12_sublinear_lr_liblinear_c1,c_10,c_10
915,1,1,1,unchanged_correct,tfidf_12_sublinear_lr_liblinear_c1,c_10,c_10
930,0,0,0,unchanged_correct,tfidf_12_sublinear_lr_liblinear_c1,c_10,c_10
934,0,0,0,unchanged_correct,tfidf_12_sublinear_lr_liblinear_c1,c_10,c_10
936,0,1,1,unchanged_error,tfidf_12_sublinear_lr_liblinear_c1,c_10,c_10
939,0,1,0,fixed_fp,tfidf_12_sublinear_lr_liblinear_c1,c_10,c_10
941,0,0,0,unchanged_correct,tfidf_12_sublinear_lr_liblinear_c1,c_10,c_10
951,0,0,0,unchanged_correct,tfidf_12_sublinear_lr_liblinear_c1,c_10,c_10
956,0,0,0,unchanged_correct,tfidf_12_sublinear_lr_liblinear_c1,c_10,c_10
959,0,0,0,unchanged_correct,tfidf_12_sublinear_lr_liblinear_c1,c_10,c_10
960,0,0,0,unchanged_correct,tfidf_12_sublinear_lr_liblinear_c1,c_10,c_10
968,0,0,0,unchanged_correct,tfidf_12_sublinear_lr_liblinear_c1,c_10,c_10
977,0,0,0,unchanged_correct,tfidf_12_sublinear_lr_liblinear_c1,c_10,c_10
982,1,0,0,unchanged_error,tfidf_12_sublinear_lr_liblinear_c1,c_10,c_10
983,0,0,0,unchanged_correct,tfidf_12_sublinear_lr_liblinear_c1,c_10,c_10
984,0,0,0,unchanged_correct,tfidf_12_sublinear_lr_liblinear_c1,c_10,c_10
987,0,0,0,unchanged_correct,tfidf_12_sublinear_lr_liblinear_c1,c_10,c_10
991,0,0,0,unchanged_correct,tfidf_12_sublinear_lr_liblinear_c1,c_10,c_10
996,0,0,1,new_fp,tfidf_12_sublinear_lr_liblinear_c1,c_10,c_10
1006,0,0,0,unchanged_correct,tfidf_12_sublinear_lr_liblinear_c1,c_10,c_10
1009,0,0,0,unchanged_correct,tfidf_12_sublinear_lr_liblinear_c1,c_10,c_10
1010,0,0,0,unchanged_correct,tfidf_12_sublinear_lr_liblinear_c1,c_10,c_10
1023,0,0,0,unchanged_correct,tfidf_12_sublinear_lr_liblinear_c1,c_10,c_10
1024,0,0,0,unchanged_correct,tfidf_12_sublinear_lr_liblinear_c1,c_10,c_10
1037,0,0,0,unchanged_correct,tfidf_12_sublinear_lr_liblinear_c1,c_10,c_10
1043,0,0,0,unchanged_correct,tfidf_12_sublinear_lr_liblinear_c1,c_10,c_10
1044,0,0,0,unchanged_correct,tfidf_12_sublinear_lr_liblinear_c1,c_10,c_10
1048,0,0,0,unchanged_correct,tfidf_12_sublinear_lr_liblinear_c1,c_10,c_10
1050,0,0,0,unchanged_correct,tfidf_12_sublinear_lr_liblinear_c1,c_10,c_10
1062,0,0,0,unchanged_correct,tfidf_12_sublinear_lr_liblinear_c1,c_10,c_10
1074,0,0,0,unchanged_correct,tfidf_12_sublinear_lr_liblinear_c1,c_10,c_10
1082,0,0,0,unchanged_correct,tfidf_12_sublinear_lr_liblinear_c1,c_10,c_10
1128,0,0,0,unchanged_correct,tfidf_12_sublinear_lr_liblinear_c1,c_10,c_10
1130,0,0,0,unchanged_correct,tfidf_12_sublinear_lr_liblinear_c1,c_10,c_10
1168,0,0,0,unchanged_correct,tfidf_12_sublinear_lr_liblinear_c1,c_10,c_10
1170,0,0,0,unchanged_correct,tfidf_12_sublinear_lr_liblinear_c1,c_10,c_10
1173,0,0,0,unchanged_correct,tfidf_12_sublinear_lr_liblinear_c1,c_10,c_10
1196,0,0,0,unchanged_correct,tfidf_12_sublinear_lr_liblinear_c1,c_10,c_10
1201,0,0,0,unchanged_correct,tfidf_12_sublinear_lr_liblinear_c1,c_10,c_10
1209,0,0,0,unchanged_correct,tfidf_12_sublinear_lr_liblinear_c1,c_10,c_10
1211,0,0,0,unchanged_correct,tfidf_12_sublinear_lr_liblinear_c1,c_10,c_10
1213,0,0,0,unchanged_correct,tfidf_12_sublinear_lr_liblinear_c1,c_10,c_10
1217,0,1,1,unchanged_error,tfidf_12_sublinear_lr_liblinear_c1,c_10,c_10
1221,0,0,0,unchanged_correct,tfidf_12_sublinear_lr_liblinear_c1,c_10,c_10
1230,0,0,1,new_fp,tfidf_12_sublinear_lr_liblinear_c1,c_10,c_10
1241,0,0,0,unchanged_correct,tfidf_12_sublinear_lr_liblinear_c1,c_10,c_10
1249,0,0,0,unchanged_correct,tfidf_12_sublinear_lr_liblinear_c1,c_10,c_10
1259,1,0,0,unchanged_error,tfidf_12_sublinear_lr_liblinear_c1,c_10,c_10
1264,0,0,0,unchanged_correct,tfidf_12_sublinear_lr_liblinear_c1,c_10,c_10
1267,0,0,0,unchanged_correct,tfidf_12_sublinear_lr_liblinear_c1,c_10,c_10
1272,0,0,0,unchanged_correct,tfidf_12_sublinear_lr_liblinear_c1,c_10,c_10
1294,1,0,0,unchanged_error,tfidf_12_sublinear_lr_liblinear_c1,c_10,c_10
1296,1,0,0,unchanged_error,tfidf_12_sublinear_lr_liblinear_c1,c_10,c_10
1297,0,0,0,unchanged_correct,tfidf_12_sublinear_lr_liblinear_c1,c_10,c_10
1303,0,0,0,unchanged_correct,tfidf_12_sublinear_lr_liblinear_c1,c_10,c_10
1304,0,0,0,unchanged_correct,tfidf_12_sublinear_lr_liblinear_c1,c_10,c_10
1315,0,0,0,unchanged_correct,tfidf_12_sublinear_lr_liblinear_c1,c_10,c_10
1317,0,0,0,unchanged_correct,tfidf_12_sublinear_lr_liblinear_c1,c_10,c_10
1324,1,0,1,fixed_fn,tfidf_12_sublinear_lr_liblinear_c1,c_10,c_10
1334,0,0,0,unchanged_correct,tfidf_12_sublinear_lr_liblinear_c1,c_10,c_10
1337,0,0,0,unchanged_correct,tfidf_12_sublinear_lr_liblinear_c1,c_10,c_10
1338,0,0,0,unchanged_correct,tfidf_12_sublinear_lr_liblinear_c1,c_10,c_10
1347,0,0,0,unchanged_correct,tfidf_12_sublinear_lr_liblinear_c1,c_10,c_10
1348,0,0,0,unchanged_correct,tfidf_12_sublinear_lr_liblinear_c1,c_10,c_10
1360,1,0,0,unchanged_error,tfidf_12_sublinear_lr_liblinear_c1,c_10,c_10
1365,0,0,0,unchanged_correct,tfidf_12_sublinear_lr_liblinear_c1,c_10,c_10
1380,0,0,0,unchanged_correct,tfidf_12_sublinear_lr_liblinear_c1,c_10,c_10
1389,0,0,0,unchanged_correct,tfidf_12_sublinear_lr_liblinear_c1,c_10,c_10
1401,0,0,0,unchanged_correct,tfidf_12_sublinear_lr_liblinear_c1,c_10,c_10
1402,0,0,0,unchanged_correct,tfidf_12_sublinear_lr_liblinear_c1,c_10,c_10
1405,0,0,0,unchanged_correct,tfidf_12_sublinear_lr_liblinear_c1,c_10,c_10
1409,1,0,0,unchanged_error,tfidf_12_sublinear_lr_liblinear_c1,c_10,c_10
1412,0,0,0,unchanged_correct,tfidf_12_sublinear_lr_liblinear_c1,c_10,c_10
1421,0,0,0,unchanged_correct,tfidf_12_sublinear_lr_liblinear_c1,c_10,c_10
1425,0,0,0,unchanged_correct,tfidf_12_sublinear_lr_liblinear_c1,c_10,c_10
1431,0,0,0,unchanged_correct,tfidf_12_sublinear_lr_liblinear_c1,c_10,c_10
1432,0,0,0,unchanged_correct,tfidf_12_sublinear_lr_liblinear_c1,c_10,c_10
1440,1,0,0,unchanged_error,tfidf_12_sublinear_lr_liblinear_c1,c_10,c_10
1444,0,0,0,unchanged_correct,tfidf_12_sublinear_lr_liblinear_c1,c_10,c_10
1445,0,0,0,unchanged_correct,tfidf_12_sublinear_lr_liblinear_c1,c_10,c_10
1449,0,0,0,unchanged_correct,tfidf_12_sublinear_lr_liblinear_c1,c_10,c_10
1459,0,0,0,unchanged_correct,tfidf_12_sublinear_lr_liblinear_c1,c_10,c_10
1475,0,0,0,unchanged_correct,tfidf_12_sublinear_lr_liblinear_c1,c_10,c_10
1479,1,0,0,unchanged_error,tfidf_12_sublinear_lr_liblinear_c1,c_10,c_10
1487,0,0,0,unchanged_correct,tfidf_12_sublinear_lr_liblinear_c1,c_10,c_10
1488,0,1,1,unchanged_error,tfidf_12_sublinear_lr_liblinear_c1,c_10,c_10
1503,0,0,0,unchanged_correct,tfidf_12_sublinear_lr_liblinear_c1,c_10,c_10
1507,0,0,0,unchanged_correct,tfidf_12_sublinear_lr_liblinear_c1,c_10,c_10
1509,0,0,0,unchanged_correct,tfidf_12_sublinear_lr_liblinear_c1,c_10,c_10
1520,0,0,0,unchanged_correct,tfidf_12_sublinear_lr_liblinear_c1,c_10,c_10
1522,0,0,0,unchanged_correct,tfidf_12_sublinear_lr_liblinear_c1,c_10,c_10
1526,0,0,0,unchanged_correct,tfidf_12_sublinear_lr_liblinear_c1,c_10,c_10
1547,0,0,0,unchanged_correct,tfidf_12_sublinear_lr_liblinear_c1,c_10,c_10
1555,1,1,1,unchanged_correct,tfidf_12_sublinear_lr_liblinear_c1,c_10,c_10
1562,0,0,0,unchanged_correct,tfidf_12_sublinear_lr_liblinear_c1,c_10,c_10
1567,1,1,1,unchanged_correct,tfidf_12_sublinear_lr_liblinear_c1,c_10,c_10
1568,0,0,0,unchanged_correct,tfidf_12_sublinear_lr_liblinear_c1,c_10,c_10
1570,0,0,0,unchanged_correct,tfidf_12_sublinear_lr_liblinear_c1,c_10,c_10
1599,0,0,1,new_fp,tfidf_12_sublinear_lr_liblinear_c1,c_10,c_10
1604,1,1,1,unchanged_correct,tfidf_12_sublinear_lr_liblinear_c1,c_10,c_10
1605,0,0,0,unchanged_correct,tfidf_12_sublinear_lr_liblinear_c1,c_10,c_10
1611,0,0,0,unchanged_correct,tfidf_12_sublinear_lr_liblinear_c1,c_10,c_10
1622,0,0,0,unchanged_correct,tfidf_12_sublinear_lr_liblinear_c1,c_10,c_10
1625,1,1,1,unchanged_correct,tfidf_12_sublinear_lr_liblinear_c1,c_10,c_10
1628,0,0,0,unchanged_correct,tfidf_12_sublinear_lr_liblinear_c1,c_10,c_10
1631,1,1,1,unchanged_correct,tfidf_12_sublinear_lr_liblinear_c1,c_10,c_10
1638,1,1,1,unchanged_correct,tfidf_12_sublinear_lr_liblinear_c1,c_10,c_10
1645,1,0,1,fixed_fn,tfidf_12_sublinear_lr_liblinear_c1,c_10,c_10
1646,1,1,1,unchanged_correct,tfidf_12_sublinear_lr_liblinear_c1,c_10,c_10
1648,1,1,1,unchanged_correct,tfidf_12_sublinear_lr_liblinear_c1,c_10,c_10
1649,1,1,1,unchanged_correct,tfidf_12_sublinear_lr_liblinear_c1,c_10,c_10
1666,0,0,0,unchanged_correct,tfidf_12_sublinear_lr_liblinear_c1,c_10,c_10
1670,1,1,1,unchanged_correct,tfidf_12_sublinear_lr_liblinear_c1,c_10,c_10
1671,0,1,1,unchanged_error,tfidf_12_sublinear_lr_liblinear_c1,c_10,c_10
1677,1,1,1,unchanged_correct,tfidf_12_sublinear_lr_liblinear_c1,c_10,c_10
1684,1,1,1,unchanged_correct,tfidf_12_sublinear_lr_liblinear_c1,c_10,c_10
1688,1,1,1,unchanged_correct,tfidf_12_sublinear_lr_liblinear_c1,c_10,c_10
1689,1,1,1,unchanged_correct,tfidf_12_sublinear_lr_liblinear_c1,c_10,c_10
1699,1,1,1,unchanged_correct,tfidf_12_sublinear_lr_liblinear_c1,c_10,c_10
1700,1,1,1,unchanged_correct,tfidf_12_sublinear_lr_liblinear_c1,c_10,c_10
1710,1,1,1,unchanged_correct,tfidf_12_sublinear_lr_liblinear_c1,c_10,c_10
1719,0,1,1,unchanged_error,tfidf_12_sublinear_lr_liblinear_c1,c_10,c_10
1724,1,0,0,unchanged_error,tfidf_12_sublinear_lr_liblinear_c1,c_10,c_10
1725,1,0,0,unchanged_error,tfidf_12_sublinear_lr_liblinear_c1,c_10,c_10
1737,0,1,1,unchanged_error,tfidf_12_sublinear_lr_liblinear_c1,c_10,c_10
1744,0,0,0,unchanged_correct,tfidf_12_sublinear_lr_liblinear_c1,c_10,c_10
1757,1,0,0,unchanged_error,tfidf_12_sublinear_lr_liblinear_c1,c_10,c_10
1761,1,1,1,unchanged_correct,tfidf_12_sublinear_lr_liblinear_c1,c_10,c_10
1766,0,1,1,unchanged_error,tfidf_12_sublinear_lr_liblinear_c1,c_10,c_10
1768,1,1,1,unchanged_correct,tfidf_12_sublinear_lr_liblinear_c1,c_10,c_10
1771,1,0,0,unchanged_error,tfidf_12_sublinear_lr_liblinear_c1,c_10,c_10
1772,1,1,1,unchanged_correct,tfidf_12_sublinear_lr_liblinear_c1,c_10,c_10
1796,1,0,1,fixed_fn,tfidf_12_sublinear_lr_liblinear_c1,c_10,c_10
1815,1,1,1,unchanged_correct,tfidf_12_sublinear_lr_liblinear_c1,c_10,c_10
1818,1,1,1,unchanged_correct,tfidf_12_sublinear_lr_liblinear_c1,c_10,c_10
1847,0,0,0,unchanged_correct,tfidf_12_sublinear_lr_liblinear_c1,c_10,c_10
1853,0,0,0,unchanged_correct,tfidf_12_sublinear_lr_liblinear_c1,c_10,c_10
1873,0,0,0,unchanged_correct,tfidf_12_sublinear_lr_liblinear_c1,c_10,c_10
1875,0,0,0,unchanged_correct,tfidf_12_sublinear_lr_liblinear_c1,c_10,c_10
1882,0,0,0,unchanged_correct,tfidf_12_sublinear_lr_liblinear_c1,c_10,c_10
1886,0,0,0,unchanged_correct,tfidf_12_sublinear_lr_liblinear_c1,c_10,c_10
1898,0,0,0,unchanged_correct,tfidf_12_sublinear_lr_liblinear_c1,c_10,c_10
1905,0,0,0,unchanged_correct,tfidf_12_sublinear_lr_liblinear_c1,c_10,c_10
1911,0,0,0,unchanged_correct,tfidf_12_sublinear_lr_liblinear_c1,c_10,c_10
1917,0,0,0,unchanged_correct,tfidf_12_sublinear_lr_liblinear_c1,c_10,c_10
1918,0,1,0,fixed_fp,tfidf_12_sublinear_lr_liblinear_c1,c_10,c_10
1927,1,1,1,unchanged_correct,tfidf_12_sublinear_lr_liblinear_c1,c_10,c_10
1945,1,1,1,unchanged_correct,tfidf_12_sublinear_lr_liblinear_c1,c_10,c_10
1956,0,0,1,new_fp,tfidf_12_sublinear_lr_liblinear_c1,c_10,c_10
1967,1,0,0,unchanged_error,tfidf_12_sublinear_lr_liblinear_c1,c_10,c_10
1973,1,0,0,unchanged_error,tfidf_12_sublinear_lr_liblinear_c1,c_10,c_10
1981,0,0,0,unchanged_correct,tfidf_12_sublinear_lr_liblinear_c1,c_10,c_10
1983,1,0,1,fixed_fn,tfidf_12_sublinear_lr_liblinear_c1,c_10,c_10
1985,1,1,1,unchanged_correct,tfidf_12_sublinear_lr_liblinear_c1,c_10,c_10
1992,1,0,1,fixed_fn,tfidf_12_sublinear_lr_liblinear_c1,c_10,c_10
1999,0,0,0,unchanged_correct,tfidf_12_sublinear_lr_liblinear_c1,c_10,c_10
2007,1,1,1,unchanged_correct,tfidf_12_sublinear_lr_liblinear_c1,c_10,c_10
2023,1,1,1,unchanged_correct,tfidf_12_sublinear_lr_liblinear_c1,c_10,c_10
2028,0,0,0,unchanged_correct,tfidf_12_sublinear_lr_liblinear_c1,c_10,c_10
2036,1,1,1,unchanged_correct,tfidf_12_sublinear_lr_liblinear_c1,c_10,c_10
2039,1,0,0,unchanged_error,tfidf_12_sublinear_lr_liblinear_c1,c_10,c_10
2043,1,1,1,unchanged_correct,tfidf_12_sublinear_lr_liblinear_c1,c_10,c_10
2047,1,1,1,unchanged_correct,tfidf_12_sublinear_lr_liblinear_c1,c_10,c_10
2068,1,0,1,fixed_fn,tfidf_12_sublinear_lr_liblinear_c1,c_10,c_10
2083,0,0,0,unchanged_correct,tfidf_12_sublinear_lr_liblinear_c1,c_10,c_10
2084,0,0,0,unchanged_correct,tfidf_12_sublinear_lr_liblinear_c1,c_10,c_10
2087,0,0,0,unchanged_correct,tfidf_12_sublinear_lr_liblinear_c1,c_10,c_10
2100,1,1,1,unchanged_correct,tfidf_12_sublinear_lr_liblinear_c1,c_10,c_10
2109,1,0,0,unchanged_error,tfidf_12_sublinear_lr_liblinear_c1,c_10,c_10
2117,0,0,0,unchanged_correct,tfidf_12_sublinear_lr_liblinear_c1,c_10,c_10
2126,0,0,0,unchanged_correct,tfidf_12_sublinear_lr_liblinear_c1,c_10,c_10
2134,0,1,1,unchanged_error,tfidf_12_sublinear_lr_liblinear_c1,c_10,c_10
2142,0,0,0,unchanged_correct,tfidf_12_sublinear_lr_liblinear_c1,c_10,c_10
2154,0,0,0,unchanged_correct,tfidf_12_sublinear_lr_liblinear_c1,c_10,c_10
2175,0,0,0,unchanged_correct,tfidf_12_sublinear_lr_liblinear_c1,c_10,c_10
2188,1,1,1,unchanged_correct,tfidf_12_sublinear_lr_liblinear_c1,c_10,c_10
2189,1,1,1,unchanged_correct,tfidf_12_sublinear_lr_liblinear_c1,c_10,c_10
2190,1,1,1,unchanged_correct,tfidf_12_sublinear_lr_liblinear_c1,c_10,c_10
2191,1,0,0,unchanged_error,tfidf_12_sublinear_lr_liblinear_c1,c_10,c_10
2192,1,1,1,unchanged_correct,tfidf_12_sublinear_lr_liblinear_c1,c_10,c_10
2194,1,0,0,unchanged_error,tfidf_12_sublinear_lr_liblinear_c1,c_10,c_10
2203,0,0,0,unchanged_correct,tfidf_12_sublinear_lr_liblinear_c1,c_10,c_10
2210,0,0,0,unchanged_correct,tfidf_12_sublinear_lr_liblinear_c1,c_10,c_10
2235,0,0,0,unchanged_correct,tfidf_12_sublinear_lr_liblinear_c1,c_10,c_10
2255,0,0,0,unchanged_correct,tfidf_12_sublinear_lr_liblinear_c1,c_10,c_10
2257,0,1,1,unchanged_error,tfidf_12_sublinear_lr_liblinear_c1,c_10,c_10
2282,1,0,0,unchanged_error,tfidf_12_sublinear_lr_liblinear_c1,c_10,c_10
2288,0,0,0,unchanged_correct,tfidf_12_sublinear_lr_liblinear_c1,c_10,c_10
2301,0,1,1,unchanged_error,tfidf_12_sublinear_lr_liblinear_c1,c_10,c_10
2308,0,0,0,unchanged_correct,tfidf_12_sublinear_lr_liblinear_c1,c_10,c_10
2329,0,1,1,unchanged_error,tfidf_12_sublinear_lr_liblinear_c1,c_10,c_10
2334,0,1,1,unchanged_error,tfidf_12_sublinear_lr_liblinear_c1,c_10,c_10
2336,0,0,1,new_fp,tfidf_12_sublinear_lr_liblinear_c1,c_10,c_10
2351,0,1,1,unchanged_error,tfidf_12_sublinear_lr_liblinear_c1,c_10,c_10
2373,0,0,0,unchanged_correct,tfidf_12_sublinear_lr_liblinear_c1,c_10,c_10
2374,0,0,0,unchanged_correct,tfidf_12_sublinear_lr_liblinear_c1,c_10,c_10
2385,0,0,0,unchanged_correct,tfidf_12_sublinear_lr_liblinear_c1,c_10,c_10
2387,0,0,0,unchanged_correct,tfidf_12_sublinear_lr_liblinear_c1,c_10,c_10
2395,0,0,0,unchanged_correct,tfidf_12_sublinear_lr_liblinear_c1,c_10,c_10
2396,1,0,0,unchanged_error,tfidf_12_sublinear_lr_liblinear_c1,c_10,c_10
2398,1,0,0,unchanged_error,tfidf_12_sublinear_lr_liblinear_c1,c_10,c_10
2400,1,0,0,unchanged_error,tfidf_12_sublinear_lr_liblinear_c1,c_10,c_10
2408,0,0,0,unchanged_correct,tfidf_12_sublinear_lr_liblinear_c1,c_10,c_10
2409,0,0,0,unchanged_correct,tfidf_12_sublinear_lr_liblinear_c1,c_10,c_10
2412,0,0,0,unchanged_correct,tfidf_12_sublinear_lr_liblinear_c1,c_10,c_10
2417,0,0,0,unchanged_correct,tfidf_12_sublinear_lr_liblinear_c1,c_10,c_10
2418,0,0,0,unchanged_correct,tfidf_12_sublinear_lr_liblinear_c1,c_10,c_10
2437,0,0,0,unchanged_correct,tfidf_12_sublinear_lr_liblinear_c1,c_10,c_10
2442,0,0,0,unchanged_correct,tfidf_12_sublinear_lr_liblinear_c1,c_10,c_10
2453,0,0,0,unchanged_correct,tfidf_12_sublinear_lr_liblinear_c1,c_10,c_10
2455,0,0,0,unchanged_correct,tfidf_12_sublinear_lr_liblinear_c1,c_10,c_10
2456,0,0,0,unchanged_correct,tfidf_12_sublinear_lr_liblinear_c1,c_10,c_10
2486,0,0,1,new_fp,tfidf_12_sublinear_lr_liblinear_c1,c_10,c_10
2499,1,1,1,unchanged_correct,tfidf_12_sublinear_lr_liblinear_c1,c_10,c_10
2505,1,0,0,unchanged_error,tfidf_12_sublinear_lr_liblinear_c1,c_10,c_10
2520,0,0,0,unchanged_correct,tfidf_12_sublinear_lr_liblinear_c1,c_10,c_10
2528,1,1,0,new_fn,tfidf_12_sublinear_lr_liblinear_c1,c_10,c_10
2540,1,1,1,unchanged_correct,tfidf_12_sublinear_lr_liblinear_c1,c_10,c_10
2543,1,1,1,unchanged_correct,tfidf_12_sublinear_lr_liblinear_c1,c_10,c_10
2545,1,0,1,fixed_fn,tfidf_12_sublinear_lr_liblinear_c1,c_10,c_10
2546,1,1,1,unchanged_correct,tfidf_12_sublinear_lr_liblinear_c1,c_10,c_10
2548,1,1,1,unchanged_correct,tfidf_12_sublinear_lr_liblinear_c1,c_10,c_10
2569,0,0,0,unchanged_correct,tfidf_12_sublinear_lr_liblinear_c1,c_10,c_10
2579,0,0,0,unchanged_correct,tfidf_12_sublinear_lr_liblinear_c1,c_10,c_10
2594,0,0,0,unchanged_correct,tfidf_12_sublinear_lr_liblinear_c1,c_10,c_10
2598,1,1,1,unchanged_correct,tfidf_12_sublinear_lr_liblinear_c1,c_10,c_10
2609,1,1,1,unchanged_correct,tfidf_12_sublinear_lr_liblinear_c1,c_10,c_10
2611,1,0,0,unchanged_error,tfidf_12_sublinear_lr_liblinear_c1,c_10,c_10
2617,1,1,1,unchanged_correct,tfidf_12_sublinear_lr_liblinear_c1,c_10,c_10
2619,1,0,0,unchanged_error,tfidf_12_sublinear_lr_liblinear_c1,c_10,c_10
2644,0,0,0,unchanged_correct,tfidf_12_sublinear_lr_liblinear_c1,c_10,c_10
2671,0,0,0,unchanged_correct,tfidf_12_sublinear_lr_liblinear_c1,c_10,c_10
2672,0,0,0,unchanged_correct,tfidf_12_sublinear_lr_liblinear_c1,c_10,c_10
2675,1,0,0,unchanged_error,tfidf_12_sublinear_lr_liblinear_c1,c_10,c_10
2679,0,0,0,unchanged_correct,tfidf_12_sublinear_lr_liblinear_c1,c_10,c_10
2687,0,0,0,unchanged_correct,tfidf_12_sublinear_lr_liblinear_c1,c_10,c_10
2707,0,0,0,unchanged_correct,tfidf_12_sublinear_lr_liblinear_c1,c_10,c_10
2709,0,0,0,unchanged_correct,tfidf_12_sublinear_lr_liblinear_c1,c_10,c_10
2715,0,0,0,unchanged_correct,tfidf_12_sublinear_lr_liblinear_c1,c_10,c_10
2727,0,0,0,unchanged_correct,tfidf_12_sublinear_lr_liblinear_c1,c_10,c_10
2730,0,0,0,unchanged_correct,tfidf_12_sublinear_lr_liblinear_c1,c_10,c_10
2736,0,0,0,unchanged_correct,tfidf_12_sublinear_lr_liblinear_c1,c_10,c_10
2740,1,0,0,unchanged_error,tfidf_12_sublinear_lr_liblinear_c1,c_10,c_10
2756,0,0,0,unchanged_correct,tfidf_12_sublinear_lr_liblinear_c1,c_10,c_10
2757,0,0,0,unchanged_correct,tfidf_12_sublinear_lr_liblinear_c1,c_10,c_10
2758,0,0,0,unchanged_correct,tfidf_12_sublinear_lr_liblinear_c1,c_10,c_10
2768,0,0,0,unchanged_correct,tfidf_12_sublinear_lr_liblinear_c1,c_10,c_10
2770,0,0,0,unchanged_correct,tfidf_12_sublinear_lr_liblinear_c1,c_10,c_10
2777,0,0,0,unchanged_correct,tfidf_12_sublinear_lr_liblinear_c1,c_10,c_10
2786,0,0,0,unchanged_correct,tfidf_12_sublinear_lr_liblinear_c1,c_10,c_10
2793,0,0,0,unchanged_correct,tfidf_12_sublinear_lr_liblinear_c1,c_10,c_10
2794,0,0,0,unchanged_correct,tfidf_12_sublinear_lr_liblinear_c1,c_10,c_10
2797,0,0,0,unchanged_correct,tfidf_12_sublinear_lr_liblinear_c1,c_10,c_10
2802,0,0,0,unchanged_correct,tfidf_12_sublinear_lr_liblinear_c1,c_10,c_10
2808,0,0,0,unchanged_correct,tfidf_12_sublinear_lr_liblinear_c1,c_10,c_10
2822,1,0,1,fixed_fn,tfidf_12_sublinear_lr_liblinear_c1,c_10,c_10
2826,1,1,1,unchanged_correct,tfidf_12_sublinear_lr_liblinear_c1,c_10,c_10
2829,0,0,0,unchanged_correct,tfidf_12_sublinear_lr_liblinear_c1,c_10,c_10
2830,0,0,0,unchanged_correct,tfidf_12_sublinear_lr_liblinear_c1,c_10,c_10
2842,1,1,1,unchanged_correct,tfidf_12_sublinear_lr_liblinear_c1,c_10,c_10
2843,0,0,0,unchanged_correct,tfidf_12_sublinear_lr_liblinear_c1,c_10,c_10
2844,0,1,1,unchanged_error,tfidf_12_sublinear_lr_liblinear_c1,c_10,c_10
2849,1,1,1,unchanged_correct,tfidf_12_sublinear_lr_liblinear_c1,c_10,c_10
2852,0,0,0,unchanged_correct,tfidf_12_sublinear_lr_liblinear_c1,c_10,c_10
2856,0,0,0,unchanged_correct,tfidf_12_sublinear_lr_liblinear_c1,c_10,c_10
2863,1,1,1,unchanged_correct,tfidf_12_sublinear_lr_liblinear_c1,c_10,c_10
2867,0,0,0,unchanged_correct,tfidf_12_sublinear_lr_liblinear_c1,c_10,c_10
2871,1,0,0,unchanged_error,tfidf_12_sublinear_lr_liblinear_c1,c_10,c_10
2872,0,1,1,unchanged_error,tfidf_12_sublinear_lr_liblinear_c1,c_10,c_10
2875,0,0,1,new_fp,tfidf_12_sublinear_lr_liblinear_c1,c_10,c_10
2879,1,0,0,unchanged_error,tfidf_12_sublinear_lr_liblinear_c1,c_10,c_10
2880,0,0,0,unchanged_correct,tfidf_12_sublinear_lr_liblinear_c1,c_10,c_10
2884,1,0,1,fixed_fn,tfidf_12_sublinear_lr_liblinear_c1,c_10,c_10
2889,1,1,1,unchanged_correct,tfidf_12_sublinear_lr_liblinear_c1,c_10,c_10
2899,0,0,0,unchanged_correct,tfidf_12_sublinear_lr_liblinear_c1,c_10,c_10
2900,1,0,1,fixed_fn,tfidf_12_sublinear_lr_liblinear_c1,c_10,c_10
2913,1,0,0,unchanged_error,tfidf_12_sublinear_lr_liblinear_c1,c_10,c_10
2941,0,0,0,unchanged_correct,tfidf_12_sublinear_lr_liblinear_c1,c_10,c_10
2942,1,0,0,unchanged_error,tfidf_12_sublinear_lr_liblinear_c1,c_10,c_10
2944,0,0,0,unchanged_correct,tfidf_12_sublinear_lr_liblinear_c1,c_10,c_10
2950,1,0,0,unchanged_error,tfidf_12_sublinear_lr_liblinear_c1,c_10,c_10
2957,0,0,0,unchanged_correct,tfidf_12_sublinear_lr_liblinear_c1,c_10,c_10
2960,0,0,0,unchanged_correct,tfidf_12_sublinear_lr_liblinear_c1,c_10,c_10
2965,0,0,0,unchanged_correct,tfidf_12_sublinear_lr_liblinear_c1,c_10,c_10
2971,0,0,0,unchanged_correct,tfidf_12_sublinear_lr_liblinear_c1,c_10,c_10
2983,0,0,0,unchanged_correct,tfidf_12_sublinear_lr_liblinear_c1,c_10,c_10
2993,1,1,1,unchanged_correct,tfidf_12_sublinear_lr_liblinear_c1,c_10,c_10
2998,0,0,0,unchanged_correct,tfidf_12_sublinear_lr_liblinear_c1,c_10,c_10
3001,0,0,0,unchanged_correct,tfidf_12_sublinear_lr_liblinear_c1,c_10,c_10
3005,1,0,0,unchanged_error,tfidf_12_sublinear_lr_liblinear_c1,c_10,c_10
3013,0,0,0,unchanged_correct,tfidf_12_sublinear_lr_liblinear_c1,c_10,c_10
3029,0,0,0,unchanged_correct,tfidf_12_sublinear_lr_liblinear_c1,c_10,c_10
3037,1,0,0,unchanged_error,tfidf_12_sublinear_lr_liblinear_c1,c_10,c_10
3043,0,0,0,unchanged_correct,tfidf_12_sublinear_lr_liblinear_c1,c_10,c_10
3044,0,1,1,unchanged_error,tfidf_12_sublinear_lr_liblinear_c1,c_10,c_10
3060,1,1,1,unchanged_correct,tfidf_12_sublinear_lr_liblinear_c1,c_10,c_10
3068,0,1,1,unchanged_error,tfidf_12_sublinear_lr_liblinear_c1,c_10,c_10
3070,0,1,1,unchanged_error,tfidf_12_sublinear_lr_liblinear_c1,c_10,c_10
3073,1,1,1,unchanged_correct,tfidf_12_sublinear_lr_liblinear_c1,c_10,c_10
3080,0,0,0,unchanged_correct,tfidf_12_sublinear_lr_liblinear_c1,c_10,c_10
3082,1,1,1,unchanged_correct,tfidf_12_sublinear_lr_liblinear_c1,c_10,c_10
3085,0,0,0,unchanged_correct,tfidf_12_sublinear_lr_liblinear_c1,c_10,c_10
3086,1,1,1,unchanged_correct,tfidf_12_sublinear_lr_liblinear_c1,c_10,c_10
3095,1,1,1,unchanged_correct,tfidf_12_sublinear_lr_liblinear_c1,c_10,c_10
3101,1,0,0,unchanged_error,tfidf_12_sublinear_lr_liblinear_c1,c_10,c_10
3114,1,0,0,unchanged_error,tfidf_12_sublinear_lr_liblinear_c1,c_10,c_10
3115,1,1,1,unchanged_correct,tfidf_12_sublinear_lr_liblinear_c1,c_10,c_10
3117,1,1,1,unchanged_correct,tfidf_12_sublinear_lr_liblinear_c1,c_10,c_10
3123,1,1,1,unchanged_correct,tfidf_12_sublinear_lr_liblinear_c1,c_10,c_10
3134,1,1,1,unchanged_correct,tfidf_12_sublinear_lr_liblinear_c1,c_10,c_10
3138,1,1,1,unchanged_correct,tfidf_12_sublinear_lr_liblinear_c1,c_10,c_10
3140,1,1,1,unchanged_correct,tfidf_12_sublinear_lr_liblinear_c1,c_10,c_10
3145,1,1,1,unchanged_correct,tfidf_12_sublinear_lr_liblinear_c1,c_10,c_10
3150,1,1,1,unchanged_correct,tfidf_12_sublinear_lr_liblinear_c1,c_10,c_10
3153,0,0,0,unchanged_correct,tfidf_12_sublinear_lr_liblinear_c1,c_10,c_10
3176,0,0,0,unchanged_correct,tfidf_12_sublinear_lr_liblinear_c1,c_10,c_10
3179,0,0,1,new_fp,tfidf_12_sublinear_lr_liblinear_c1,c_10,c_10
3183,0,0,0,unchanged_correct,tfidf_12_sublinear_lr_liblinear_c1,c_10,c_10
3185,0,0,0,unchanged_correct,tfidf_12_sublinear_lr_liblinear_c1,c_10,c_10
3188,0,0,0,unchanged_correct,tfidf_12_sublinear_lr_liblinear_c1,c_10,c_10
3193,0,0,0,unchanged_correct,tfidf_12_sublinear_lr_liblinear_c1,c_10,c_10
3197,0,1,1,unchanged_error,tfidf_12_sublinear_lr_liblinear_c1,c_10,c_10
3200,0,0,0,unchanged_correct,tfidf_12_sublinear_lr_liblinear_c1,c_10,c_10
3201,0,0,0,unchanged_correct,tfidf_12_sublinear_lr_liblinear_c1,c_10,c_10
3235,0,0,0,unchanged_correct,tfidf_12_sublinear_lr_liblinear_c1,c_10,c_10
3240,1,0,0,unchanged_error,tfidf_12_sublinear_lr_liblinear_c1,c_10,c_10
3245,0,0,1,new_fp,tfidf_12_sublinear_lr_liblinear_c1,c_10,c_10
3263,0,0,0,unchanged_correct,tfidf_12_sublinear_lr_liblinear_c1,c_10,c_10
3270,1,0,0,unchanged_error,tfidf_12_sublinear_lr_liblinear_c1,c_10,c_10
3277,0,0,0,unchanged_correct,tfidf_12_sublinear_lr_liblinear_c1,c_10,c_10
3284,0,0,0,unchanged_correct,tfidf_12_sublinear_lr_liblinear_c1,c_10,c_10
3285,0,0,0,unchanged_correct,tfidf_12_sublinear_lr_liblinear_c1,c_10,c_10
3296,0,0,0,unchanged_correct,tfidf_12_sublinear_lr_liblinear_c1,c_10,c_10
3297,0,0,0,unchanged_correct,tfidf_12_sublinear_lr_liblinear_c1,c_10,c_10
3304,0,0,0,unchanged_correct,tfidf_12_sublinear_lr_liblinear_c1,c_10,c_10
3309,0,0,0,unchanged_correct,tfidf_12_sublinear_lr_liblinear_c1,c_10,c_10
3311,0,0,0,unchanged_correct,tfidf_12_sublinear_lr_liblinear_c1,c_10,c_10
3312,0,0,0,unchanged_correct,tfidf_12_sublinear_lr_liblinear_c1,c_10,c_10
3322,0,0,0,unchanged_correct,tfidf_12_sublinear_lr_liblinear_c1,c_10,c_10
3329,0,0,0,unchanged_correct,tfidf_12_sublinear_lr_liblinear_c1,c_10,c_10
3341,0,1,1,unchanged_error,tfidf_12_sublinear_lr_liblinear_c1,c_10,c_10
3345,0,1,1,unchanged_error,tfidf_12_sublinear_lr_liblinear_c1,c_10,c_10
3377,0,0,0,unchanged_correct,tfidf_12_sublinear_lr_liblinear_c1,c_10,c_10
3389,0,1,1,unchanged_error,tfidf_12_sublinear_lr_liblinear_c1,c_10,c_10
3390,0,0,0,unchanged_correct,tfidf_12_sublinear_lr_liblinear_c1,c_10,c_10
3393,0,0,0,unchanged_correct,tfidf_12_sublinear_lr_liblinear_c1,c_10,c_10
3397,1,1,1,unchanged_correct,tfidf_12_sublinear_lr_liblinear_c1,c_10,c_10
3402,0,0,0,unchanged_correct,tfidf_12_sublinear_lr_liblinear_c1,c_10,c_10
3408,0,0,0,unchanged_correct,tfidf_12_sublinear_lr_liblinear_c1,c_10,c_10
3410,0,0,1,new_fp,tfidf_12_sublinear_lr_liblinear_c1,c_10,c_10
3413,1,1,1,unchanged_correct,tfidf_12_sublinear_lr_liblinear_c1,c_10,c_10
3419,1,0,1,fixed_fn,tfidf_12_sublinear_lr_liblinear_c1,c_10,c_10
3428,0,0,0,unchanged_correct,tfidf_12_sublinear_lr_liblinear_c1,c_10,c_10
3432,1,1,1,unchanged_correct,tfidf_12_sublinear_lr_liblinear_c1,c_10,c_10
3433,0,1,1,unchanged_error,tfidf_12_sublinear_lr_liblinear_c1,c_10,c_10
3436,1,1,1,unchanged_correct,tfidf_12_sublinear_lr_liblinear_c1,c_10,c_10
3440,0,0,0,unchanged_correct,tfidf_12_sublinear_lr_liblinear_c1,c_10,c_10
3450,0,0,0,unchanged_correct,tfidf_12_sublinear_lr_liblinear_c1,c_10,c_10
3462,1,1,1,unchanged_correct,tfidf_12_sublinear_lr_liblinear_c1,c_10,c_10
3476,1,0,0,unchanged_error,tfidf_12_sublinear_lr_liblinear_c1,c_10,c_10
3481,0,1,1,unchanged_error,tfidf_12_sublinear_lr_liblinear_c1,c_10,c_10
3483,0,0,0,unchanged_correct,tfidf_12_sublinear_lr_liblinear_c1,c_10,c_10
3486,1,1,1,unchanged_correct,tfidf_12_sublinear_lr_liblinear_c1,c_10,c_10
3495,1,1,1,unchanged_correct,tfidf_12_sublinear_lr_liblinear_c1,c_10,c_10
3500,1,1,1,unchanged_correct,tfidf_12_sublinear_lr_liblinear_c1,c_10,c_10
3501,1,1,1,unchanged_correct,tfidf_12_sublinear_lr_liblinear_c1,c_10,c_10
3503,1,1,1,unchanged_correct,tfidf_12_sublinear_lr_liblinear_c1,c_10,c_10
3504,1,1,1,unchanged_correct,tfidf_12_sublinear_lr_liblinear_c1,c_10,c_10
3505,1,1,1,unchanged_correct,tfidf_12_sublinear_lr_liblinear_c1,c_10,c_10
3506,1,0,1,fixed_fn,tfidf_12_sublinear_lr_liblinear_c1,c_10,c_10
3517,1,1,1,unchanged_correct,tfidf_12_sublinear_lr_liblinear_c1,c_10,c_10
3519,1,1,1,unchanged_correct,tfidf_12_sublinear_lr_liblinear_c1,c_10,c_10
3525,1,0,0,unchanged_error,tfidf_12_sublinear_lr_liblinear_c1,c_10,c_10
3527,1,1,1,unchanged_correct,tfidf_12_sublinear_lr_liblinear_c1,c_10,c_10
3566,0,1,0,fixed_fp,tfidf_12_sublinear_lr_liblinear_c1,c_10,c_10
3570,0,0,0,unchanged_correct,tfidf_12_sublinear_lr_liblinear_c1,c_10,c_10
3588,0,0,0,unchanged_correct,tfidf_12_sublinear_lr_liblinear_c1,c_10,c_10
3598,1,1,1,unchanged_correct,tfidf_12_sublinear_lr_liblinear_c1,c_10,c_10
3602,1,0,0,unchanged_error,tfidf_12_sublinear_lr_liblinear_c1,c_10,c_10
3604,0,0,0,unchanged_correct,tfidf_12_sublinear_lr_liblinear_c1,c_10,c_10
3607,1,0,0,unchanged_error,tfidf_12_sublinear_lr_liblinear_c1,c_10,c_10
3608,0,0,0,unchanged_correct,tfidf_12_sublinear_lr_liblinear_c1,c_10,c_10
3625,1,0,0,unchanged_error,tfidf_12_sublinear_lr_liblinear_c1,c_10,c_10
3627,0,0,0,unchanged_correct,tfidf_12_sublinear_lr_liblinear_c1,c_10,c_10
3629,0,0,0,unchanged_correct,tfidf_12_sublinear_lr_liblinear_c1,c_10,c_10
3638,0,0,0,unchanged_correct,tfidf_12_sublinear_lr_liblinear_c1,c_10,c_10
3648,0,1,1,unchanged_error,tfidf_12_sublinear_lr_liblinear_c1,c_10,c_10
3653,0,0,0,unchanged_correct,tfidf_12_sublinear_lr_liblinear_c1,c_10,c_10
3658,0,0,0,unchanged_correct,tfidf_12_sublinear_lr_liblinear_c1,c_10,c_10
3691,0,0,0,unchanged_correct,tfidf_12_sublinear_lr_liblinear_c1,c_10,c_10
3704,0,0,0,unchanged_correct,tfidf_12_sublinear_lr_liblinear_c1,c_10,c_10
3712,0,0,0,unchanged_correct,tfidf_12_sublinear_lr_liblinear_c1,c_10,c_10
3723,0,0,0,unchanged_correct,tfidf_12_sublinear_lr_liblinear_c1,c_10,c_10
3739,0,0,0,unchanged_correct,tfidf_12_sublinear_lr_liblinear_c1,c_10,c_10
3742,0,0,0,unchanged_correct,tfidf_12_sublinear_lr_liblinear_c1,c_10,c_10
3745,1,1,1,unchanged_correct,tfidf_12_sublinear_lr_liblinear_c1,c_10,c_10
3756,0,1,1,unchanged_error,tfidf_12_sublinear_lr_liblinear_c1,c_10,c_10
3764,0,0,0,unchanged_correct,tfidf_12_sublinear_lr_liblinear_c1,c_10,c_10
3770,1,1,1,unchanged_correct,tfidf_12_sublinear_lr_liblinear_c1,c_10,c_10
3771,0,0,0,unchanged_correct,tfidf_12_sublinear_lr_liblinear_c1,c_10,c_10
3774,0,0,0,unchanged_correct,tfidf_12_sublinear_lr_liblinear_c1,c_10,c_10
3775,0,0,0,unchanged_correct,tfidf_12_sublinear_lr_liblinear_c1,c_10,c_10
3780,0,0,0,unchanged_correct,tfidf_12_sublinear_lr_liblinear_c1,c_10,c_10
3785,0,0,0,unchanged_correct,tfidf_12_sublinear_lr_liblinear_c1,c_10,c_10
3788,0,1,1,unchanged_error,tfidf_12_sublinear_lr_liblinear_c1,c_10,c_10
3795,1,1,1,unchanged_correct,tfidf_12_sublinear_lr_liblinear_c1,c_10,c_10
3796,1,0,0,unchanged_error,tfidf_12_sublinear_lr_liblinear_c1,c_10,c_10
3798,0,0,0,unchanged_correct,tfidf_12_sublinear_lr_liblinear_c1,c_10,c_10
3805,0,0,0,unchanged_correct,tfidf_12_sublinear_lr_liblinear_c1,c_10,c_10
3807,0,0,0,unchanged_correct,tfidf_12_sublinear_lr_liblinear_c1,c_10,c_10
3822,0,0,0,unchanged_correct,tfidf_12_sublinear_lr_liblinear_c1,c_10,c_10
3828,0,0,0,unchanged_correct,tfidf_12_sublinear_lr_liblinear_c1,c_10,c_10
3833,0,0,1,new_fp,tfidf_12_sublinear_lr_liblinear_c1,c_10,c_10
3836,0,0,0,unchanged_correct,tfidf_12_sublinear_lr_liblinear_c1,c_10,c_10
3845,0,0,0,unchanged_correct,tfidf_12_sublinear_lr_liblinear_c1,c_10,c_10
3857,0,0,0,unchanged_correct,tfidf_12_sublinear_lr_liblinear_c1,c_10,c_10
3861,1,0,0,unchanged_error,tfidf_12_sublinear_lr_liblinear_c1,c_10,c_10
3864,0,0,0,unchanged_correct,tfidf_12_sublinear_lr_liblinear_c1,c_10,c_10
3876,0,0,0,unchanged_correct,tfidf_12_sublinear_lr_liblinear_c1,c_10,c_10
3879,1,0,0,unchanged_error,tfidf_12_sublinear_lr_liblinear_c1,c_10,c_10
3893,1,1,1,unchanged_correct,tfidf_12_sublinear_lr_liblinear_c1,c_10,c_10
3905,1,1,1,unchanged_correct,tfidf_12_sublinear_lr_liblinear_c1,c_10,c_10
3914,1,1,1,unchanged_correct,tfidf_12_sublinear_lr_liblinear_c1,c_10,c_10
3916,1,1,1,unchanged_correct,tfidf_12_sublinear_lr_liblinear_c1,c_10,c_10
3919,1,1,1,unchanged_correct,tfidf_12_sublinear_lr_liblinear_c1,c_10,c_10
3924,0,0,0,unchanged_correct,tfidf_12_sublinear_lr_liblinear_c1,c_10,c_10
3932,0,0,0,unchanged_correct,tfidf_12_sublinear_lr_liblinear_c1,c_10,c_10
3935,1,0,0,unchanged_error,tfidf_12_sublinear_lr_liblinear_c1,c_10,c_10
3940,0,0,0,unchanged_correct,tfidf_12_sublinear_lr_liblinear_c1,c_10,c_10
3944,0,0,0,unchanged_correct,tfidf_12_sublinear_lr_liblinear_c1,c_10,c_10
3953,0,0,0,unchanged_correct,tfidf_12_sublinear_lr_liblinear_c1,c_10,c_10
3962,1,1,1,unchanged_correct,tfidf_12_sublinear_lr_liblinear_c1,c_10,c_10
3967,1,1,1,unchanged_correct,tfidf_12_sublinear_lr_liblinear_c1,c_10,c_10
3970,1,0,0,unchanged_error,tfidf_12_sublinear_lr_liblinear_c1,c_10,c_10
3975,0,0,0,unchanged_correct,tfidf_12_sublinear_lr_liblinear_c1,c_10,c_10
3994,1,1,1,unchanged_correct,tfidf_12_sublinear_lr_liblinear_c1,c_10,c_10
3997,0,1,1,unchanged_error,tfidf_12_sublinear_lr_liblinear_c1,c_10,c_10
3998,0,0,0,unchanged_correct,tfidf_12_sublinear_lr_liblinear_c1,c_10,c_10
4003,0,1,1,unchanged_error,tfidf_12_sublinear_lr_liblinear_c1,c_10,c_10
4029,0,0,1,new_fp,tfidf_12_sublinear_lr_liblinear_c1,c_10,c_10
4030,0,0,0,unchanged_correct,tfidf_12_sublinear_lr_liblinear_c1,c_10,c_10
4033,0,0,0,unchanged_correct,tfidf_12_sublinear_lr_liblinear_c1,c_10,c_10
4041,0,1,1,unchanged_error,tfidf_12_sublinear_lr_liblinear_c1,c_10,c_10
4043,0,1,1,unchanged_error,tfidf_12_sublinear_lr_liblinear_c1,c_10,c_10
4045,0,0,0,unchanged_correct,tfidf_12_sublinear_lr_liblinear_c1,c_10,c_10
4049,1,1,1,unchanged_correct,tfidf_12_sublinear_lr_liblinear_c1,c_10,c_10
4052,1,1,1,unchanged_correct,tfidf_12_sublinear_lr_liblinear_c1,c_10,c_10
4063,1,1,1,unchanged_correct,tfidf_12_sublinear_lr_liblinear_c1,c_10,c_10
4064,1,1,1,unchanged_correct,tfidf_12_sublinear_lr_liblinear_c1,c_10,c_10
4078,0,1,1,unchanged_error,tfidf_12_sublinear_lr_liblinear_c1,c_10,c_10
4083,0,1,1,unchanged_error,tfidf_12_sublinear_lr_liblinear_c1,c_10,c_10
4084,1,1,1,unchanged_correct,tfidf_12_sublinear_lr_liblinear_c1,c_10,c_10
4086,1,1,1,unchanged_correct,tfidf_12_sublinear_lr_liblinear_c1,c_10,c_10
4087,1,1,1,unchanged_correct,tfidf_12_sublinear_lr_liblinear_c1,c_10,c_10
4091,1,1,1,unchanged_correct,tfidf_12_sublinear_lr_liblinear_c1,c_10,c_10
4094,1,0,0,unchanged_error,tfidf_12_sublinear_lr_liblinear_c1,c_10,c_10
4104,1,1,1,unchanged_correct,tfidf_12_sublinear_lr_liblinear_c1,c_10,c_10
4111,1,1,1,unchanged_correct,tfidf_12_sublinear_lr_liblinear_c1,c_10,c_10
4127,0,1,1,unchanged_error,tfidf_12_sublinear_lr_liblinear_c1,c_10,c_10
4140,1,1,1,unchanged_correct,tfidf_12_sublinear_lr_liblinear_c1,c_10,c_10
4153,0,0,0,unchanged_correct,tfidf_12_sublinear_lr_liblinear_c1,c_10,c_10
4159,0,0,0,unchanged_correct,tfidf_12_sublinear_lr_liblinear_c1,c_10,c_10
4161,0,0,0,unchanged_correct,tfidf_12_sublinear_lr_liblinear_c1,c_10,c_10
4168,0,0,0,unchanged_correct,tfidf_12_sublinear_lr_liblinear_c1,c_10,c_10
4170,0,0,0,unchanged_correct,tfidf_12_sublinear_lr_liblinear_c1,c_10,c_10
4173,0,0,0,unchanged_correct,tfidf_12_sublinear_lr_liblinear_c1,c_10,c_10
4180,0,0,0,unchanged_correct,tfidf_12_sublinear_lr_liblinear_c1,c_10,c_10
4191,0,0,0,unchanged_correct,tfidf_12_sublinear_lr_liblinear_c1,c_10,c_10
4202,1,0,0,unchanged_error,tfidf_12_sublinear_lr_liblinear_c1,c_10,c_10
4219,0,0,0,unchanged_correct,tfidf_12_sublinear_lr_liblinear_c1,c_10,c_10
4230,0,0,0,unchanged_correct,tfidf_12_sublinear_lr_liblinear_c1,c_10,c_10
4232,0,0,0,unchanged_correct,tfidf_12_sublinear_lr_liblinear_c1,c_10,c_10
4239,0,0,0,unchanged_correct,tfidf_12_sublinear_lr_liblinear_c1,c_10,c_10
4243,1,1,1,unchanged_correct,tfidf_12_sublinear_lr_liblinear_c1,c_10,c_10
4246,0,0,0,unchanged_correct,tfidf_12_sublinear_lr_liblinear_c1,c_10,c_10
4262,0,1,1,unchanged_error,tfidf_12_sublinear_lr_liblinear_c1,c_10,c_10
4281,0,0,0,unchanged_correct,tfidf_12_sublinear_lr_liblinear_c1,c_10,c_10
4282,0,0,0,unchanged_correct,tfidf_12_sublinear_lr_liblinear_c1,c_10,c_10
4292,0,1,1,unchanged_error,tfidf_12_sublinear_lr_liblinear_c1,c_10,c_10
4293,0,1,1,unchanged_error,tfidf_12_sublinear_lr_liblinear_c1,c_10,c_10
4322,1,1,1,unchanged_correct,tfidf_12_sublinear_lr_liblinear_c1,c_10,c_10
4326,0,0,0,unchanged_correct,tfidf_12_sublinear_lr_liblinear_c1,c_10,c_10
4334,0,1,1,unchanged_error,tfidf_12_sublinear_lr_liblinear_c1,c_10,c_10
4343,1,1,1,unchanged_correct,tfidf_12_sublinear_lr_liblinear_c1,c_10,c_10
4345,0,0,0,unchanged_correct,tfidf_12_sublinear_lr_liblinear_c1,c_10,c_10
4358,1,1,1,unchanged_correct,tfidf_12_sublinear_lr_liblinear_c1,c_10,c_10
4363,1,1,1,unchanged_correct,tfidf_12_sublinear_lr_liblinear_c1,c_10,c_10
4365,1,1,1,unchanged_correct,tfidf_12_sublinear_lr_liblinear_c1,c_10,c_10
4373,1,1,1,unchanged_correct,tfidf_12_sublinear_lr_liblinear_c1,c_10,c_10
4376,1,1,1,unchanged_correct,tfidf_12_sublinear_lr_liblinear_c1,c_10,c_10
4382,1,1,1,unchanged_correct,tfidf_12_sublinear_lr_liblinear_c1,c_10,c_10
4397,1,0,1,fixed_fn,tfidf_12_sublinear_lr_liblinear_c1,c_10,c_10
4410,0,0,0,unchanged_correct,tfidf_12_sublinear_lr_liblinear_c1,c_10,c_10
4411,0,0,0,unchanged_correct,tfidf_12_sublinear_lr_liblinear_c1,c_10,c_10
4416,0,0,0,unchanged_correct,tfidf_12_sublinear_lr_liblinear_c1,c_10,c_10
4425,0,0,0,unchanged_correct,tfidf_12_sublinear_lr_liblinear_c1,c_10,c_10
4436,0,0,0,unchanged_correct,tfidf_12_sublinear_lr_liblinear_c1,c_10,c_10
4445,0,0,0,unchanged_correct,tfidf_12_sublinear_lr_liblinear_c1,c_10,c_10
4449,1,1,1,unchanged_correct,tfidf_12_sublinear_lr_liblinear_c1,c_10,c_10
4458,0,0,0,unchanged_correct,tfidf_12_sublinear_lr_liblinear_c1,c_10,c_10
4464,1,0,0,unchanged_error,tfidf_12_sublinear_lr_liblinear_c1,c_10,c_10
4476,1,0,0,unchanged_error,tfidf_12_sublinear_lr_liblinear_c1,c_10,c_10
4478,0,0,0,unchanged_correct,tfidf_12_sublinear_lr_liblinear_c1,c_10,c_10
4516,0,0,0,unchanged_correct,tfidf_12_sublinear_lr_liblinear_c1,c_10,c_10
4517,1,1,1,unchanged_correct,tfidf_12_sublinear_lr_liblinear_c1,c_10,c_10
4521,0,0,0,unchanged_correct,tfidf_12_sublinear_lr_liblinear_c1,c_10,c_10
4523,1,0,0,unchanged_error,tfidf_12_sublinear_lr_liblinear_c1,c_10,c_10
4526,1,0,0,unchanged_error,tfidf_12_sublinear_lr_liblinear_c1,c_10,c_10
4543,1,0,0,unchanged_error,tfidf_12_sublinear_lr_liblinear_c1,c_10,c_10
4562,1,1,1,unchanged_correct,tfidf_12_sublinear_lr_liblinear_c1,c_10,c_10
4575,1,1,1,unchanged_correct,tfidf_12_sublinear_lr_liblinear_c1,c_10,c_10
4597,1,1,1,unchanged_correct,tfidf_12_sublinear_lr_liblinear_c1,c_10,c_10
4598,0,0,0,unchanged_correct,tfidf_12_sublinear_lr_liblinear_c1,c_10,c_10
4619,0,0,0,unchanged_correct,tfidf_12_sublinear_lr_liblinear_c1,c_10,c_10
4625,0,0,0,unchanged_correct,tfidf_12_sublinear_lr_liblinear_c1,c_10,c_10
4631,0,0,0,unchanged_correct,tfidf_12_sublinear_lr_liblinear_c1,c_10,c_10
4632,1,1,1,unchanged_correct,tfidf_12_sublinear_lr_liblinear_c1,c_10,c_10
4635,0,0,0,unchanged_correct,tfidf_12_sublinear_lr_liblinear_c1,c_10,c_10
4639,0,0,0,unchanged_correct,tfidf_12_sublinear_lr_liblinear_c1,c_10,c_10
4658,1,1,1,unchanged_correct,tfidf_12_sublinear_lr_liblinear_c1,c_10,c_10
4666,0,1,1,unchanged_error,tfidf_12_sublinear_lr_liblinear_c1,c_10,c_10
4674,0,0,0,unchanged_correct,tfidf_12_sublinear_lr_liblinear_c1,c_10,c_10
4675,1,0,0,unchanged_error,tfidf_12_sublinear_lr_liblinear_c1,c_10,c_10
4682,1,1,1,unchanged_correct,tfidf_12_sublinear_lr_liblinear_c1,c_10,c_10
4691,0,1,1,unchanged_error,tfidf_12_sublinear_lr_liblinear_c1,c_10,c_10
4695,0,0,0,unchanged_correct,tfidf_12_sublinear_lr_liblinear_c1,c_10,c_10
4698,0,0,0,unchanged_correct,tfidf_12_sublinear_lr_liblinear_c1,c_10,c_10
4702,0,0,0,unchanged_correct,tfidf_12_sublinear_lr_liblinear_c1,c_10,c_10
4724,0,0,0,unchanged_correct,tfidf_12_sublinear_lr_liblinear_c1,c_10,c_10
4730,0,0,0,unchanged_correct,tfidf_12_sublinear_lr_liblinear_c1,c_10,c_10
4736,1,1,1,unchanged_correct,tfidf_12_sublinear_lr_liblinear_c1,c_10,c_10
4738,0,0,1,new_fp,tfidf_12_sublinear_lr_liblinear_c1,c_10,c_10
4744,0,0,0,unchanged_correct,tfidf_12_sublinear_lr_liblinear_c1,c_10,c_10
4745,1,1,1,unchanged_correct,tfidf_12_sublinear_lr_liblinear_c1,c_10,c_10
4747,1,0,1,fixed_fn,tfidf_12_sublinear_lr_liblinear_c1,c_10,c_10
4752,0,0,0,unchanged_correct,tfidf_12_sublinear_lr_liblinear_c1,c_10,c_10
4754,0,0,0,unchanged_correct,tfidf_12_sublinear_lr_liblinear_c1,c_10,c_10
4760,0,0,0,unchanged_correct,tfidf_12_sublinear_lr_liblinear_c1,c_10,c_10
4782,0,0,1,new_fp,tfidf_12_sublinear_lr_liblinear_c1,c_10,c_10
4785,1,1,1,unchanged_correct,tfidf_12_sublinear_lr_liblinear_c1,c_10,c_10
4789,1,1,1,unchanged_correct,tfidf_12_sublinear_lr_liblinear_c1,c_10,c_10
4793,1,1,1,unchanged_correct,tfidf_12_sublinear_lr_liblinear_c1,c_10,c_10
4794,1,0,0,unchanged_error,tfidf_12_sublinear_lr_liblinear_c1,c_10,c_10
4798,0,1,1,unchanged_error,tfidf_12_sublinear_lr_liblinear_c1,c_10,c_10
4799,1,1,1,unchanged_correct,tfidf_12_sublinear_lr_liblinear_c1,c_10,c_10
4802,1,1,1,unchanged_correct,tfidf_12_sublinear_lr_liblinear_c1,c_10,c_10
4803,1,0,0,unchanged_error,tfidf_12_sublinear_lr_liblinear_c1,c_10,c_10
4819,1,1,1,unchanged_correct,tfidf_12_sublinear_lr_liblinear_c1,c_10,c_10
4823,1,1,1,unchanged_correct,tfidf_12_sublinear_lr_liblinear_c1,c_10,c_10
4825,1,1,1,unchanged_correct,tfidf_12_sublinear_lr_liblinear_c1,c_10,c_10
4830,1,1,1,unchanged_correct,tfidf_12_sublinear_lr_liblinear_c1,c_10,c_10
4840,1,0,1,fixed_fn,tfidf_12_sublinear_lr_liblinear_c1,c_10,c_10
4853,1,1,1,unchanged_correct,tfidf_12_sublinear_lr_liblinear_c1,c_10,c_10
4864,0,0,0,unchanged_correct,tfidf_12_sublinear_lr_liblinear_c1,c_10,c_10
4874,0,0,0,unchanged_correct,tfidf_12_sublinear_lr_liblinear_c1,c_10,c_10
4875,0,0,0,unchanged_correct,tfidf_12_sublinear_lr_liblinear_c1,c_10,c_10
4882,1,0,0,unchanged_error,tfidf_12_sublinear_lr_liblinear_c1,c_10,c_10
4884,0,0,0,unchanged_correct,tfidf_12_sublinear_lr_liblinear_c1,c_10,c_10
4891,0,0,0,unchanged_correct,tfidf_12_sublinear_lr_liblinear_c1,c_10,c_10
4892,0,0,0,unchanged_correct,tfidf_12_sublinear_lr_liblinear_c1,c_10,c_10
4895,1,0,0,unchanged_error,tfidf_12_sublinear_lr_liblinear_c1,c_10,c_10
4905,0,0,0,unchanged_correct,tfidf_12_sublinear_lr_liblinear_c1,c_10,c_10
4906,0,0,0,unchanged_correct,tfidf_12_sublinear_lr_liblinear_c1,c_10,c_10
4912,0,0,0,unchanged_correct,tfidf_12_sublinear_lr_liblinear_c1,c_10,c_10
4915,1,0,1,fixed_fn,tfidf_12_sublinear_lr_liblinear_c1,c_10,c_10
4917,0,0,1,new_fp,tfidf_12_sublinear_lr_liblinear_c1,c_10,c_10
4918,1,0,0,unchanged_error,tfidf_12_sublinear_lr_liblinear_c1,c_10,c_10
4920,0,0,0,unchanged_correct,tfidf_12_sublinear_lr_liblinear_c1,c_10,c_10
4938,0,0,0,unchanged_correct,tfidf_12_sublinear_lr_liblinear_c1,c_10,c_10
4946,0,0,0,unchanged_correct,tfidf_12_sublinear_lr_liblinear_c1,c_10,c_10
4955,0,0,0,unchanged_correct,tfidf_12_sublinear_lr_liblinear_c1,c_10,c_10
4957,1,1,1,unchanged_correct,tfidf_12_sublinear_lr_liblinear_c1,c_10,c_10
4958,0,0,0,unchanged_correct,tfidf_12_sublinear_lr_liblinear_c1,c_10,c_10
4969,1,0,1,fixed_fn,tfidf_12_sublinear_lr_liblinear_c1,c_10,c_10
4971,0,0,0,unchanged_correct,tfidf_12_sublinear_lr_liblinear_c1,c_10,c_10
4972,1,0,0,unchanged_error,tfidf_12_sublinear_lr_liblinear_c1,c_10,c_10
4974,1,1,1,unchanged_correct,tfidf_12_sublinear_lr_liblinear_c1,c_10,c_10
4978,1,1,1,unchanged_correct,tfidf_12_sublinear_lr_liblinear_c1,c_10,c_10
4989,0,1,1,unchanged_error,tfidf_12_sublinear_lr_liblinear_c1,c_10,c_10
4998,1,1,1,unchanged_correct,tfidf_12_sublinear_lr_liblinear_c1,c_10,c_10
5010,0,0,1,new_fp,tfidf_12_sublinear_lr_liblinear_c1,c_10,c_10
5013,0,1,1,unchanged_error,tfidf_12_sublinear_lr_liblinear_c1,c_10,c_10
5028,0,0,0,unchanged_correct,tfidf_12_sublinear_lr_liblinear_c1,c_10,c_10
5029,0,0,0,unchanged_correct,tfidf_12_sublinear_lr_liblinear_c1,c_10,c_10
5041,0,1,1,unchanged_error,tfidf_12_sublinear_lr_liblinear_c1,c_10,c_10
5052,0,0,0,unchanged_correct,tfidf_12_sublinear_lr_liblinear_c1,c_10,c_10
5072,0,0,0,unchanged_correct,tfidf_12_sublinear_lr_liblinear_c1,c_10,c_10
5073,1,1,1,unchanged_correct,tfidf_12_sublinear_lr_liblinear_c1,c_10,c_10
5074,1,0,0,unchanged_error,tfidf_12_sublinear_lr_liblinear_c1,c_10,c_10
5083,1,1,1,unchanged_correct,tfidf_12_sublinear_lr_liblinear_c1,c_10,c_10
5087,1,1,1,unchanged_correct,tfidf_12_sublinear_lr_liblinear_c1,c_10,c_10
5092,1,1,1,unchanged_correct,tfidf_12_sublinear_lr_liblinear_c1,c_10,c_10
5102,1,1,1,unchanged_correct,tfidf_12_sublinear_lr_liblinear_c1,c_10,c_10
5126,0,1,1,unchanged_error,tfidf_12_sublinear_lr_liblinear_c1,c_10,c_10
5136,1,1,1,unchanged_correct,tfidf_12_sublinear_lr_liblinear_c1,c_10,c_10
5137,1,1,1,unchanged_correct,tfidf_12_sublinear_lr_liblinear_c1,c_10,c_10
5138,1,1,1,unchanged_correct,tfidf_12_sublinear_lr_liblinear_c1,c_10,c_10
5149,0,0,1,new_fp,tfidf_12_sublinear_lr_liblinear_c1,c_10,c_10
5152,1,1,1,unchanged_correct,tfidf_12_sublinear_lr_liblinear_c1,c_10,c_10
5154,1,1,1,unchanged_correct,tfidf_12_sublinear_lr_liblinear_c1,c_10,c_10
5157,1,1,1,unchanged_correct,tfidf_12_sublinear_lr_liblinear_c1,c_10,c_10
5159,1,1,1,unchanged_correct,tfidf_12_sublinear_lr_liblinear_c1,c_10,c_10
5165,0,0,0,unchanged_correct,tfidf_12_sublinear_lr_liblinear_c1,c_10,c_10
5168,1,0,0,unchanged_error,tfidf_12_sublinear_lr_liblinear_c1,c_10,c_10
5170,0,0,0,unchanged_correct,tfidf_12_sublinear_lr_liblinear_c1,c_10,c_10
5179,0,0,0,unchanged_correct,tfidf_12_sublinear_lr_liblinear_c1,c_10,c_10
5182,0,0,0,unchanged_correct,tfidf_12_sublinear_lr_liblinear_c1,c_10,c_10
5188,0,0,0,unchanged_correct,tfidf_12_sublinear_lr_liblinear_c1,c_10,c_10
5193,1,0,0,unchanged_error,tfidf_12_sublinear_lr_liblinear_c1,c_10,c_10
5198,0,1,1,unchanged_error,tfidf_12_sublinear_lr_liblinear_c1,c_10,c_10
5202,1,0,1,fixed_fn,tfidf_12_sublinear_lr_liblinear_c1,c_10,c_10
5206,1,1,1,unchanged_correct,tfidf_12_sublinear_lr_liblinear_c1,c_10,c_10
5208,1,1,1,unchanged_correct,tfidf_12_sublinear_lr_liblinear_c1,c_10,c_10
5211,0,1,1,unchanged_error,tfidf_12_sublinear_lr_liblinear_c1,c_10,c_10
5224,0,0,0,unchanged_correct,tfidf_12_sublinear_lr_liblinear_c1,c_10,c_10
5228,1,1,1,unchanged_correct,tfidf_12_sublinear_lr_liblinear_c1,c_10,c_10
5233,0,0,0,unchanged_correct,tfidf_12_sublinear_lr_liblinear_c1,c_10,c_10
5234,1,1,1,unchanged_correct,tfidf_12_sublinear_lr_liblinear_c1,c_10,c_10
5252,1,1,1,unchanged_correct,tfidf_12_sublinear_lr_liblinear_c1,c_10,c_10
5254,1,0,0,unchanged_error,tfidf_12_sublinear_lr_liblinear_c1,c_10,c_10
5259,0,0,0,unchanged_correct,tfidf_12_sublinear_lr_liblinear_c1,c_10,c_10
5271,0,0,0,unchanged_correct,tfidf_12_sublinear_lr_liblinear_c1,c_10,c_10
5283,1,1,1,unchanged_correct,tfidf_12_sublinear_lr_liblinear_c1,c_10,c_10
5292,0,0,0,unchanged_correct,tfidf_12_sublinear_lr_liblinear_c1,c_10,c_10
5295,0,0,1,new_fp,tfidf_12_sublinear_lr_liblinear_c1,c_10,c_10
5302,0,0,0,unchanged_correct,tfidf_12_sublinear_lr_liblinear_c1,c_10,c_10
5309,0,0,0,unchanged_correct,tfidf_12_sublinear_lr_liblinear_c1,c_10,c_10
5313,0,1,1,unchanged_error,tfidf_12_sublinear_lr_liblinear_c1,c_10,c_10
5316,0,1,1,unchanged_error,tfidf_12_sublinear_lr_liblinear_c1,c_10,c_10
5319,1,1,1,unchanged_correct,tfidf_12_sublinear_lr_liblinear_c1,c_10,c_10
5321,0,1,1,unchanged_error,tfidf_12_sublinear_lr_liblinear_c1,c_10,c_10
5326,0,1,1,unchanged_error,tfidf_12_sublinear_lr_liblinear_c1,c_10,c_10
5336,1,0,1,fixed_fn,tfidf_12_sublinear_lr_liblinear_c1,c_10,c_10
5342,0,0,0,unchanged_correct,tfidf_12_sublinear_lr_liblinear_c1,c_10,c_10
5345,1,1,1,unchanged_correct,tfidf_12_sublinear_lr_liblinear_c1,c_10,c_10
5347,0,0,0,unchanged_correct,tfidf_12_sublinear_lr_liblinear_c1,c_10,c_10
5355,0,0,1,new_fp,tfidf_12_sublinear_lr_liblinear_c1,c_10,c_10
5359,0,0,0,unchanged_correct,tfidf_12_sublinear_lr_liblinear_c1,c_10,c_10
5362,1,1,1,unchanged_correct,tfidf_12_sublinear_lr_liblinear_c1,c_10,c_10
5367,1,1,1,unchanged_correct,tfidf_12_sublinear_lr_liblinear_c1,c_10,c_10
5371,1,1,1,unchanged_correct,tfidf_12_sublinear_lr_liblinear_c1,c_10,c_10
5373,1,1,1,unchanged_correct,tfidf_12_sublinear_lr_liblinear_c1,c_10,c_10
5377,1,1,1,unchanged_correct,tfidf_12_sublinear_lr_liblinear_c1,c_10,c_10
5381,1,0,0,unchanged_error,tfidf_12_sublinear_lr_liblinear_c1,c_10,c_10
5382,1,1,1,unchanged_correct,tfidf_12_sublinear_lr_liblinear_c1,c_10,c_10
5386,1,1,1,unchanged_correct,tfidf_12_sublinear_lr_liblinear_c1,c_10,c_10
5392,0,1,1,unchanged_error,tfidf_12_sublinear_lr_liblinear_c1,c_10,c_10
5416,0,0,0,unchanged_correct,tfidf_12_sublinear_lr_liblinear_c1,c_10,c_10
5430,1,1,1,unchanged_correct,tfidf_12_sublinear_lr_liblinear_c1,c_10,c_10
5443,0,0,1,new_fp,tfidf_12_sublinear_lr_liblinear_c1,c_10,c_10
5446,0,1,1,unchanged_error,tfidf_12_sublinear_lr_liblinear_c1,c_10,c_10
5448,0,1,1,unchanged_error,tfidf_12_sublinear_lr_liblinear_c1,c_10,c_10
5449,0,1,1,unchanged_error,tfidf_12_sublinear_lr_liblinear_c1,c_10,c_10
5459,1,1,1,unchanged_correct,tfidf_12_sublinear_lr_liblinear_c1,c_10,c_10
5466,0,1,0,fixed_fp,tfidf_12_sublinear_lr_liblinear_c1,c_10,c_10
5475,0,0,0,unchanged_correct,tfidf_12_sublinear_lr_liblinear_c1,c_10,c_10
5481,0,0,0,unchanged_correct,tfidf_12_sublinear_lr_liblinear_c1,c_10,c_10
5487,1,0,1,fixed_fn,tfidf_12_sublinear_lr_liblinear_c1,c_10,c_10
5494,1,1,1,unchanged_correct,tfidf_12_sublinear_lr_liblinear_c1,c_10,c_10
5502,1,0,0,unchanged_error,tfidf_12_sublinear_lr_liblinear_c1,c_10,c_10
5503,1,1,1,unchanged_correct,tfidf_12_sublinear_lr_liblinear_c1,c_10,c_10
5515,0,0,0,unchanged_correct,tfidf_12_sublinear_lr_liblinear_c1,c_10,c_10
5531,0,0,0,unchanged_correct,tfidf_12_sublinear_lr_liblinear_c1,c_10,c_10
5532,1,0,0,unchanged_error,tfidf_12_sublinear_lr_liblinear_c1,c_10,c_10
5539,0,0,0,unchanged_correct,tfidf_12_sublinear_lr_liblinear_c1,c_10,c_10
5545,0,0,0,unchanged_correct,tfidf_12_sublinear_lr_liblinear_c1,c_10,c_10
5563,1,1,1,unchanged_correct,tfidf_12_sublinear_lr_liblinear_c1,c_10,c_10
5567,1,1,1,unchanged_correct,tfidf_12_sublinear_lr_liblinear_c1,c_10,c_10
5569,1,1,1,unchanged_correct,tfidf_12_sublinear_lr_liblinear_c1,c_10,c_10
5576,1,0,0,unchanged_error,tfidf_12_sublinear_lr_liblinear_c1,c_10,c_10
5578,0,0,0,unchanged_correct,tfidf_12_sublinear_lr_liblinear_c1,c_10,c_10
5582,0,0,0,unchanged_correct,tfidf_12_sublinear_lr_liblinear_c1,c_10,c_10
5603,0,0,0,unchanged_correct,tfidf_12_sublinear_lr_liblinear_c1,c_10,c_10
5614,0,0,0,unchanged_correct,tfidf_12_sublinear_lr_liblinear_c1,c_10,c_10
5632,1,1,1,unchanged_correct,tfidf_12_sublinear_lr_liblinear_c1,c_10,c_10
5634,0,0,0,unchanged_correct,tfidf_12_sublinear_lr_liblinear_c1,c_10,c_10
5646,1,1,1,unchanged_correct,tfidf_12_sublinear_lr_liblinear_c1,c_10,c_10
5647,0,0,0,unchanged_correct,tfidf_12_sublinear_lr_liblinear_c1,c_10,c_10
5657,1,1,1,unchanged_correct,tfidf_12_sublinear_lr_liblinear_c1,c_10,c_10
5659,0,0,0,unchanged_correct,tfidf_12_sublinear_lr_liblinear_c1,c_10,c_10
5662,1,0,0,unchanged_error,tfidf_12_sublinear_lr_liblinear_c1,c_10,c_10
5663,1,1,1,unchanged_correct,tfidf_12_sublinear_lr_liblinear_c1,c_10,c_10
5664,1,1,1,unchanged_correct,tfidf_12_sublinear_lr_liblinear_c1,c_10,c_10
5668,1,0,0,unchanged_error,tfidf_12_sublinear_lr_liblinear_c1,c_10,c_10
5676,1,1,1,unchanged_correct,tfidf_12_sublinear_lr_liblinear_c1,c_10,c_10
5685,1,0,0,unchanged_error,tfidf_12_sublinear_lr_liblinear_c1,c_10,c_10
5686,1,1,1,unchanged_correct,tfidf_12_sublinear_lr_liblinear_c1,c_10,c_10
5694,1,0,1,fixed_fn,tfidf_12_sublinear_lr_liblinear_c1,c_10,c_10
5705,1,0,0,unchanged_error,tfidf_12_sublinear_lr_liblinear_c1,c_10,c_10
5715,1,1,1,unchanged_correct,tfidf_12_sublinear_lr_liblinear_c1,c_10,c_10
5734,0,0,0,unchanged_correct,tfidf_12_sublinear_lr_liblinear_c1,c_10,c_10
5744,1,1,1,unchanged_correct,tfidf_12_sublinear_lr_liblinear_c1,c_10,c_10
5748,0,0,0,unchanged_correct,tfidf_12_sublinear_lr_liblinear_c1,c_10,c_10
5752,1,1,1,unchanged_correct,tfidf_12_sublinear_lr_liblinear_c1,c_10,c_10
5760,0,1,1,unchanged_error,tfidf_12_sublinear_lr_liblinear_c1,c_10,c_10
5777,1,1,1,unchanged_correct,tfidf_12_sublinear_lr_liblinear_c1,c_10,c_10
5789,1,1,1,unchanged_correct,tfidf_12_sublinear_lr_liblinear_c1,c_10,c_10
5798,0,0,0,unchanged_correct,tfidf_12_sublinear_lr_liblinear_c1,c_10,c_10
5804,0,0,0,unchanged_correct,tfidf_12_sublinear_lr_liblinear_c1,c_10,c_10
5807,0,0,0,unchanged_correct,tfidf_12_sublinear_lr_liblinear_c1,c_10,c_10
5814,0,0,0,unchanged_correct,tfidf_12_sublinear_lr_liblinear_c1,c_10,c_10
5827,0,0,1,new_fp,tfidf_12_sublinear_lr_liblinear_c1,c_10,c_10
5837,0,1,1,unchanged_error,tfidf_12_sublinear_lr_liblinear_c1,c_10,c_10
5863,1,1,1,unchanged_correct,tfidf_12_sublinear_lr_liblinear_c1,c_10,c_10
5867,0,0,0,unchanged_correct,tfidf_12_sublinear_lr_liblinear_c1,c_10,c_10
5868,1,1,1,unchanged_correct,tfidf_12_sublinear_lr_liblinear_c1,c_10,c_10
5869,0,0,0,unchanged_correct,tfidf_12_sublinear_lr_liblinear_c1,c_10,c_10
5903,1,0,0,unchanged_error,tfidf_12_sublinear_lr_liblinear_c1,c_10,c_10
5909,0,0,0,unchanged_correct,tfidf_12_sublinear_lr_liblinear_c1,c_10,c_10
5932,0,0,0,unchanged_correct,tfidf_12_sublinear_lr_liblinear_c1,c_10,c_10
5938,0,0,0,unchanged_correct,tfidf_12_sublinear_lr_liblinear_c1,c_10,c_10
5942,0,0,0,unchanged_correct,tfidf_12_sublinear_lr_liblinear_c1,c_10,c_10
5950,1,1,1,unchanged_correct,tfidf_12_sublinear_lr_liblinear_c1,c_10,c_10
5954,0,0,0,unchanged_correct,tfidf_12_sublinear_lr_liblinear_c1,c_10,c_10
5955,1,0,0,unchanged_error,tfidf_12_sublinear_lr_liblinear_c1,c_10,c_10
5959,0,1,1,unchanged_error,tfidf_12_sublinear_lr_liblinear_c1,c_10,c_10
5980,0,0,0,unchanged_correct,tfidf_12_sublinear_lr_liblinear_c1,c_10,c_10
5992,1,1,1,unchanged_correct,tfidf_12_sublinear_lr_liblinear_c1,c_10,c_10
6000,1,1,0,new_fn,tfidf_12_sublinear_lr_liblinear_c1,c_10,c_10
6022,0,0,1,new_fp,tfidf_12_sublinear_lr_liblinear_c1,c_10,c_10
6023,1,0,0,unchanged_error,tfidf_12_sublinear_lr_liblinear_c1,c_10,c_10
6032,1,0,0,unchanged_error,tfidf_12_sublinear_lr_liblinear_c1,c_10,c_10
6038,1,1,1,unchanged_correct,tfidf_12_sublinear_lr_liblinear_c1,c_10,c_10
6060,1,0,0,unchanged_error,tfidf_12_sublinear_lr_liblinear_c1,c_10,c_10
6061,1,0,0,unchanged_error,tfidf_12_sublinear_lr_liblinear_c1,c_10,c_10
6083,0,0,0,unchanged_correct,tfidf_12_sublinear_lr_liblinear_c1,c_10,c_10
6085,0,1,1,unchanged_error,tfidf_12_sublinear_lr_liblinear_c1,c_10,c_10
6091,0,0,0,unchanged_correct,tfidf_12_sublinear_lr_liblinear_c1,c_10,c_10
6093,0,0,0,unchanged_correct,tfidf_12_sublinear_lr_liblinear_c1,c_10,c_10
6103,0,0,0,unchanged_correct,tfidf_12_sublinear_lr_liblinear_c1,c_10,c_10
6110,0,0,0,unchanged_correct,tfidf_12_sublinear_lr_liblinear_c1,c_10,c_10
6112,1,0,0,unchanged_error,tfidf_12_sublinear_lr_liblinear_c1,c_10,c_10
6115,0,0,0,unchanged_correct,tfidf_12_sublinear_lr_liblinear_c1,c_10,c_10
6119,0,0,0,unchanged_correct,tfidf_12_sublinear_lr_liblinear_c1,c_10,c_10
6120,1,0,0,unchanged_error,tfidf_12_sublinear_lr_liblinear_c1,c_10,c_10
6132,1,0,0,unchanged_error,tfidf_12_sublinear_lr_liblinear_c1,c_10,c_10
6134,1,0,0,unchanged_error,tfidf_12_sublinear_lr_liblinear_c1,c_10,c_10
6152,1,0,0,unchanged_error,tfidf_12_sublinear_lr_liblinear_c1,c_10,c_10
6156,1,1,1,unchanged_correct,tfidf_12_sublinear_lr_liblinear_c1,c_10,c_10
6163,0,0,0,unchanged_correct,tfidf_12_sublinear_lr_liblinear_c1,c_10,c_10
6165,1,0,0,unchanged_error,tfidf_12_sublinear_lr_liblinear_c1,c_10,c_10
6169,0,1,1,unchanged_error,tfidf_12_sublinear_lr_liblinear_c1,c_10,c_10
6170,1,1,1,unchanged_correct,tfidf_12_sublinear_lr_liblinear_c1,c_10,c_10
6171,1,1,1,unchanged_correct,tfidf_12_sublinear_lr_liblinear_c1,c_10,c_10
6181,1,0,0,unchanged_error,tfidf_12_sublinear_lr_liblinear_c1,c_10,c_10
6196,1,1,1,unchanged_correct,tfidf_12_sublinear_lr_liblinear_c1,c_10,c_10
6211,0,1,1,unchanged_error,tfidf_12_sublinear_lr_liblinear_c1,c_10,c_10
6220,0,1,1,unchanged_error,tfidf_12_sublinear_lr_liblinear_c1,c_10,c_10
6223,1,1,1,unchanged_correct,tfidf_12_sublinear_lr_liblinear_c1,c_10,c_10
6232,0,1,1,unchanged_error,tfidf_12_sublinear_lr_liblinear_c1,c_10,c_10
6241,0,0,0,unchanged_correct,tfidf_12_sublinear_lr_liblinear_c1,c_10,c_10
6269,1,1,1,unchanged_correct,tfidf_12_sublinear_lr_liblinear_c1,c_10,c_10
6278,1,1,1,unchanged_correct,tfidf_12_sublinear_lr_liblinear_c1,c_10,c_10
6299,1,1,1,unchanged_correct,tfidf_12_sublinear_lr_liblinear_c1,c_10,c_10
6303,1,1,1,unchanged_correct,tfidf_12_sublinear_lr_liblinear_c1,c_10,c_10
6305,0,0,0,unchanged_correct,tfidf_12_sublinear_lr_liblinear_c1,c_10,c_10
6314,1,1,1,unchanged_correct,tfidf_12_sublinear_lr_liblinear_c1,c_10,c_10
6315,1,0,0,unchanged_error,tfidf_12_sublinear_lr_liblinear_c1,c_10,c_10
6318,0,0,0,unchanged_correct,tfidf_12_sublinear_lr_liblinear_c1,c_10,c_10
6328,1,0,0,unchanged_error,tfidf_12_sublinear_lr_liblinear_c1,c_10,c_10
6332,0,0,0,unchanged_correct,tfidf_12_sublinear_lr_liblinear_c1,c_10,c_10
6334,0,0,0,unchanged_correct,tfidf_12_sublinear_lr_liblinear_c1,c_10,c_10
6346,0,0,0,unchanged_correct,tfidf_12_sublinear_lr_liblinear_c1,c_10,c_10
6365,1,1,1,unchanged_correct,tfidf_12_sublinear_lr_liblinear_c1,c_10,c_10
6383,1,1,1,unchanged_correct,tfidf_12_sublinear_lr_liblinear_c1,c_10,c_10
6388,1,1,1,unchanged_correct,tfidf_12_sublinear_lr_liblinear_c1,c_10,c_10
6393,0,0,0,unchanged_correct,tfidf_12_sublinear_lr_liblinear_c1,c_10,c_10
6399,0,0,0,unchanged_correct,tfidf_12_sublinear_lr_liblinear_c1,c_10,c_10
6400,1,1,1,unchanged_correct,tfidf_12_sublinear_lr_liblinear_c1,c_10,c_10
6410,0,0,0,unchanged_correct,tfidf_12_sublinear_lr_liblinear_c1,c_10,c_10
6421,1,1,1,unchanged_correct,tfidf_12_sublinear_lr_liblinear_c1,c_10,c_10
6434,1,0,1,fixed_fn,tfidf_12_sublinear_lr_liblinear_c1,c_10,c_10
6436,1,1,1,unchanged_correct,tfidf_12_sublinear_lr_liblinear_c1,c_10,c_10
6458,1,1,1,unchanged_correct,tfidf_12_sublinear_lr_liblinear_c1,c_10,c_10
6459,0,0,0,unchanged_correct,tfidf_12_sublinear_lr_liblinear_c1,c_10,c_10
6461,1,0,0,unchanged_error,tfidf_12_sublinear_lr_liblinear_c1,c_10,c_10
6464,1,1,1,unchanged_correct,tfidf_12_sublinear_lr_liblinear_c1,c_10,c_10
6497,0,0,0,unchanged_correct,tfidf_12_sublinear_lr_liblinear_c1,c_10,c_10
6504,0,0,0,unchanged_correct,tfidf_12_sublinear_lr_liblinear_c1,c_10,c_10
6515,0,0,1,new_fp,tfidf_12_sublinear_lr_liblinear_c1,c_10,c_10
6518,0,0,0,unchanged_correct,tfidf_12_sublinear_lr_liblinear_c1,c_10,c_10
6529,0,0,0,unchanged_correct,tfidf_12_sublinear_lr_liblinear_c1,c_10,c_10
6561,0,1,1,unchanged_error,tfidf_12_sublinear_lr_liblinear_c1,c_10,c_10
6565,0,1,1,unchanged_error,tfidf_12_sublinear_lr_liblinear_c1,c_10,c_10
6573,0,0,0,unchanged_correct,tfidf_12_sublinear_lr_liblinear_c1,c_10,c_10
6575,0,0,0,unchanged_correct,tfidf_12_sublinear_lr_liblinear_c1,c_10,c_10
6583,0,1,1,unchanged_error,tfidf_12_sublinear_lr_liblinear_c1,c_10,c_10
6585,0,0,0,unchanged_correct,tfidf_12_sublinear_lr_liblinear_c1,c_10,c_10
6593,1,0,0,unchanged_error,tfidf_12_sublinear_lr_liblinear_c1,c_10,c_10
6596,0,0,0,unchanged_correct,tfidf_12_sublinear_lr_liblinear_c1,c_10,c_10
6597,0,0,0,unchanged_correct,tfidf_12_sublinear_lr_liblinear_c1,c_10,c_10
6604,0,0,0,unchanged_correct,tfidf_12_sublinear_lr_liblinear_c1,c_10,c_10
6625,0,0,0,unchanged_correct,tfidf_12_sublinear_lr_liblinear_c1,c_10,c_10
6636,0,0,0,unchanged_correct,tfidf_12_sublinear_lr_liblinear_c1,c_10,c_10
6637,0,0,0,unchanged_correct,tfidf_12_sublinear_lr_liblinear_c1,c_10,c_10
6642,1,1,1,unchanged_correct,tfidf_12_sublinear_lr_liblinear_c1,c_10,c_10
6646,0,0,0,unchanged_correct,tfidf_12_sublinear_lr_liblinear_c1,c_10,c_10
6647,0,0,0,unchanged_correct,tfidf_12_sublinear_lr_liblinear_c1,c_10,c_10
6654,1,0,0,unchanged_error,tfidf_12_sublinear_lr_liblinear_c1,c_10,c_10
6663,1,1,0,new_fn,tfidf_12_sublinear_lr_liblinear_c1,c_10,c_10
6669,1,0,0,unchanged_error,tfidf_12_sublinear_lr_liblinear_c1,c_10,c_10
6670,0,1,1,unchanged_error,tfidf_12_sublinear_lr_liblinear_c1,c_10,c_10
6675,1,1,1,unchanged_correct,tfidf_12_sublinear_lr_liblinear_c1,c_10,c_10
6697,0,0,0,unchanged_correct,tfidf_12_sublinear_lr_liblinear_c1,c_10,c_10
6699,0,0,0,unchanged_correct,tfidf_12_sublinear_lr_liblinear_c1,c_10,c_10
6721,0,0,0,unchanged_correct,tfidf_12_sublinear_lr_liblinear_c1,c_10,c_10
6722,0,0,0,unchanged_correct,tfidf_12_sublinear_lr_liblinear_c1,c_10,c_10
6725,0,0,0,unchanged_correct,tfidf_12_sublinear_lr_liblinear_c1,c_10,c_10
6727,0,0,0,unchanged_correct,tfidf_12_sublinear_lr_liblinear_c1,c_10,c_10
6737,0,0,0,unchanged_correct,tfidf_12_sublinear_lr_liblinear_c1,c_10,c_10
6748,0,0,0,unchanged_correct,tfidf_12_sublinear_lr_liblinear_c1,c_10,c_10
6749,1,1,1,unchanged_correct,tfidf_12_sublinear_lr_liblinear_c1,c_10,c_10
6764,1,0,0,unchanged_error,tfidf_12_sublinear_lr_liblinear_c1,c_10,c_10
6783,0,0,0,unchanged_correct,tfidf_12_sublinear_lr_liblinear_c1,c_10,c_10
6792,0,0,0,unchanged_correct,tfidf_12_sublinear_lr_liblinear_c1,c_10,c_10
6794,0,1,0,fixed_fp,tfidf_12_sublinear_lr_liblinear_c1,c_10,c_10
6795,1,0,0,unchanged_error,tfidf_12_sublinear_lr_liblinear_c1,c_10,c_10
6800,0,0,0,unchanged_correct,tfidf_12_sublinear_lr_liblinear_c1,c_10,c_10
6806,1,0,0,unchanged_error,tfidf_12_sublinear_lr_liblinear_c1,c_10,c_10
6810,0,0,0,unchanged_correct,tfidf_12_sublinear_lr_liblinear_c1,c_10,c_10
6811,0,0,0,unchanged_correct,tfidf_12_sublinear_lr_liblinear_c1,c_10,c_10
6813,1,0,0,unchanged_error,tfidf_12_sublinear_lr_liblinear_c1,c_10,c_10
6820,0,0,0,unchanged_correct,tfidf_12_sublinear_lr_liblinear_c1,c_10,c_10
6828,1,0,0,unchanged_error,tfidf_12_sublinear_lr_liblinear_c1,c_10,c_10
6841,0,0,0,unchanged_correct,tfidf_12_sublinear_lr_liblinear_c1,c_10,c_10
6880,1,1,1,unchanged_correct,tfidf_12_sublinear_lr_liblinear_c1,c_10,c_10
6884,1,1,1,unchanged_correct,tfidf_12_sublinear_lr_liblinear_c1,c_10,c_10
6900,0,1,1,unchanged_error,tfidf_12_sublinear_lr_liblinear_c1,c_10,c_10
6914,0,1,1,unchanged_error,tfidf_12_sublinear_lr_liblinear_c1,c_10,c_10
6917,0,0,0,unchanged_correct,tfidf_12_sublinear_lr_liblinear_c1,c_10,c_10
6926,0,0,0,unchanged_correct,tfidf_12_sublinear_lr_liblinear_c1,c_10,c_10
6928,0,0,0,unchanged_correct,tfidf_12_sublinear_lr_liblinear_c1,c_10,c_10
6950,1,1,1,unchanged_correct,tfidf_12_sublinear_lr_liblinear_c1,c_10,c_10
6955,1,1,1,unchanged_correct,tfidf_12_sublinear_lr_liblinear_c1,c_10,c_10
6962,0,0,0,unchanged_correct,tfidf_12_sublinear_lr_liblinear_c1,c_10,c_10
6966,1,1,1,unchanged_correct,tfidf_12_sublinear_lr_liblinear_c1,c_10,c_10
6967,1,0,1,fixed_fn,tfidf_12_sublinear_lr_liblinear_c1,c_10,c_10
6975,1,1,1,unchanged_correct,tfidf_12_sublinear_lr_liblinear_c1,c_10,c_10
6978,1,0,0,unchanged_error,tfidf_12_sublinear_lr_liblinear_c1,c_10,c_10
6979,0,1,0,fixed_fp,tfidf_12_sublinear_lr_liblinear_c1,c_10,c_10
6981,1,1,1,unchanged_correct,tfidf_12_sublinear_lr_liblinear_c1,c_10,c_10
6985,1,1,1,unchanged_correct,tfidf_12_sublinear_lr_liblinear_c1,c_10,c_10
6994,0,0,0,unchanged_correct,tfidf_12_sublinear_lr_liblinear_c1,c_10,c_10
6998,0,0,0,unchanged_correct,tfidf_12_sublinear_lr_liblinear_c1,c_10,c_10
6999,0,0,0,unchanged_correct,tfidf_12_sublinear_lr_liblinear_c1,c_10,c_10
7019,0,0,0,unchanged_correct,tfidf_12_sublinear_lr_liblinear_c1,c_10,c_10
7025,0,0,0,unchanged_correct,tfidf_12_sublinear_lr_liblinear_c1,c_10,c_10
7026,0,0,0,unchanged_correct,tfidf_12_sublinear_lr_liblinear_c1,c_10,c_10
7030,0,0,0,unchanged_correct,tfidf_12_sublinear_lr_liblinear_c1,c_10,c_10
7046,0,0,0,unchanged_correct,tfidf_12_sublinear_lr_liblinear_c1,c_10,c_10
7047,0,0,0,unchanged_correct,tfidf_12_sublinear_lr_liblinear_c1,c_10,c_10
7054,0,0,0,unchanged_correct,tfidf_12_sublinear_lr_liblinear_c1,c_10,c_10
7061,0,1,1,unchanged_error,tfidf_12_sublinear_lr_liblinear_c1,c_10,c_10
7065,0,0,0,unchanged_correct,tfidf_12_sublinear_lr_liblinear_c1,c_10,c_10
7071,0,0,0,unchanged_correct,tfidf_12_sublinear_lr_liblinear_c1,c_10,c_10
7081,0,0,0,unchanged_correct,tfidf_12_sublinear_lr_liblinear_c1,c_10,c_10
7088,0,0,0,unchanged_correct,tfidf_12_sublinear_lr_liblinear_c1,c_10,c_10
7112,0,1,1,unchanged_error,tfidf_12_sublinear_lr_liblinear_c1,c_10,c_10
7116,0,0,0,unchanged_correct,tfidf_12_sublinear_lr_liblinear_c1,c_10,c_10
7138,0,0,0,unchanged_correct,tfidf_12_sublinear_lr_liblinear_c1,c_10,c_10
7141,0,1,1,unchanged_error,tfidf_12_sublinear_lr_liblinear_c1,c_10,c_10
7147,1,0,0,unchanged_error,tfidf_12_sublinear_lr_liblinear_c1,c_10,c_10
7164,0,0,0,unchanged_correct,tfidf_12_sublinear_lr_liblinear_c1,c_10,c_10
7173,1,0,1,fixed_fn,tfidf_12_sublinear_lr_liblinear_c1,c_10,c_10
7178,0,0,0,unchanged_correct,tfidf_12_sublinear_lr_liblinear_c1,c_10,c_10
7187,0,0,1,new_fp,tfidf_12_sublinear_lr_liblinear_c1,c_10,c_10
7193,1,0,1,fixed_fn,tfidf_12_sublinear_lr_liblinear_c1,c_10,c_10
7194,0,0,0,unchanged_correct,tfidf_12_sublinear_lr_liblinear_c1,c_10,c_10
7206,1,1,1,unchanged_correct,tfidf_12_sublinear_lr_liblinear_c1,c_10,c_10
7214,0,0,1,new_fp,tfidf_12_sublinear_lr_liblinear_c1,c_10,c_10
7215,1,1,1,unchanged_correct,tfidf_12_sublinear_lr_liblinear_c1,c_10,c_10
7223,1,0,0,unchanged_error,tfidf_12_sublinear_lr_liblinear_c1,c_10,c_10
7224,1,1,1,unchanged_correct,tfidf_12_sublinear_lr_liblinear_c1,c_10,c_10
7226,1,0,0,unchanged_error,tfidf_12_sublinear_lr_liblinear_c1,c_10,c_10
7256,1,0,0,unchanged_error,tfidf_12_sublinear_lr_liblinear_c1,c_10,c_10
7260,1,1,1,unchanged_correct,tfidf_12_sublinear_lr_liblinear_c1,c_10,c_10
7261,1,1,1,unchanged_correct,tfidf_12_sublinear_lr_liblinear_c1,c_10,c_10
7267,1,1,1,unchanged_correct,tfidf_12_sublinear_lr_liblinear_c1,c_10,c_10
7268,1,1,1,unchanged_correct,tfidf_12_sublinear_lr_liblinear_c1,c_10,c_10
7270,1,1,1,unchanged_correct,tfidf_12_sublinear_lr_liblinear_c1,c_10,c_10
7312,1,0,0,unchanged_error,tfidf_12_sublinear_lr_liblinear_c1,c_10,c_10
7318,1,1,1,unchanged_correct,tfidf_12_sublinear_lr_liblinear_c1,c_10,c_10
7320,0,0,0,unchanged_correct,tfidf_12_sublinear_lr_liblinear_c1,c_10,c_10
7331,0,0,0,unchanged_correct,tfidf_12_sublinear_lr_liblinear_c1,c_10,c_10
7332,0,0,0,unchanged_correct,tfidf_12_sublinear_lr_liblinear_c1,c_10,c_10
7350,0,0,0,unchanged_correct,tfidf_12_sublinear_lr_liblinear_c1,c_10,c_10
7356,1,0,0,unchanged_error,tfidf_12_sublinear_lr_liblinear_c1,c_10,c_10
7359,0,0,0,unchanged_correct,tfidf_12_sublinear_lr_liblinear_c1,c_10,c_10
7361,1,0,0,unchanged_error,tfidf_12_sublinear_lr_liblinear_c1,c_10,c_10
7373,0,0,0,unchanged_correct,tfidf_12_sublinear_lr_liblinear_c1,c_10,c_10
7377,1,0,0,unchanged_error,tfidf_12_sublinear_lr_liblinear_c1,c_10,c_10
7378,0,0,0,unchanged_correct,tfidf_12_sublinear_lr_liblinear_c1,c_10,c_10
7390,0,0,0,unchanged_correct,tfidf_12_sublinear_lr_liblinear_c1,c_10,c_10
7397,0,0,0,unchanged_correct,tfidf_12_sublinear_lr_liblinear_c1,c_10,c_10
7402,0,0,0,unchanged_correct,tfidf_12_sublinear_lr_liblinear_c1,c_10,c_10
7418,0,0,0,unchanged_correct,tfidf_12_sublinear_lr_liblinear_c1,c_10,c_10
7419,0,0,0,unchanged_correct,tfidf_12_sublinear_lr_liblinear_c1,c_10,c_10
7433,0,0,0,unchanged_correct,tfidf_12_sublinear_lr_liblinear_c1,c_10,c_10
7452,0,0,0,unchanged_correct,tfidf_12_sublinear_lr_liblinear_c1,c_10,c_10
7463,1,0,0,unchanged_error,tfidf_12_sublinear_lr_liblinear_c1,c_10,c_10
7473,0,0,0,unchanged_correct,tfidf_12_sublinear_lr_liblinear_c1,c_10,c_10
7477,0,0,0,unchanged_correct,tfidf_12_sublinear_lr_liblinear_c1,c_10,c_10
7480,0,0,0,unchanged_correct,tfidf_12_sublinear_lr_liblinear_c1,c_10,c_10
7507,1,1,1,unchanged_correct,tfidf_12_sublinear_lr_liblinear_c1,c_10,c_10
7510,1,1,1,unchanged_correct,tfidf_12_sublinear_lr_liblinear_c1,c_10,c_10
7513,1,1,1,unchanged_correct,tfidf_12_sublinear_lr_liblinear_c1,c_10,c_10
7517,1,1,1,unchanged_correct,tfidf_12_sublinear_lr_liblinear_c1,c_10,c_10
7520,1,1,1,unchanged_correct,tfidf_12_sublinear_lr_liblinear_c1,c_10,c_10
7530,1,1,1,unchanged_correct,tfidf_12_sublinear_lr_liblinear_c1,c_10,c_10
7535,1,1,1,unchanged_correct,tfidf_12_sublinear_lr_liblinear_c1,c_10,c_10
7554,1,1,1,unchanged_correct,tfidf_12_sublinear_lr_liblinear_c1,c_10,c_10
7560,1,1,1,unchanged_correct,tfidf_12_sublinear_lr_liblinear_c1,c_10,c_10
7570,1,1,1,unchanged_correct,tfidf_12_sublinear_lr_liblinear_c1,c_10,c_10
7577,1,1,1,unchanged_correct,tfidf_12_sublinear_lr_liblinear_c1,c_10,c_10
7587,1,1,1,unchanged_correct,tfidf_12_sublinear_lr_liblinear_c1,c_10,c_10
7589,1,1,1,unchanged_correct,tfidf_12_sublinear_lr_liblinear_c1,c_10,c_10
7593,1,1,1,unchanged_correct,tfidf_12_sublinear_lr_liblinear_c1,c_10,c_10
7600,0,1,0,fixed_fp,tfidf_12_sublinear_lr_liblinear_c1,c_10,c_10
7609,0,0,0,unchanged_correct,tfidf_12_sublinear_lr_liblinear_c1,c_10,c_10
7613,1,0,0,unchanged_error,tfidf_12_sublinear_lr_liblinear_c1,c_10,c_10
7648,0,0,0,unchanged_correct,tfidf_12_sublinear_lr_liblinear_c1,c_10,c_10
7657,0,0,0,unchanged_correct,tfidf_12_sublinear_lr_liblinear_c1,c_10,c_10
7668,0,0,0,unchanged_correct,tfidf_12_sublinear_lr_liblinear_c1,c_10,c_10
7678,0,0,0,unchanged_correct,tfidf_12_sublinear_lr_liblinear_c1,c_10,c_10
7679,0,0,0,unchanged_correct,tfidf_12_sublinear_lr_liblinear_c1,c_10,c_10
7680,0,0,0,unchanged_correct,tfidf_12_sublinear_lr_liblinear_c1,c_10,c_10
7683,0,0,0,unchanged_correct,tfidf_12_sublinear_lr_liblinear_c1,c_10,c_10
7686,0,0,0,unchanged_correct,tfidf_12_sublinear_lr_liblinear_c1,c_10,c_10
7691,0,0,0,unchanged_correct,tfidf_12_sublinear_lr_liblinear_c1,c_10,c_10
7703,0,0,0,unchanged_correct,tfidf_12_sublinear_lr_liblinear_c1,c_10,c_10
7714,0,0,0,unchanged_correct,tfidf_12_sublinear_lr_liblinear_c1,c_10,c_10
7719,0,0,0,unchanged_correct,tfidf_12_sublinear_lr_liblinear_c1,c_10,c_10
7721,0,0,0,unchanged_correct,tfidf_12_sublinear_lr_liblinear_c1,c_10,c_10
7725,0,0,0,unchanged_correct,tfidf_12_sublinear_lr_liblinear_c1,c_10,c_10
7731,0,0,0,unchanged_correct,tfidf_12_sublinear_lr_liblinear_c1,c_10,c_10
7733,0,0,0,unchanged_correct,tfidf_12_sublinear_lr_liblinear_c1,c_10,c_10
7736,0,0,0,unchanged_correct,tfidf_12_sublinear_lr_liblinear_c1,c_10,c_10
7748,1,1,1,unchanged_correct,tfidf_12_sublinear_lr_liblinear_c1,c_10,c_10
7752,1,1,1,unchanged_correct,tfidf_12_sublinear_lr_liblinear_c1,c_10,c_10
7754,0,1,1,unchanged_error,tfidf_12_sublinear_lr_liblinear_c1,c_10,c_10
7758,0,1,1,unchanged_error,tfidf_12_sublinear_lr_liblinear_c1,c_10,c_10
7760,1,1,1,unchanged_correct,tfidf_12_sublinear_lr_liblinear_c1,c_10,c_10
7763,0,0,0,unchanged_correct,tfidf_12_sublinear_lr_liblinear_c1,c_10,c_10
7772,1,1,1,unchanged_correct,tfidf_12_sublinear_lr_liblinear_c1,c_10,c_10
7784,1,1,1,unchanged_correct,tfidf_12_sublinear_lr_liblinear_c1,c_10,c_10
7793,0,1,1,unchanged_error,tfidf_12_sublinear_lr_liblinear_c1,c_10,c_10
7801,1,0,0,unchanged_error,tfidf_12_sublinear_lr_liblinear_c1,c_10,c_10
7803,0,0,0,unchanged_correct,tfidf_12_sublinear_lr_liblinear_c1,c_10,c_10
7804,1,0,0,unchanged_error,tfidf_12_sublinear_lr_liblinear_c1,c_10,c_10
7809,0,0,0,unchanged_correct,tfidf_12_sublinear_lr_liblinear_c1,c_10,c_10
7823,0,0,0,unchanged_correct,tfidf_12_sublinear_lr_liblinear_c1,c_10,c_10
7827,0,1,0,fixed_fp,tfidf_12_sublinear_lr_liblinear_c1,c_10,c_10
7828,0,0,0,unchanged_correct,tfidf_12_sublinear_lr_liblinear_c1,c_10,c_10
7833,0,0,0,unchanged_correct,tfidf_12_sublinear_lr_liblinear_c1,c_10,c_10
7908,0,1,1,unchanged_error,tfidf_12_sublinear_lr_liblinear_c1,c_10,c_10
7912,0,0,0,unchanged_correct,tfidf_12_sublinear_lr_liblinear_c1,c_10,c_10
7918,1,1,1,unchanged_correct,tfidf_12_sublinear_lr_liblinear_c1,c_10,c_10
7923,1,1,1,unchanged_correct,tfidf_12_sublinear_lr_liblinear_c1,c_10,c_10
7935,1,1,1,unchanged_correct,tfidf_12_sublinear_lr_liblinear_c1,c_10,c_10
7937,1,1,1,unchanged_correct,tfidf_12_sublinear_lr_liblinear_c1,c_10,c_10
7963,1,1,1,unchanged_correct,tfidf_12_sublinear_lr_liblinear_c1,c_10,c_10
7968,1,1,1,unchanged_correct,tfidf_12_sublinear_lr_liblinear_c1,c_10,c_10
7969,1,1,1,unchanged_correct,tfidf_12_sublinear_lr_liblinear_c1,c_10,c_10
7972,1,1,1,unchanged_correct,tfidf_12_sublinear_lr_liblinear_c1,c_10,c_10
7977,1,1,1,unchanged_correct,tfidf_12_sublinear_lr_liblinear_c1,c_10,c_10
7982,1,1,1,unchanged_correct,tfidf_12_sublinear_lr_liblinear_c1,c_10,c_10
7990,1,1,1,unchanged_correct,tfidf_12_sublinear_lr_liblinear_c1,c_10,c_10
7999,1,1,1,unchanged_correct,tfidf_12_sublinear_lr_liblinear_c1,c_10,c_10
8003,1,1,1,unchanged_correct,tfidf_12_sublinear_lr_liblinear_c1,c_10,c_10
8006,1,1,1,unchanged_correct,tfidf_12_sublinear_lr_liblinear_c1,c_10,c_10
8018,1,1,1,unchanged_correct,tfidf_12_sublinear_lr_liblinear_c1,c_10,c_10
8023,0,0,0,unchanged_correct,tfidf_12_sublinear_lr_liblinear_c1,c_10,c_10
8026,1,0,0,unchanged_error,tfidf_12_sublinear_lr_liblinear_c1,c_10,c_10
8028,1,1,1,unchanged_correct,tfidf_12_sublinear_lr_liblinear_c1,c_10,c_10
8030,1,1,1,unchanged_correct,tfidf_12_sublinear_lr_liblinear_c1,c_10,c_10
8036,1,1,1,unchanged_correct,tfidf_12_sublinear_lr_liblinear_c1,c_10,c_10
8049,1,1,1,unchanged_correct,tfidf_12_sublinear_lr_liblinear_c1,c_10,c_10
8061,0,0,0,unchanged_correct,tfidf_12_sublinear_lr_liblinear_c1,c_10,c_10
8064,1,0,0,unchanged_error,tfidf_12_sublinear_lr_liblinear_c1,c_10,c_10
8065,0,0,0,unchanged_correct,tfidf_12_sublinear_lr_liblinear_c1,c_10,c_10
8068,0,0,0,unchanged_correct,tfidf_12_sublinear_lr_liblinear_c1,c_10,c_10
8074,0,0,0,unchanged_correct,tfidf_12_sublinear_lr_liblinear_c1,c_10,c_10
8079,0,0,0,unchanged_correct,tfidf_12_sublinear_lr_liblinear_c1,c_10,c_10
8081,0,0,0,unchanged_correct,tfidf_12_sublinear_lr_liblinear_c1,c_10,c_10
8084,1,0,0,unchanged_error,tfidf_12_sublinear_lr_liblinear_c1,c_10,c_10
8088,0,0,0,unchanged_correct,tfidf_12_sublinear_lr_liblinear_c1,c_10,c_10
8089,1,1,1,unchanged_correct,tfidf_12_sublinear_lr_liblinear_c1,c_10,c_10
8091,0,0,0,unchanged_correct,tfidf_12_sublinear_lr_liblinear_c1,c_10,c_10
8102,0,0,0,unchanged_correct,tfidf_12_sublinear_lr_liblinear_c1,c_10,c_10
8103,1,1,1,unchanged_correct,tfidf_12_sublinear_lr_liblinear_c1,c_10,c_10
8105,0,0,0,unchanged_correct,tfidf_12_sublinear_lr_liblinear_c1,c_10,c_10
8112,0,0,0,unchanged_correct,tfidf_12_sublinear_lr_liblinear_c1,c_10,c_10
8118,0,1,1,unchanged_error,tfidf_12_sublinear_lr_liblinear_c1,c_10,c_10
8122,1,1,1,unchanged_correct,tfidf_12_sublinear_lr_liblinear_c1,c_10,c_10
8129,1,1,1,unchanged_correct,tfidf_12_sublinear_lr_liblinear_c1,c_10,c_10
8130,0,0,0,unchanged_correct,tfidf_12_sublinear_lr_liblinear_c1,c_10,c_10
8131,1,1,1,unchanged_correct,tfidf_12_sublinear_lr_liblinear_c1,c_10,c_10
8141,1,1,1,unchanged_correct,tfidf_12_sublinear_lr_liblinear_c1,c_10,c_10
8147,1,1,1,unchanged_correct,tfidf_12_sublinear_lr_liblinear_c1,c_10,c_10
8164,1,1,1,unchanged_correct,tfidf_12_sublinear_lr_liblinear_c1,c_10,c_10
8165,0,0,0,unchanged_correct,tfidf_12_sublinear_lr_liblinear_c1,c_10,c_10
8171,1,1,1,unchanged_correct,tfidf_12_sublinear_lr_liblinear_c1,c_10,c_10
8177,1,1,1,unchanged_correct,tfidf_12_sublinear_lr_liblinear_c1,c_10,c_10
8184,1,1,1,unchanged_correct,tfidf_12_sublinear_lr_liblinear_c1,c_10,c_10
8188,1,1,1,unchanged_correct,tfidf_12_sublinear_lr_liblinear_c1,c_10,c_10
8190,1,1,1,unchanged_correct,tfidf_12_sublinear_lr_liblinear_c1,c_10,c_10
8191,1,1,1,unchanged_correct,tfidf_12_sublinear_lr_liblinear_c1,c_10,c_10
8195,0,0,0,unchanged_correct,tfidf_12_sublinear_lr_liblinear_c1,c_10,c_10
8204,0,1,1,unchanged_error,tfidf_12_sublinear_lr_liblinear_c1,c_10,c_10
8211,1,0,0,unchanged_error,tfidf_12_sublinear_lr_liblinear_c1,c_10,c_10
8216,0,0,0,unchanged_correct,tfidf_12_sublinear_lr_liblinear_c1,c_10,c_10
8217,0,0,0,unchanged_correct,tfidf_12_sublinear_lr_liblinear_c1,c_10,c_10
8232,0,0,0,unchanged_correct,tfidf_12_sublinear_lr_liblinear_c1,c_10,c_10
8239,1,1,1,unchanged_correct,tfidf_12_sublinear_lr_liblinear_c1,c_10,c_10
8242,1,0,0,unchanged_error,tfidf_12_sublinear_lr_liblinear_c1,c_10,c_10
8250,1,0,1,fixed_fn,tfidf_12_sublinear_lr_liblinear_c1,c_10,c_10
8252,0,1,1,unchanged_error,tfidf_12_sublinear_lr_liblinear_c1,c_10,c_10
8259,1,0,0,unchanged_error,tfidf_12_sublinear_lr_liblinear_c1,c_10,c_10
8278,1,0,0,unchanged_error,tfidf_12_sublinear_lr_liblinear_c1,c_10,c_10
8283,1,0,1,fixed_fn,tfidf_12_sublinear_lr_liblinear_c1,c_10,c_10
8286,1,0,0,unchanged_error,tfidf_12_sublinear_lr_liblinear_c1,c_10,c_10
8296,1,0,0,unchanged_error,tfidf_12_sublinear_lr_liblinear_c1,c_10,c_10
8311,1,1,1,unchanged_correct,tfidf_12_sublinear_lr_liblinear_c1,c_10,c_10
8312,0,1,1,unchanged_error,tfidf_12_sublinear_lr_liblinear_c1,c_10,c_10
8317,1,1,1,unchanged_correct,tfidf_12_sublinear_lr_liblinear_c1,c_10,c_10
8324,0,1,1,unchanged_error,tfidf_12_sublinear_lr_liblinear_c1,c_10,c_10
8329,1,1,1,unchanged_correct,tfidf_12_sublinear_lr_liblinear_c1,c_10,c_10
8341,0,1,1,unchanged_error,tfidf_12_sublinear_lr_liblinear_c1,c_10,c_10
8346,0,0,0,unchanged_correct,tfidf_12_sublinear_lr_liblinear_c1,c_10,c_10
8347,0,0,0,unchanged_correct,tfidf_12_sublinear_lr_liblinear_c1,c_10,c_10
8356,0,0,0,unchanged_correct,tfidf_12_sublinear_lr_liblinear_c1,c_10,c_10
8372,0,0,0,unchanged_correct,tfidf_12_sublinear_lr_liblinear_c1,c_10,c_10
8382,0,0,0,unchanged_correct,tfidf_12_sublinear_lr_liblinear_c1,c_10,c_10
8387,0,0,0,unchanged_correct,tfidf_12_sublinear_lr_liblinear_c1,c_10,c_10
8401,1,1,1,unchanged_correct,tfidf_12_sublinear_lr_liblinear_c1,c_10,c_10
8409,1,1,1,unchanged_correct,tfidf_12_sublinear_lr_liblinear_c1,c_10,c_10
8435,1,1,1,unchanged_correct,tfidf_12_sublinear_lr_liblinear_c1,c_10,c_10
8444,0,0,0,unchanged_correct,tfidf_12_sublinear_lr_liblinear_c1,c_10,c_10
8450,1,0,0,unchanged_error,tfidf_12_sublinear_lr_liblinear_c1,c_10,c_10
8472,1,0,0,unchanged_error,tfidf_12_sublinear_lr_liblinear_c1,c_10,c_10
8475,0,0,0,unchanged_correct,tfidf_12_sublinear_lr_liblinear_c1,c_10,c_10
8477,0,0,0,unchanged_correct,tfidf_12_sublinear_lr_liblinear_c1,c_10,c_10
8478,0,0,0,unchanged_correct,tfidf_12_sublinear_lr_liblinear_c1,c_10,c_10
8498,0,0,0,unchanged_correct,tfidf_12_sublinear_lr_liblinear_c1,c_10,c_10
8515,0,0,0,unchanged_correct,tfidf_12_sublinear_lr_liblinear_c1,c_10,c_10
8524,0,0,0,unchanged_correct,tfidf_12_sublinear_lr_liblinear_c1,c_10,c_10
8536,0,0,0,unchanged_correct,tfidf_12_sublinear_lr_liblinear_c1,c_10,c_10
8557,0,0,0,unchanged_correct,tfidf_12_sublinear_lr_liblinear_c1,c_10,c_10
8561,0,0,0,unchanged_correct,tfidf_12_sublinear_lr_liblinear_c1,c_10,c_10
8578,1,0,0,unchanged_error,tfidf_12_sublinear_lr_liblinear_c1,c_10,c_10
8579,0,0,0,unchanged_correct,tfidf_12_sublinear_lr_liblinear_c1,c_10,c_10
8586,1,0,0,unchanged_error,tfidf_12_sublinear_lr_liblinear_c1,c_10,c_10
8587,0,0,0,unchanged_correct,tfidf_12_sublinear_lr_liblinear_c1,c_10,c_10
8595,1,1,1,unchanged_correct,tfidf_12_sublinear_lr_liblinear_c1,c_10,c_10
8596,0,0,0,unchanged_correct,tfidf_12_sublinear_lr_liblinear_c1,c_10,c_10
8609,1,1,1,unchanged_correct,tfidf_12_sublinear_lr_liblinear_c1,c_10,c_10
8610,0,1,0,fixed_fp,tfidf_12_sublinear_lr_liblinear_c1,c_10,c_10
8613,0,1,1,unchanged_error,tfidf_12_sublinear_lr_liblinear_c1,c_10,c_10
8624,0,0,0,unchanged_correct,tfidf_12_sublinear_lr_liblinear_c1,c_10,c_10
8627,0,1,1,unchanged_error,tfidf_12_sublinear_lr_liblinear_c1,c_10,c_10
8631,1,1,1,unchanged_correct,tfidf_12_sublinear_lr_liblinear_c1,c_10,c_10
8642,0,0,0,unchanged_correct,tfidf_12_sublinear_lr_liblinear_c1,c_10,c_10
8648,1,1,1,unchanged_correct,tfidf_12_sublinear_lr_liblinear_c1,c_10,c_10
8650,1,1,1,unchanged_correct,tfidf_12_sublinear_lr_liblinear_c1,c_10,c_10
8651,1,1,1,unchanged_correct,tfidf_12_sublinear_lr_liblinear_c1,c_10,c_10
8655,1,1,1,unchanged_correct,tfidf_12_sublinear_lr_liblinear_c1,c_10,c_10
8664,1,1,1,unchanged_correct,tfidf_12_sublinear_lr_liblinear_c1,c_10,c_10
8667,1,1,1,unchanged_correct,tfidf_12_sublinear_lr_liblinear_c1,c_10,c_10
8673,1,0,1,fixed_fn,tfidf_12_sublinear_lr_liblinear_c1,c_10,c_10
8674,1,1,1,unchanged_correct,tfidf_12_sublinear_lr_liblinear_c1,c_10,c_10
8677,0,0,0,unchanged_correct,tfidf_12_sublinear_lr_liblinear_c1,c_10,c_10
8680,1,1,1,unchanged_correct,tfidf_12_sublinear_lr_liblinear_c1,c_10,c_10
8686,1,1,1,unchanged_correct,tfidf_12_sublinear_lr_liblinear_c1,c_10,c_10
8693,1,1,0,new_fn,tfidf_12_sublinear_lr_liblinear_c1,c_10,c_10
8694,0,0,0,unchanged_correct,tfidf_12_sublinear_lr_liblinear_c1,c_10,c_10
8697,0,1,1,unchanged_error,tfidf_12_sublinear_lr_liblinear_c1,c_10,c_10
8700,0,0,0,unchanged_correct,tfidf_12_sublinear_lr_liblinear_c1,c_10,c_10
8706,0,0,0,unchanged_correct,tfidf_12_sublinear_lr_liblinear_c1,c_10,c_10
8708,0,0,0,unchanged_correct,tfidf_12_sublinear_lr_liblinear_c1,c_10,c_10
8710,1,1,1,unchanged_correct,tfidf_12_sublinear_lr_liblinear_c1,c_10,c_10
8711,0,0,0,unchanged_correct,tfidf_12_sublinear_lr_liblinear_c1,c_10,c_10
8721,1,0,0,unchanged_error,tfidf_12_sublinear_lr_liblinear_c1,c_10,c_10
8723,0,0,0,unchanged_correct,tfidf_12_sublinear_lr_liblinear_c1,c_10,c_10
8738,1,0,0,unchanged_error,tfidf_12_sublinear_lr_liblinear_c1,c_10,c_10
8742,0,0,0,unchanged_correct,tfidf_12_sublinear_lr_liblinear_c1,c_10,c_10
8750,0,0,0,unchanged_correct,tfidf_12_sublinear_lr_liblinear_c1,c_10,c_10
8752,0,0,0,unchanged_correct,tfidf_12_sublinear_lr_liblinear_c1,c_10,c_10
8777,0,0,0,unchanged_correct,tfidf_12_sublinear_lr_liblinear_c1,c_10,c_10
8778,0,0,0,unchanged_correct,tfidf_12_sublinear_lr_liblinear_c1,c_10,c_10
8780,1,0,0,unchanged_error,tfidf_12_sublinear_lr_liblinear_c1,c_10,c_10
8782,0,0,0,unchanged_correct,tfidf_12_sublinear_lr_liblinear_c1,c_10,c_10
8797,0,0,0,unchanged_correct,tfidf_12_sublinear_lr_liblinear_c1,c_10,c_10
8799,0,1,0,fixed_fp,tfidf_12_sublinear_lr_liblinear_c1,c_10,c_10
8816,1,0,0,unchanged_error,tfidf_12_sublinear_lr_liblinear_c1,c_10,c_10
8823,0,0,0,unchanged_correct,tfidf_12_sublinear_lr_liblinear_c1,c_10,c_10
8831,0,0,0,unchanged_correct,tfidf_12_sublinear_lr_liblinear_c1,c_10,c_10
8836,0,0,0,unchanged_correct,tfidf_12_sublinear_lr_liblinear_c1,c_10,c_10
8838,0,0,0,unchanged_correct,tfidf_12_sublinear_lr_liblinear_c1,c_10,c_10
8842,0,0,0,unchanged_correct,tfidf_12_sublinear_lr_liblinear_c1,c_10,c_10
8852,0,0,0,unchanged_correct,tfidf_12_sublinear_lr_liblinear_c1,c_10,c_10
8854,0,0,0,unchanged_correct,tfidf_12_sublinear_lr_liblinear_c1,c_10,c_10
8855,0,0,0,unchanged_correct,tfidf_12_sublinear_lr_liblinear_c1,c_10,c_10
8856,0,0,0,unchanged_correct,tfidf_12_sublinear_lr_liblinear_c1,c_10,c_10
8902,1,1,0,new_fn,tfidf_12_sublinear_lr_liblinear_c1,c_10,c_10
8920,0,0,0,unchanged_correct,tfidf_12_sublinear_lr_liblinear_c1,c_10,c_10
8927,0,0,0,unchanged_correct,tfidf_12_sublinear_lr_liblinear_c1,c_10,c_10
8935,1,0,0,unchanged_error,tfidf_12_sublinear_lr_liblinear_c1,c_10,c_10
8938,0,0,0,unchanged_correct,tfidf_12_sublinear_lr_liblinear_c1,c_10,c_10
8946,1,0,0,unchanged_error,tfidf_12_sublinear_lr_liblinear_c1,c_10,c_10
8949,1,1,1,unchanged_correct,tfidf_12_sublinear_lr_liblinear_c1,c_10,c_10
8957,1,0,1,fixed_fn,tfidf_12_sublinear_lr_liblinear_c1,c_10,c_10
8965,0,0,0,unchanged_correct,tfidf_12_sublinear_lr_liblinear_c1,c_10,c_10
8970,0,1,1,unchanged_error,tfidf_12_sublinear_lr_liblinear_c1,c_10,c_10
8971,1,1,1,unchanged_correct,tfidf_12_sublinear_lr_liblinear_c1,c_10,c_10
8979,1,1,1,unchanged_correct,tfidf_12_sublinear_lr_liblinear_c1,c_10,c_10
8986,1,1,1,unchanged_correct,tfidf_12_sublinear_lr_liblinear_c1,c_10,c_10
8994,0,0,0,unchanged_correct,tfidf_12_sublinear_lr_liblinear_c1,c_10,c_10
9005,0,0,0,unchanged_correct,tfidf_12_sublinear_lr_liblinear_c1,c_10,c_10
9022,0,0,0,unchanged_correct,tfidf_12_sublinear_lr_liblinear_c1,c_10,c_10
9026,0,0,0,unchanged_correct,tfidf_12_sublinear_lr_liblinear_c1,c_10,c_10
9027,0,0,0,unchanged_correct,tfidf_12_sublinear_lr_liblinear_c1,c_10,c_10
9029,1,0,0,unchanged_error,tfidf_12_sublinear_lr_liblinear_c1,c_10,c_10
9039,0,0,0,unchanged_correct,tfidf_12_sublinear_lr_liblinear_c1,c_10,c_10
9042,1,1,1,unchanged_correct,tfidf_12_sublinear_lr_liblinear_c1,c_10,c_10
9051,1,1,1,unchanged_correct,tfidf_12_sublinear_lr_liblinear_c1,c_10,c_10
9055,0,0,1,new_fp,tfidf_12_sublinear_lr_liblinear_c1,c_10,c_10
9057,1,1,1,unchanged_correct,tfidf_12_sublinear_lr_liblinear_c1,c_10,c_10
9077,0,0,1,new_fp,tfidf_12_sublinear_lr_liblinear_c1,c_10,c_10
9089,1,1,1,unchanged_correct,tfidf_12_sublinear_lr_liblinear_c1,c_10,c_10
9095,1,1,1,unchanged_correct,tfidf_12_sublinear_lr_liblinear_c1,c_10,c_10
9106,0,1,1,unchanged_error,tfidf_12_sublinear_lr_liblinear_c1,c_10,c_10
9112,1,1,1,unchanged_correct,tfidf_12_sublinear_lr_liblinear_c1,c_10,c_10
9113,1,1,1,unchanged_correct,tfidf_12_sublinear_lr_liblinear_c1,c_10,c_10
9116,1,1,1,unchanged_correct,tfidf_12_sublinear_lr_liblinear_c1,c_10,c_10
9128,1,1,1,unchanged_correct,tfidf_12_sublinear_lr_liblinear_c1,c_10,c_10
9142,1,1,1,unchanged_correct,tfidf_12_sublinear_lr_liblinear_c1,c_10,c_10
9143,1,1,1,unchanged_correct,tfidf_12_sublinear_lr_liblinear_c1,c_10,c_10
9151,1,1,1,unchanged_correct,tfidf_12_sublinear_lr_liblinear_c1,c_10,c_10
9154,1,1,1,unchanged_correct,tfidf_12_sublinear_lr_liblinear_c1,c_10,c_10
9159,1,1,1,unchanged_correct,tfidf_12_sublinear_lr_liblinear_c1,c_10,c_10
9173,1,1,1,unchanged_correct,tfidf_12_sublinear_lr_liblinear_c1,c_10,c_10
9174,1,1,1,unchanged_correct,tfidf_12_sublinear_lr_liblinear_c1,c_10,c_10
9179,1,1,1,unchanged_correct,tfidf_12_sublinear_lr_liblinear_c1,c_10,c_10
9181,1,1,1,unchanged_correct,tfidf_12_sublinear_lr_liblinear_c1,c_10,c_10
9206,1,0,1,fixed_fn,tfidf_12_sublinear_lr_liblinear_c1,c_10,c_10
9208,1,0,0,unchanged_error,tfidf_12_sublinear_lr_liblinear_c1,c_10,c_10
9212,1,1,1,unchanged_correct,tfidf_12_sublinear_lr_liblinear_c1,c_10,c_10
9216,1,1,1,unchanged_correct,tfidf_12_sublinear_lr_liblinear_c1,c_10,c_10
9231,1,0,1,fixed_fn,tfidf_12_sublinear_lr_liblinear_c1,c_10,c_10
9248,1,1,1,unchanged_correct,tfidf_12_sublinear_lr_liblinear_c1,c_10,c_10
9249,1,0,0,unchanged_error,tfidf_12_sublinear_lr_liblinear_c1,c_10,c_10
9251,0,0,0,unchanged_correct,tfidf_12_sublinear_lr_liblinear_c1,c_10,c_10
9252,0,0,0,unchanged_correct,tfidf_12_sublinear_lr_liblinear_c1,c_10,c_10
9254,0,0,0,unchanged_correct,tfidf_12_sublinear_lr_liblinear_c1,c_10,c_10
9257,0,0,0,unchanged_correct,tfidf_12_sublinear_lr_liblinear_c1,c_10,c_10
9269,0,0,0,unchanged_correct,tfidf_12_sublinear_lr_liblinear_c1,c_10,c_10
9270,0,0,0,unchanged_correct,tfidf_12_sublinear_lr_liblinear_c1,c_10,c_10
9272,0,0,0,unchanged_correct,tfidf_12_sublinear_lr_liblinear_c1,c_10,c_10
9273,0,0,0,unchanged_correct,tfidf_12_sublinear_lr_liblinear_c1,c_10,c_10
9275,0,0,0,unchanged_correct,tfidf_12_sublinear_lr_liblinear_c1,c_10,c_10
9278,0,0,0,unchanged_correct,tfidf_12_sublinear_lr_liblinear_c1,c_10,c_10
9292,0,0,0,unchanged_correct,tfidf_12_sublinear_lr_liblinear_c1,c_10,c_10
9294,0,0,0,unchanged_correct,tfidf_12_sublinear_lr_liblinear_c1,c_10,c_10
9296,0,0,0,unchanged_correct,tfidf_12_sublinear_lr_liblinear_c1,c_10,c_10
9301,1,0,0,unchanged_error,tfidf_12_sublinear_lr_liblinear_c1,c_10,c_10
9311,0,0,0,unchanged_correct,tfidf_12_sublinear_lr_liblinear_c1,c_10,c_10
9317,1,0,0,unchanged_error,tfidf_12_sublinear_lr_liblinear_c1,c_10,c_10
9337,1,0,0,unchanged_error,tfidf_12_sublinear_lr_liblinear_c1,c_10,c_10
9345,0,0,0,unchanged_correct,tfidf_12_sublinear_lr_liblinear_c1,c_10,c_10
9348,1,1,1,unchanged_correct,tfidf_12_sublinear_lr_liblinear_c1,c_10,c_10
9355,1,0,0,unchanged_error,tfidf_12_sublinear_lr_liblinear_c1,c_10,c_10
9367,0,0,0,unchanged_correct,tfidf_12_sublinear_lr_liblinear_c1,c_10,c_10
9372,0,0,0,unchanged_correct,tfidf_12_sublinear_lr_liblinear_c1,c_10,c_10
9380,0,0,0,unchanged_correct,tfidf_12_sublinear_lr_liblinear_c1,c_10,c_10
9384,0,0,0,unchanged_correct,tfidf_12_sublinear_lr_liblinear_c1,c_10,c_10
9395,0,0,0,unchanged_correct,tfidf_12_sublinear_lr_liblinear_c1,c_10,c_10
9404,1,1,1,unchanged_correct,tfidf_12_sublinear_lr_liblinear_c1,c_10,c_10
9430,1,0,0,unchanged_error,tfidf_12_sublinear_lr_liblinear_c1,c_10,c_10
9435,1,0,0,unchanged_error,tfidf_12_sublinear_lr_liblinear_c1,c_10,c_10
9438,1,1,1,unchanged_correct,tfidf_12_sublinear_lr_liblinear_c1,c_10,c_10
9446,1,1,1,unchanged_correct,tfidf_12_sublinear_lr_liblinear_c1,c_10,c_10
9451,1,1,1,unchanged_correct,tfidf_12_sublinear_lr_liblinear_c1,c_10,c_10
9486,0,1,1,unchanged_error,tfidf_12_sublinear_lr_liblinear_c1,c_10,c_10
9508,0,0,0,unchanged_correct,tfidf_12_sublinear_lr_liblinear_c1,c_10,c_10
9511,1,1,1,unchanged_correct,tfidf_12_sublinear_lr_liblinear_c1,c_10,c_10
9519,0,0,0,unchanged_correct,tfidf_12_sublinear_lr_liblinear_c1,c_10,c_10
9524,0,1,1,unchanged_error,tfidf_12_sublinear_lr_liblinear_c1,c_10,c_10
9540,1,1,1,unchanged_correct,tfidf_12_sublinear_lr_liblinear_c1,c_10,c_10
9541,0,0,0,unchanged_correct,tfidf_12_sublinear_lr_liblinear_c1,c_10,c_10
9542,0,0,0,unchanged_correct,tfidf_12_sublinear_lr_liblinear_c1,c_10,c_10
9552,0,1,1,unchanged_error,tfidf_12_sublinear_lr_liblinear_c1,c_10,c_10
9555,0,1,1,unchanged_error,tfidf_12_sublinear_lr_liblinear_c1,c_10,c_10
9562,0,0,0,unchanged_correct,tfidf_12_sublinear_lr_liblinear_c1,c_10,c_10
9564,0,0,0,unchanged_correct,tfidf_12_sublinear_lr_liblinear_c1,c_10,c_10
9565,0,1,1,unchanged_error,tfidf_12_sublinear_lr_liblinear_c1,c_10,c_10
9566,0,0,0,unchanged_correct,tfidf_12_sublinear_lr_liblinear_c1,c_10,c_10
9569,0,0,0,unchanged_correct,tfidf_12_sublinear_lr_liblinear_c1,c_10,c_10
9575,0,0,0,unchanged_correct,tfidf_12_sublinear_lr_liblinear_c1,c_10,c_10
9603,0,0,0,unchanged_correct,tfidf_12_sublinear_lr_liblinear_c1,c_10,c_10
9613,1,1,1,unchanged_correct,tfidf_12_sublinear_lr_liblinear_c1,c_10,c_10
9620,1,1,1,unchanged_correct,tfidf_12_sublinear_lr_liblinear_c1,c_10,c_10
9629,1,1,1,unchanged_correct,tfidf_12_sublinear_lr_liblinear_c1,c_10,c_10
9634,1,1,1,unchanged_correct,tfidf_12_sublinear_lr_liblinear_c1,c_10,c_10
9638,1,1,1,unchanged_correct,tfidf_12_sublinear_lr_liblinear_c1,c_10,c_10
9646,1,1,1,unchanged_correct,tfidf_12_sublinear_lr_liblinear_c1,c_10,c_10
9650,1,1,1,unchanged_correct,tfidf_12_sublinear_lr_liblinear_c1,c_10,c_10
9652,1,1,1,unchanged_correct,tfidf_12_sublinear_lr_liblinear_c1,c_10,c_10
9654,0,0,0,unchanged_correct,tfidf_12_sublinear_lr_liblinear_c1,c_10,c_10
9664,0,0,0,unchanged_correct,tfidf_12_sublinear_lr_liblinear_c1,c_10,c_10
9702,1,1,1,unchanged_correct,tfidf_12_sublinear_lr_liblinear_c1,c_10,c_10
9706,0,0,0,unchanged_correct,tfidf_12_sublinear_lr_liblinear_c1,c_10,c_10
9712,0,0,0,unchanged_correct,tfidf_12_sublinear_lr_liblinear_c1,c_10,c_10
9730,1,1,1,unchanged_correct,tfidf_12_sublinear_lr_liblinear_c1,c_10,c_10
9733,0,0,0,unchanged_correct,tfidf_12_sublinear_lr_liblinear_c1,c_10,c_10
9741,0,0,0,unchanged_correct,tfidf_12_sublinear_lr_liblinear_c1,c_10,c_10
9746,1,1,1,unchanged_correct,tfidf_12_sublinear_lr_liblinear_c1,c_10,c_10
9753,1,1,1,unchanged_correct,tfidf_12_sublinear_lr_liblinear_c1,c_10,c_10
9754,1,1,1,unchanged_correct,tfidf_12_sublinear_lr_liblinear_c1,c_10,c_10
9760,0,0,0,unchanged_correct,tfidf_12_sublinear_lr_liblinear_c1,c_10,c_10
9764,1,0,0,unchanged_error,tfidf_12_sublinear_lr_liblinear_c1,c_10,c_10
9766,0,0,0,unchanged_correct,tfidf_12_sublinear_lr_liblinear_c1,c_10,c_10
9782,0,0,0,unchanged_correct,tfidf_12_sublinear_lr_liblinear_c1,c_10,c_10
9785,0,1,1,unchanged_error,tfidf_12_sublinear_lr_liblinear_c1,c_10,c_10
9787,0,0,0,unchanged_correct,tfidf_12_sublinear_lr_liblinear_c1,c_10,c_10
9790,0,0,0,unchanged_correct,tfidf_12_sublinear_lr_liblinear_c1,c_10,c_10
9819,0,0,0,unchanged_correct,tfidf_12_sublinear_lr_liblinear_c1,c_10,c_10
9820,1,0,0,unchanged_error,tfidf_12_sublinear_lr_liblinear_c1,c_10,c_10
9826,1,0,1,fixed_fn,tfidf_12_sublinear_lr_liblinear_c1,c_10,c_10
9833,0,1,1,unchanged_error,tfidf_12_sublinear_lr_liblinear_c1,c_10,c_10
9850,0,1,1,unchanged_error,tfidf_12_sublinear_lr_liblinear_c1,c_10,c_10
9861,0,0,0,unchanged_correct,tfidf_12_sublinear_lr_liblinear_c1,c_10,c_10
9864,0,0,0,unchanged_correct,tfidf_12_sublinear_lr_liblinear_c1,c_10,c_10
9865,0,0,0,unchanged_correct,tfidf_12_sublinear_lr_liblinear_c1,c_10,c_10
9873,0,1,1,unchanged_error,tfidf_12_sublinear_lr_liblinear_c1,c_10,c_10
9874,0,0,0,unchanged_correct,tfidf_12_sublinear_lr_liblinear_c1,c_10,c_10
9877,0,0,0,unchanged_correct,tfidf_12_sublinear_lr_liblinear_c1,c_10,c_10
9881,0,0,0,unchanged_correct,tfidf_12_sublinear_lr_liblinear_c1,c_10,c_10
9889,0,0,0,unchanged_correct,tfidf_12_sublinear_lr_liblinear_c1,c_10,c_10
9896,0,0,0,unchanged_correct,tfidf_12_sublinear_lr_liblinear_c1,c_10,c_10
9907,0,0,0,unchanged_correct,tfidf_12_sublinear_lr_liblinear_c1,c_10,c_10
9919,0,0,0,unchanged_correct,tfidf_12_sublinear_lr_liblinear_c1,c_10,c_10
9930,0,0,0,unchanged_correct,tfidf_12_sublinear_lr_liblinear_c1,c_10,c_10
9932,0,1,0,fixed_fp,tfidf_12_sublinear_lr_liblinear_c1,c_10,c_10
9935,0,1,1,unchanged_error,tfidf_12_sublinear_lr_liblinear_c1,c_10,c_10
9952,0,0,0,unchanged_correct,tfidf_12_sublinear_lr_liblinear_c1,c_10,c_10
9973,0,0,0,unchanged_correct,tfidf_12_sublinear_lr_liblinear_c1,c_10,c_10
9976,1,1,1,unchanged_correct,tfidf_12_sublinear_lr_liblinear_c1,c_10,c_10
9978,1,1,1,unchanged_correct,tfidf_12_sublinear_lr_liblinear_c1,c_10,c_10
9991,1,0,0,unchanged_error,tfidf_12_sublinear_lr_liblinear_c1,c_10,c_10
9994,0,0,0,unchanged_correct,tfidf_12_sublinear_lr_liblinear_c1,c_10,c_10
10010,0,0,0,unchanged_correct,tfidf_12_sublinear_lr_liblinear_c1,c_10,c_10
10011,0,0,0,unchanged_correct,tfidf_12_sublinear_lr_liblinear_c1,c_10,c_10
10018,0,0,0,unchanged_correct,tfidf_12_sublinear_lr_liblinear_c1,c_10,c_10
10028,0,0,0,unchanged_correct,tfidf_12_sublinear_lr_liblinear_c1,c_10,c_10
10029,0,0,0,unchanged_correct,tfidf_12_sublinear_lr_liblinear_c1,c_10,c_10
10030,0,0,0,unchanged_correct,tfidf_12_sublinear_lr_liblinear_c1,c_10,c_10
10031,0,1,1,unchanged_error,tfidf_12_sublinear_lr_liblinear_c1,c_10,c_10
10034,1,0,0,unchanged_error,tfidf_12_sublinear_lr_liblinear_c1,c_10,c_10
10040,1,1,1,unchanged_correct,tfidf_12_sublinear_lr_liblinear_c1,c_10,c_10
10042,0,0,0,unchanged_correct,tfidf_12_sublinear_lr_liblinear_c1,c_10,c_10
10048,0,0,0,unchanged_correct,tfidf_12_sublinear_lr_liblinear_c1,c_10,c_10
10057,0,0,0,unchanged_correct,tfidf_12_sublinear_lr_liblinear_c1,c_10,c_10
10058,1,1,1,unchanged_correct,tfidf_12_sublinear_lr_liblinear_c1,c_10,c_10
10089,1,1,1,unchanged_correct,tfidf_12_sublinear_lr_liblinear_c1,c_10,c_10
10093,1,1,1,unchanged_correct,tfidf_12_sublinear_lr_liblinear_c1,c_10,c_10
10098,1,1,1,unchanged_correct,tfidf_12_sublinear_lr_liblinear_c1,c_10,c_10
10100,1,1,1,unchanged_correct,tfidf_12_sublinear_lr_liblinear_c1,c_10,c_10
10105,1,1,1,unchanged_correct,tfidf_12_sublinear_lr_liblinear_c1,c_10,c_10
10110,0,1,1,unchanged_error,tfidf_12_sublinear_lr_liblinear_c1,c_10,c_10
10113,0,1,1,unchanged_error,tfidf_12_sublinear_lr_liblinear_c1,c_10,c_10
10116,0,0,0,unchanged_correct,tfidf_12_sublinear_lr_liblinear_c1,c_10,c_10
10121,0,0,0,unchanged_correct,tfidf_12_sublinear_lr_liblinear_c1,c_10,c_10
10124,0,1,1,unchanged_error,tfidf_12_sublinear_lr_liblinear_c1,c_10,c_10
10129,0,0,0,unchanged_correct,tfidf_12_sublinear_lr_liblinear_c1,c_10,c_10
10136,0,0,0,unchanged_correct,tfidf_12_sublinear_lr_liblinear_c1,c_10,c_10
10138,0,0,0,unchanged_correct,tfidf_12_sublinear_lr_liblinear_c1,c_10,c_10
10139,0,0,0,unchanged_correct,tfidf_12_sublinear_lr_liblinear_c1,c_10,c_10
10146,0,0,0,unchanged_correct,tfidf_12_sublinear_lr_liblinear_c1,c_10,c_10
10150,0,0,0,unchanged_correct,tfidf_12_sublinear_lr_liblinear_c1,c_10,c_10
10173,0,1,1,unchanged_error,tfidf_12_sublinear_lr_liblinear_c1,c_10,c_10
10175,1,1,1,unchanged_correct,tfidf_12_sublinear_lr_liblinear_c1,c_10,c_10
10184,1,1,1,unchanged_correct,tfidf_12_sublinear_lr_liblinear_c1,c_10,c_10
10193,0,1,1,unchanged_error,tfidf_12_sublinear_lr_liblinear_c1,c_10,c_10
10194,1,1,1,unchanged_correct,tfidf_12_sublinear_lr_liblinear_c1,c_10,c_10
10204,1,1,1,unchanged_correct,tfidf_12_sublinear_lr_liblinear_c1,c_10,c_10
10210,1,1,1,unchanged_correct,tfidf_12_sublinear_lr_liblinear_c1,c_10,c_10
10214,1,1,1,unchanged_correct,tfidf_12_sublinear_lr_liblinear_c1,c_10,c_10
10220,1,1,1,unchanged_correct,tfidf_12_sublinear_lr_liblinear_c1,c_10,c_10
10222,1,1,1,unchanged_correct,tfidf_12_sublinear_lr_liblinear_c1,c_10,c_10
10236,1,0,0,unchanged_error,tfidf_12_sublinear_lr_liblinear_c1,c_10,c_10
10241,0,0,0,unchanged_correct,tfidf_12_sublinear_lr_liblinear_c1,c_10,c_10
10243,0,0,1,new_fp,tfidf_12_sublinear_lr_liblinear_c1,c_10,c_10
10246,1,0,0,unchanged_error,tfidf_12_sublinear_lr_liblinear_c1,c_10,c_10
10260,0,0,0,unchanged_correct,tfidf_12_sublinear_lr_liblinear_c1,c_10,c_10
10268,1,0,0,unchanged_error,tfidf_12_sublinear_lr_liblinear_c1,c_10,c_10
10283,1,0,0,unchanged_error,tfidf_12_sublinear_lr_liblinear_c1,c_10,c_10
10284,1,0,0,unchanged_error,tfidf_12_sublinear_lr_liblinear_c1,c_10,c_10
10286,1,1,1,unchanged_correct,tfidf_12_sublinear_lr_liblinear_c1,c_10,c_10
10294,0,0,0,unchanged_correct,tfidf_12_sublinear_lr_liblinear_c1,c_10,c_10
10304,1,1,1,unchanged_correct,tfidf_12_sublinear_lr_liblinear_c1,c_10,c_10
10310,1,0,1,fixed_fn,tfidf_12_sublinear_lr_liblinear_c1,c_10,c_10
10323,0,0,0,unchanged_correct,tfidf_12_sublinear_lr_liblinear_c1,c_10,c_10
10325,0,0,0,unchanged_correct,tfidf_12_sublinear_lr_liblinear_c1,c_10,c_10
10334,1,1,1,unchanged_correct,tfidf_12_sublinear_lr_liblinear_c1,c_10,c_10
10337,1,0,0,unchanged_error,tfidf_12_sublinear_lr_liblinear_c1,c_10,c_10
10340,1,1,1,unchanged_correct,tfidf_12_sublinear_lr_liblinear_c1,c_10,c_10
10341,1,1,1,unchanged_correct,tfidf_12_sublinear_lr_liblinear_c1,c_10,c_10
10342,0,1,1,unchanged_error,tfidf_12_sublinear_lr_liblinear_c1,c_10,c_10
10345,0,0,0,unchanged_correct,tfidf_12_sublinear_lr_liblinear_c1,c_10,c_10
10349,1,1,1,unchanged_correct,tfidf_12_sublinear_lr_liblinear_c1,c_10,c_10
10351,0,1,1,unchanged_error,tfidf_12_sublinear_lr_liblinear_c1,c_10,c_10
10352,0,0,0,unchanged_correct,tfidf_12_sublinear_lr_liblinear_c1,c_10,c_10
10355,1,0,1,fixed_fn,tfidf_12_sublinear_lr_liblinear_c1,c_10,c_10
10360,0,1,1,unchanged_error,tfidf_12_sublinear_lr_liblinear_c1,c_10,c_10
10371,1,1,1,unchanged_correct,tfidf_12_sublinear_lr_liblinear_c1,c_10,c_10
10381,0,0,0,unchanged_correct,tfidf_12_sublinear_lr_liblinear_c1,c_10,c_10
10395,0,0,0,unchanged_correct,tfidf_12_sublinear_lr_liblinear_c1,c_10,c_10
10396,1,0,0,unchanged_error,tfidf_12_sublinear_lr_liblinear_c1,c_10,c_10
10399,0,0,0,unchanged_correct,tfidf_12_sublinear_lr_liblinear_c1,c_10,c_10
10402,0,1,1,unchanged_error,tfidf_12_sublinear_lr_liblinear_c1,c_10,c_10
10407,0,0,0,unchanged_correct,tfidf_12_sublinear_lr_liblinear_c1,c_10,c_10
10410,1,1,0,new_fn,tfidf_12_sublinear_lr_liblinear_c1,c_10,c_10
10414,1,0,0,unchanged_error,tfidf_12_sublinear_lr_liblinear_c1,c_10,c_10
10441,1,0,1,fixed_fn,tfidf_12_sublinear_lr_liblinear_c1,c_10,c_10
10446,1,1,1,unchanged_correct,tfidf_12_sublinear_lr_liblinear_c1,c_10,c_10
10458,1,0,0,unchanged_error,tfidf_12_sublinear_lr_liblinear_c1,c_10,c_10
10464,0,0,0,unchanged_correct,tfidf_12_sublinear_lr_liblinear_c1,c_10,c_10
10466,1,1,1,unchanged_correct,tfidf_12_sublinear_lr_liblinear_c1,c_10,c_10
10487,1,1,1,unchanged_correct,tfidf_12_sublinear_lr_liblinear_c1,c_10,c_10
10489,1,1,1,unchanged_correct,tfidf_12_sublinear_lr_liblinear_c1,c_10,c_10
10506,1,1,1,unchanged_correct,tfidf_12_sublinear_lr_liblinear_c1,c_10,c_10
10508,1,1,1,unchanged_correct,tfidf_12_sublinear_lr_liblinear_c1,c_10,c_10
10519,1,1,1,unchanged_correct,tfidf_12_sublinear_lr_liblinear_c1,c_10,c_10
10529,1,1,1,unchanged_correct,tfidf_12_sublinear_lr_liblinear_c1,c_10,c_10
10535,0,0,0,unchanged_correct,tfidf_12_sublinear_lr_liblinear_c1,c_10,c_10
10550,1,1,1,unchanged_correct,tfidf_12_sublinear_lr_liblinear_c1,c_10,c_10
10558,0,0,1,new_fp,tfidf_12_sublinear_lr_liblinear_c1,c_10,c_10
10560,0,0,0,unchanged_correct,tfidf_12_sublinear_lr_liblinear_c1,c_10,c_10
10564,0,0,0,unchanged_correct,tfidf_12_sublinear_lr_liblinear_c1,c_10,c_10
10565,0,0,0,unchanged_correct,tfidf_12_sublinear_lr_liblinear_c1,c_10,c_10
10570,0,0,0,unchanged_correct,tfidf_12_sublinear_lr_liblinear_c1,c_10,c_10
10576,0,1,1,unchanged_error,tfidf_12_sublinear_lr_liblinear_c1,c_10,c_10
10584,0,0,0,unchanged_correct,tfidf_12_sublinear_lr_liblinear_c1,c_10,c_10
10587,1,1,1,unchanged_correct,tfidf_12_sublinear_lr_liblinear_c1,c_10,c_10
10600,1,1,1,unchanged_correct,tfidf_12_sublinear_lr_liblinear_c1,c_10,c_10
10605,0,0,0,unchanged_correct,tfidf_12_sublinear_lr_liblinear_c1,c_10,c_10
10606,1,1,1,unchanged_correct,tfidf_12_sublinear_lr_liblinear_c1,c_10,c_10
10609,0,0,0,unchanged_correct,tfidf_12_sublinear_lr_liblinear_c1,c_10,c_10
10615,1,1,1,unchanged_correct,tfidf_12_sublinear_lr_liblinear_c1,c_10,c_10
10620,1,1,1,unchanged_correct,tfidf_12_sublinear_lr_liblinear_c1,c_10,c_10
10622,1,1,1,unchanged_correct,tfidf_12_sublinear_lr_liblinear_c1,c_10,c_10
10625,1,1,1,unchanged_correct,tfidf_12_sublinear_lr_liblinear_c1,c_10,c_10
10631,1,1,1,unchanged_correct,tfidf_12_sublinear_lr_liblinear_c1,c_10,c_10
10650,0,0,0,unchanged_correct,tfidf_12_sublinear_lr_liblinear_c1,c_10,c_10
10678,0,0,0,unchanged_correct,tfidf_12_sublinear_lr_liblinear_c1,c_10,c_10
10680,1,0,0,unchanged_error,tfidf_12_sublinear_lr_liblinear_c1,c_10,c_10
10684,0,0,0,unchanged_correct,tfidf_12_sublinear_lr_liblinear_c1,c_10,c_10
10688,0,0,0,unchanged_correct,tfidf_12_sublinear_lr_liblinear_c1,c_10,c_10
10707,0,0,0,unchanged_correct,tfidf_12_sublinear_lr_liblinear_c1,c_10,c_10
10709,0,0,0,unchanged_correct,tfidf_12_sublinear_lr_liblinear_c1,c_10,c_10
10710,0,0,0,unchanged_correct,tfidf_12_sublinear_lr_liblinear_c1,c_10,c_10
10711,1,0,0,unchanged_error,tfidf_12_sublinear_lr_liblinear_c1,c_10,c_10
10735,1,1,1,unchanged_correct,tfidf_12_sublinear_lr_liblinear_c1,c_10,c_10
10737,1,1,1,unchanged_correct,tfidf_12_sublinear_lr_liblinear_c1,c_10,c_10
10750,1,1,1,unchanged_correct,tfidf_12_sublinear_lr_liblinear_c1,c_10,c_10
10751,1,1,1,unchanged_correct,tfidf_12_sublinear_lr_liblinear_c1,c_10,c_10
10753,1,1,1,unchanged_correct,tfidf_12_sublinear_lr_liblinear_c1,c_10,c_10
10765,1,1,1,unchanged_correct,tfidf_12_sublinear_lr_liblinear_c1,c_10,c_10
10783,1,1,1,unchanged_correct,tfidf_12_sublinear_lr_liblinear_c1,c_10,c_10
10789,0,0,0,unchanged_correct,tfidf_12_sublinear_lr_liblinear_c1,c_10,c_10
10795,1,0,0,unchanged_error,tfidf_12_sublinear_lr_liblinear_c1,c_10,c_10
10810,0,0,0,unchanged_correct,tfidf_12_sublinear_lr_liblinear_c1,c_10,c_10
10811,0,0,0,unchanged_correct,tfidf_12_sublinear_lr_liblinear_c1,c_10,c_10
10813,0,0,0,unchanged_correct,tfidf_12_sublinear_lr_liblinear_c1,c_10,c_10
10818,0,0,0,unchanged_correct,tfidf_12_sublinear_lr_liblinear_c1,c_10,c_10
10837,0,0,0,unchanged_correct,tfidf_12_sublinear_lr_liblinear_c1,c_10,c_10
10847,1,1,1,unchanged_correct,tfidf_12_sublinear_lr_liblinear_c1,c_10,c_10
10851,1,1,1,unchanged_correct,tfidf_12_sublinear_lr_liblinear_c1,c_10,c_10
10866,1,1,1,unchanged_correct,tfidf_12_sublinear_lr_liblinear_c1,c_10,c_10
13,1,1,1,unchanged_correct,tfidf_12_sublinear_lr_liblinear_c1,no_vector_normalization,no_vector_normalization
17,1,0,0,unchanged_error,tfidf_12_sublinear_lr_liblinear_c1,no_vector_normalization,no_vector_normalization
19,1,1,1,unchanged_correct,tfidf_12_sublinear_lr_liblinear_c1,no_vector_normalization,no_vector_normalization
26,0,0,0,unchanged_correct,tfidf_12_sublinear_lr_liblinear_c1,no_vector_normalization,no_vector_normalization
28,0,0,0,unchanged_correct,tfidf_12_sublinear_lr_liblinear_c1,no_vector_normalization,no_vector_normalization
31,0,0,0,unchanged_correct,tfidf_12_sublinear_lr_liblinear_c1,no_vector_normalization,no_vector_normalization
33,0,0,0,unchanged_correct,tfidf_12_sublinear_lr_liblinear_c1,no_vector_normalization,no_vector_normalization
57,0,0,0,unchanged_correct,tfidf_12_sublinear_lr_liblinear_c1,no_vector_normalization,no_vector_normalization
59,0,0,0,unchanged_correct,tfidf_12_sublinear_lr_liblinear_c1,no_vector_normalization,no_vector_normalization
67,0,0,0,unchanged_correct,tfidf_12_sublinear_lr_liblinear_c1,no_vector_normalization,no_vector_normalization
71,0,0,0,unchanged_correct,tfidf_12_sublinear_lr_liblinear_c1,no_vector_normalization,no_vector_normalization
77,1,1,1,unchanged_correct,tfidf_12_sublinear_lr_liblinear_c1,no_vector_normalization,no_vector_normalization
78,0,0,0,unchanged_correct,tfidf_12_sublinear_lr_liblinear_c1,no_vector_normalization,no_vector_normalization
79,1,1,1,unchanged_correct,tfidf_12_sublinear_lr_liblinear_c1,no_vector_normalization,no_vector_normalization
83,1,1,1,unchanged_correct,tfidf_12_sublinear_lr_liblinear_c1,no_vector_normalization,no_vector_normalization
100,0,0,0,unchanged_correct,tfidf_12_sublinear_lr_liblinear_c1,no_vector_normalization,no_vector_normalization
107,1,1,1,unchanged_correct,tfidf_12_sublinear_lr_liblinear_c1,no_vector_normalization,no_vector_normalization
114,1,1,1,unchanged_correct,tfidf_12_sublinear_lr_liblinear_c1,no_vector_normalization,no_vector_normalization
117,0,0,1,new_fp,tfidf_12_sublinear_lr_liblinear_c1,no_vector_normalization,no_vector_normalization
126,1,1,1,unchanged_correct,tfidf_12_sublinear_lr_liblinear_c1,no_vector_normalization,no_vector_normalization
131,1,1,1,unchanged_correct,tfidf_12_sublinear_lr_liblinear_c1,no_vector_normalization,no_vector_normalization
133,1,1,1,unchanged_correct,tfidf_12_sublinear_lr_liblinear_c1,no_vector_normalization,no_vector_normalization
139,1,1,1,unchanged_correct,tfidf_12_sublinear_lr_liblinear_c1,no_vector_normalization,no_vector_normalization
161,0,0,0,unchanged_correct,tfidf_12_sublinear_lr_liblinear_c1,no_vector_normalization,no_vector_normalization
165,0,0,0,unchanged_correct,tfidf_12_sublinear_lr_liblinear_c1,no_vector_normalization,no_vector_normalization
172,0,0,0,unchanged_correct,tfidf_12_sublinear_lr_liblinear_c1,no_vector_normalization,no_vector_normalization
175,0,0,0,unchanged_correct,tfidf_12_sublinear_lr_liblinear_c1,no_vector_normalization,no_vector_normalization
190,0,0,0,unchanged_correct,tfidf_12_sublinear_lr_liblinear_c1,no_vector_normalization,no_vector_normalization
193,0,0,0,unchanged_correct,tfidf_12_sublinear_lr_liblinear_c1,no_vector_normalization,no_vector_normalization
197,1,1,1,unchanged_correct,tfidf_12_sublinear_lr_liblinear_c1,no_vector_normalization,no_vector_normalization
198,0,1,1,unchanged_error,tfidf_12_sublinear_lr_liblinear_c1,no_vector_normalization,no_vector_normalization
209,1,1,1,unchanged_correct,tfidf_12_sublinear_lr_liblinear_c1,no_vector_normalization,no_vector_normalization
212,1,1,1,unchanged_correct,tfidf_12_sublinear_lr_liblinear_c1,no_vector_normalization,no_vector_normalization
220,1,1,1,unchanged_correct,tfidf_12_sublinear_lr_liblinear_c1,no_vector_normalization,no_vector_normalization
221,1,1,1,unchanged_correct,tfidf_12_sublinear_lr_liblinear_c1,no_vector_normalization,no_vector_normalization
225,1,1,1,unchanged_correct,tfidf_12_sublinear_lr_liblinear_c1,no_vector_normalization,no_vector_normalization
229,1,1,1,unchanged_correct,tfidf_12_sublinear_lr_liblinear_c1,no_vector_normalization,no_vector_normalization
235,1,1,1,unchanged_correct,tfidf_12_sublinear_lr_liblinear_c1,no_vector_normalization,no_vector_normalization
244,1,0,1,fixed_fn,tfidf_12_sublinear_lr_liblinear_c1,no_vector_normalization,no_vector_normalization
245,1,1,1,unchanged_correct,tfidf_12_sublinear_lr_liblinear_c1,no_vector_normalization,no_vector_normalization
248,1,1,1,unchanged_correct,tfidf_12_sublinear_lr_liblinear_c1,no_vector_normalization,no_vector_normalization
249,1,1,1,unchanged_correct,tfidf_12_sublinear_lr_liblinear_c1,no_vector_normalization,no_vector_normalization
258,1,0,0,unchanged_error,tfidf_12_sublinear_lr_liblinear_c1,no_vector_normalization,no_vector_normalization
264,0,0,0,unchanged_correct,tfidf_12_sublinear_lr_liblinear_c1,no_vector_normalization,no_vector_normalization
269,1,1,1,unchanged_correct,tfidf_12_sublinear_lr_liblinear_c1,no_vector_normalization,no_vector_normalization
270,1,1,1,unchanged_correct,tfidf_12_sublinear_lr_liblinear_c1,no_vector_normalization,no_vector_normalization
276,1,1,1,unchanged_correct,tfidf_12_sublinear_lr_liblinear_c1,no_vector_normalization,no_vector_normalization
287,1,1,1,unchanged_correct,tfidf_12_sublinear_lr_liblinear_c1,no_vector_normalization,no_vector_normalization
302,1,1,0,new_fn,tfidf_12_sublinear_lr_liblinear_c1,no_vector_normalization,no_vector_normalization
303,0,1,0,fixed_fp,tfidf_12_sublinear_lr_liblinear_c1,no_vector_normalization,no_vector_normalization
307,0,0,0,unchanged_correct,tfidf_12_sublinear_lr_liblinear_c1,no_vector_normalization,no_vector_normalization
314,0,0,0,unchanged_correct,tfidf_12_sublinear_lr_liblinear_c1,no_vector_normalization,no_vector_normalization
332,0,0,1,new_fp,tfidf_12_sublinear_lr_liblinear_c1,no_vector_normalization,no_vector_normalization
337,0,0,0,unchanged_correct,tfidf_12_sublinear_lr_liblinear_c1,no_vector_normalization,no_vector_normalization
338,1,1,1,unchanged_correct,tfidf_12_sublinear_lr_liblinear_c1,no_vector_normalization,no_vector_normalization
347,0,0,1,new_fp,tfidf_12_sublinear_lr_liblinear_c1,no_vector_normalization,no_vector_normalization
355,0,0,0,unchanged_correct,tfidf_12_sublinear_lr_liblinear_c1,no_vector_normalization,no_vector_normalization
365,1,0,0,unchanged_error,tfidf_12_sublinear_lr_liblinear_c1,no_vector_normalization,no_vector_normalization
372,0,0,0,unchanged_correct,tfidf_12_sublinear_lr_liblinear_c1,no_vector_normalization,no_vector_normalization
396,0,0,0,unchanged_correct,tfidf_12_sublinear_lr_liblinear_c1,no_vector_normalization,no_vector_normalization
398,0,0,0,unchanged_correct,tfidf_12_sublinear_lr_liblinear_c1,no_vector_normalization,no_vector_normalization
404,1,1,1,unchanged_correct,tfidf_12_sublinear_lr_liblinear_c1,no_vector_normalization,no_vector_normalization
406,0,0,0,unchanged_correct,tfidf_12_sublinear_lr_liblinear_c1,no_vector_normalization,no_vector_normalization
407,0,0,0,unchanged_correct,tfidf_12_sublinear_lr_liblinear_c1,no_vector_normalization,no_vector_normalization
412,0,0,0,unchanged_correct,tfidf_12_sublinear_lr_liblinear_c1,no_vector_normalization,no_vector_normalization
413,0,0,0,unchanged_correct,tfidf_12_sublinear_lr_liblinear_c1,no_vector_normalization,no_vector_normalization
429,0,0,0,unchanged_correct,tfidf_12_sublinear_lr_liblinear_c1,no_vector_normalization,no_vector_normalization
447,0,0,0,unchanged_correct,tfidf_12_sublinear_lr_liblinear_c1,no_vector_normalization,no_vector_normalization
455,0,0,0,unchanged_correct,tfidf_12_sublinear_lr_liblinear_c1,no_vector_normalization,no_vector_normalization
472,0,1,0,fixed_fp,tfidf_12_sublinear_lr_liblinear_c1,no_vector_normalization,no_vector_normalization
475,0,0,0,unchanged_correct,tfidf_12_sublinear_lr_liblinear_c1,no_vector_normalization,no_vector_normalization
484,0,0,0,unchanged_correct,tfidf_12_sublinear_lr_liblinear_c1,no_vector_normalization,no_vector_normalization
486,0,0,0,unchanged_correct,tfidf_12_sublinear_lr_liblinear_c1,no_vector_normalization,no_vector_normalization
490,1,1,1,unchanged_correct,tfidf_12_sublinear_lr_liblinear_c1,no_vector_normalization,no_vector_normalization
492,0,0,0,unchanged_correct,tfidf_12_sublinear_lr_liblinear_c1,no_vector_normalization,no_vector_normalization
498,0,0,0,unchanged_correct,tfidf_12_sublinear_lr_liblinear_c1,no_vector_normalization,no_vector_normalization
503,0,0,0,unchanged_correct,tfidf_12_sublinear_lr_liblinear_c1,no_vector_normalization,no_vector_normalization
504,0,0,0,unchanged_correct,tfidf_12_sublinear_lr_liblinear_c1,no_vector_normalization,no_vector_normalization
506,0,0,0,unchanged_correct,tfidf_12_sublinear_lr_liblinear_c1,no_vector_normalization,no_vector_normalization
509,1,0,1,fixed_fn,tfidf_12_sublinear_lr_liblinear_c1,no_vector_normalization,no_vector_normalization
516,1,0,0,unchanged_error,tfidf_12_sublinear_lr_liblinear_c1,no_vector_normalization,no_vector_normalization
520,0,1,1,unchanged_error,tfidf_12_sublinear_lr_liblinear_c1,no_vector_normalization,no_vector_normalization
546,0,1,1,unchanged_error,tfidf_12_sublinear_lr_liblinear_c1,no_vector_normalization,no_vector_normalization
552,0,0,0,unchanged_correct,tfidf_12_sublinear_lr_liblinear_c1,no_vector_normalization,no_vector_normalization
556,1,0,1,fixed_fn,tfidf_12_sublinear_lr_liblinear_c1,no_vector_normalization,no_vector_normalization
560,1,1,1,unchanged_correct,tfidf_12_sublinear_lr_liblinear_c1,no_vector_normalization,no_vector_normalization
568,1,1,1,unchanged_correct,tfidf_12_sublinear_lr_liblinear_c1,no_vector_normalization,no_vector_normalization
575,1,1,1,unchanged_correct,tfidf_12_sublinear_lr_liblinear_c1,no_vector_normalization,no_vector_normalization
577,0,0,1,new_fp,tfidf_12_sublinear_lr_liblinear_c1,no_vector_normalization,no_vector_normalization
592,1,1,1,unchanged_correct,tfidf_12_sublinear_lr_liblinear_c1,no_vector_normalization,no_vector_normalization
600,1,1,1,unchanged_correct,tfidf_12_sublinear_lr_liblinear_c1,no_vector_normalization,no_vector_normalization
604,1,1,1,unchanged_correct,tfidf_12_sublinear_lr_liblinear_c1,no_vector_normalization,no_vector_normalization
606,1,1,1,unchanged_correct,tfidf_12_sublinear_lr_liblinear_c1,no_vector_normalization,no_vector_normalization
607,0,0,0,unchanged_correct,tfidf_12_sublinear_lr_liblinear_c1,no_vector_normalization,no_vector_normalization
608,0,0,0,unchanged_correct,tfidf_12_sublinear_lr_liblinear_c1,no_vector_normalization,no_vector_normalization
613,0,0,0,unchanged_correct,tfidf_12_sublinear_lr_liblinear_c1,no_vector_normalization,no_vector_normalization
624,0,0,0,unchanged_correct,tfidf_12_sublinear_lr_liblinear_c1,no_vector_normalization,no_vector_normalization
628,0,0,0,unchanged_correct,tfidf_12_sublinear_lr_liblinear_c1,no_vector_normalization,no_vector_normalization
630,1,1,1,unchanged_correct,tfidf_12_sublinear_lr_liblinear_c1,no_vector_normalization,no_vector_normalization
631,0,0,0,unchanged_correct,tfidf_12_sublinear_lr_liblinear_c1,no_vector_normalization,no_vector_normalization
640,0,0,0,unchanged_correct,tfidf_12_sublinear_lr_liblinear_c1,no_vector_normalization,no_vector_normalization
641,0,0,0,unchanged_correct,tfidf_12_sublinear_lr_liblinear_c1,no_vector_normalization,no_vector_normalization
649,0,0,0,unchanged_correct,tfidf_12_sublinear_lr_liblinear_c1,no_vector_normalization,no_vector_normalization
655,1,1,1,unchanged_correct,tfidf_12_sublinear_lr_liblinear_c1,no_vector_normalization,no_vector_normalization
656,0,0,0,unchanged_correct,tfidf_12_sublinear_lr_liblinear_c1,no_vector_normalization,no_vector_normalization
659,1,1,1,unchanged_correct,tfidf_12_sublinear_lr_liblinear_c1,no_vector_normalization,no_vector_normalization
661,1,1,1,unchanged_correct,tfidf_12_sublinear_lr_liblinear_c1,no_vector_normalization,no_vector_normalization
669,0,0,0,unchanged_correct,tfidf_12_sublinear_lr_liblinear_c1,no_vector_normalization,no_vector_normalization
675,1,1,1,unchanged_correct,tfidf_12_sublinear_lr_liblinear_c1,no_vector_normalization,no_vector_normalization
684,1,1,1,unchanged_correct,tfidf_12_sublinear_lr_liblinear_c1,no_vector_normalization,no_vector_normalization
687,0,1,0,fixed_fp,tfidf_12_sublinear_lr_liblinear_c1,no_vector_normalization,no_vector_normalization
690,1,1,1,unchanged_correct,tfidf_12_sublinear_lr_liblinear_c1,no_vector_normalization,no_vector_normalization
702,0,0,0,unchanged_correct,tfidf_12_sublinear_lr_liblinear_c1,no_vector_normalization,no_vector_normalization
713,1,1,1,unchanged_correct,tfidf_12_sublinear_lr_liblinear_c1,no_vector_normalization,no_vector_normalization
740,1,1,1,unchanged_correct,tfidf_12_sublinear_lr_liblinear_c1,no_vector_normalization,no_vector_normalization
744,0,0,0,unchanged_correct,tfidf_12_sublinear_lr_liblinear_c1,no_vector_normalization,no_vector_normalization
745,1,1,1,unchanged_correct,tfidf_12_sublinear_lr_liblinear_c1,no_vector_normalization,no_vector_normalization
752,0,0,0,unchanged_correct,tfidf_12_sublinear_lr_liblinear_c1,no_vector_normalization,no_vector_normalization
755,0,0,0,unchanged_correct,tfidf_12_sublinear_lr_liblinear_c1,no_vector_normalization,no_vector_normalization
763,0,0,0,unchanged_correct,tfidf_12_sublinear_lr_liblinear_c1,no_vector_normalization,no_vector_normalization
767,0,0,0,unchanged_correct,tfidf_12_sublinear_lr_liblinear_c1,no_vector_normalization,no_vector_normalization
773,0,1,1,unchanged_error,tfidf_12_sublinear_lr_liblinear_c1,no_vector_normalization,no_vector_normalization
774,0,0,0,unchanged_correct,tfidf_12_sublinear_lr_liblinear_c1,no_vector_normalization,no_vector_normalization
775,1,0,0,unchanged_error,tfidf_12_sublinear_lr_liblinear_c1,no_vector_normalization,no_vector_normalization
777,0,0,0,unchanged_correct,tfidf_12_sublinear_lr_liblinear_c1,no_vector_normalization,no_vector_normalization
783,0,1,1,unchanged_error,tfidf_12_sublinear_lr_liblinear_c1,no_vector_normalization,no_vector_normalization
790,0,0,0,unchanged_correct,tfidf_12_sublinear_lr_liblinear_c1,no_vector_normalization,no_vector_normalization
797,1,0,0,unchanged_error,tfidf_12_sublinear_lr_liblinear_c1,no_vector_normalization,no_vector_normalization
803,0,0,0,unchanged_correct,tfidf_12_sublinear_lr_liblinear_c1,no_vector_normalization,no_vector_normalization
808,0,0,0,unchanged_correct,tfidf_12_sublinear_lr_liblinear_c1,no_vector_normalization,no_vector_normalization
837,1,1,1,unchanged_correct,tfidf_12_sublinear_lr_liblinear_c1,no_vector_normalization,no_vector_normalization
838,1,1,1,unchanged_correct,tfidf_12_sublinear_lr_liblinear_c1,no_vector_normalization,no_vector_normalization
841,0,0,0,unchanged_correct,tfidf_12_sublinear_lr_liblinear_c1,no_vector_normalization,no_vector_normalization
846,1,1,1,unchanged_correct,tfidf_12_sublinear_lr_liblinear_c1,no_vector_normalization,no_vector_normalization
848,1,1,1,unchanged_correct,tfidf_12_sublinear_lr_liblinear_c1,no_vector_normalization,no_vector_normalization
852,1,0,0,unchanged_error,tfidf_12_sublinear_lr_liblinear_c1,no_vector_normalization,no_vector_normalization
860,0,0,0,unchanged_correct,tfidf_12_sublinear_lr_liblinear_c1,no_vector_normalization,no_vector_normalization
868,0,1,1,unchanged_error,tfidf_12_sublinear_lr_liblinear_c1,no_vector_normalization,no_vector_normalization
871,1,1,1,unchanged_correct,tfidf_12_sublinear_lr_liblinear_c1,no_vector_normalization,no_vector_normalization
872,1,1,1,unchanged_correct,tfidf_12_sublinear_lr_liblinear_c1,no_vector_normalization,no_vector_normalization
878,0,1,1,unchanged_error,tfidf_12_sublinear_lr_liblinear_c1,no_vector_normalization,no_vector_normalization
895,1,1,1,unchanged_correct,tfidf_12_sublinear_lr_liblinear_c1,no_vector_normalization,no_vector_normalization
899,1,0,0,unchanged_error,tfidf_12_sublinear_lr_liblinear_c1,no_vector_normalization,no_vector_normalization
902,1,1,1,unchanged_correct,tfidf_12_sublinear_lr_liblinear_c1,no_vector_normalization,no_vector_normalization
907,1,0,0,unchanged_error,tfidf_12_sublinear_lr_liblinear_c1,no_vector_normalization,no_vector_normalization
915,1,1,1,unchanged_correct,tfidf_12_sublinear_lr_liblinear_c1,no_vector_normalization,no_vector_normalization
930,0,0,0,unchanged_correct,tfidf_12_sublinear_lr_liblinear_c1,no_vector_normalization,no_vector_normalization
934,0,0,0,unchanged_correct,tfidf_12_sublinear_lr_liblinear_c1,no_vector_normalization,no_vector_normalization
936,0,1,1,unchanged_error,tfidf_12_sublinear_lr_liblinear_c1,no_vector_normalization,no_vector_normalization
939,0,1,0,fixed_fp,tfidf_12_sublinear_lr_liblinear_c1,no_vector_normalization,no_vector_normalization
941,0,0,0,unchanged_correct,tfidf_12_sublinear_lr_liblinear_c1,no_vector_normalization,no_vector_normalization
951,0,0,0,unchanged_correct,tfidf_12_sublinear_lr_liblinear_c1,no_vector_normalization,no_vector_normalization
956,0,0,0,unchanged_correct,tfidf_12_sublinear_lr_liblinear_c1,no_vector_normalization,no_vector_normalization
959,0,0,0,unchanged_correct,tfidf_12_sublinear_lr_liblinear_c1,no_vector_normalization,no_vector_normalization
960,0,0,0,unchanged_correct,tfidf_12_sublinear_lr_liblinear_c1,no_vector_normalization,no_vector_normalization
968,0,0,0,unchanged_correct,tfidf_12_sublinear_lr_liblinear_c1,no_vector_normalization,no_vector_normalization
977,0,0,0,unchanged_correct,tfidf_12_sublinear_lr_liblinear_c1,no_vector_normalization,no_vector_normalization
982,1,0,0,unchanged_error,tfidf_12_sublinear_lr_liblinear_c1,no_vector_normalization,no_vector_normalization
983,0,0,0,unchanged_correct,tfidf_12_sublinear_lr_liblinear_c1,no_vector_normalization,no_vector_normalization
984,0,0,0,unchanged_correct,tfidf_12_sublinear_lr_liblinear_c1,no_vector_normalization,no_vector_normalization
987,0,0,0,unchanged_correct,tfidf_12_sublinear_lr_liblinear_c1,no_vector_normalization,no_vector_normalization
991,0,0,0,unchanged_correct,tfidf_12_sublinear_lr_liblinear_c1,no_vector_normalization,no_vector_normalization
996,0,0,0,unchanged_correct,tfidf_12_sublinear_lr_liblinear_c1,no_vector_normalization,no_vector_normalization
1006,0,0,0,unchanged_correct,tfidf_12_sublinear_lr_liblinear_c1,no_vector_normalization,no_vector_normalization
1009,0,0,0,unchanged_correct,tfidf_12_sublinear_lr_liblinear_c1,no_vector_normalization,no_vector_normalization
1010,0,0,0,unchanged_correct,tfidf_12_sublinear_lr_liblinear_c1,no_vector_normalization,no_vector_normalization
1023,0,0,0,unchanged_correct,tfidf_12_sublinear_lr_liblinear_c1,no_vector_normalization,no_vector_normalization
1024,0,0,0,unchanged_correct,tfidf_12_sublinear_lr_liblinear_c1,no_vector_normalization,no_vector_normalization
1037,0,0,0,unchanged_correct,tfidf_12_sublinear_lr_liblinear_c1,no_vector_normalization,no_vector_normalization
1043,0,0,0,unchanged_correct,tfidf_12_sublinear_lr_liblinear_c1,no_vector_normalization,no_vector_normalization
1044,0,0,0,unchanged_correct,tfidf_12_sublinear_lr_liblinear_c1,no_vector_normalization,no_vector_normalization
1048,0,0,0,unchanged_correct,tfidf_12_sublinear_lr_liblinear_c1,no_vector_normalization,no_vector_normalization
1050,0,0,0,unchanged_correct,tfidf_12_sublinear_lr_liblinear_c1,no_vector_normalization,no_vector_normalization
1062,0,0,0,unchanged_correct,tfidf_12_sublinear_lr_liblinear_c1,no_vector_normalization,no_vector_normalization
1074,0,0,0,unchanged_correct,tfidf_12_sublinear_lr_liblinear_c1,no_vector_normalization,no_vector_normalization
1082,0,0,0,unchanged_correct,tfidf_12_sublinear_lr_liblinear_c1,no_vector_normalization,no_vector_normalization
1128,0,0,0,unchanged_correct,tfidf_12_sublinear_lr_liblinear_c1,no_vector_normalization,no_vector_normalization
1130,0,0,1,new_fp,tfidf_12_sublinear_lr_liblinear_c1,no_vector_normalization,no_vector_normalization
1168,0,0,0,unchanged_correct,tfidf_12_sublinear_lr_liblinear_c1,no_vector_normalization,no_vector_normalization
1170,0,0,0,unchanged_correct,tfidf_12_sublinear_lr_liblinear_c1,no_vector_normalization,no_vector_normalization
1173,0,0,0,unchanged_correct,tfidf_12_sublinear_lr_liblinear_c1,no_vector_normalization,no_vector_normalization
1196,0,0,0,unchanged_correct,tfidf_12_sublinear_lr_liblinear_c1,no_vector_normalization,no_vector_normalization
1201,0,0,0,unchanged_correct,tfidf_12_sublinear_lr_liblinear_c1,no_vector_normalization,no_vector_normalization
1209,0,0,0,unchanged_correct,tfidf_12_sublinear_lr_liblinear_c1,no_vector_normalization,no_vector_normalization
1211,0,0,0,unchanged_correct,tfidf_12_sublinear_lr_liblinear_c1,no_vector_normalization,no_vector_normalization
1213,0,0,0,unchanged_correct,tfidf_12_sublinear_lr_liblinear_c1,no_vector_normalization,no_vector_normalization
1217,0,1,0,fixed_fp,tfidf_12_sublinear_lr_liblinear_c1,no_vector_normalization,no_vector_normalization
1221,0,0,0,unchanged_correct,tfidf_12_sublinear_lr_liblinear_c1,no_vector_normalization,no_vector_normalization
1230,0,0,1,new_fp,tfidf_12_sublinear_lr_liblinear_c1,no_vector_normalization,no_vector_normalization
1241,0,0,0,unchanged_correct,tfidf_12_sublinear_lr_liblinear_c1,no_vector_normalization,no_vector_normalization
1249,0,0,0,unchanged_correct,tfidf_12_sublinear_lr_liblinear_c1,no_vector_normalization,no_vector_normalization
1259,1,0,0,unchanged_error,tfidf_12_sublinear_lr_liblinear_c1,no_vector_normalization,no_vector_normalization
1264,0,0,0,unchanged_correct,tfidf_12_sublinear_lr_liblinear_c1,no_vector_normalization,no_vector_normalization
1267,0,0,0,unchanged_correct,tfidf_12_sublinear_lr_liblinear_c1,no_vector_normalization,no_vector_normalization
1272,0,0,0,unchanged_correct,tfidf_12_sublinear_lr_liblinear_c1,no_vector_normalization,no_vector_normalization
1294,1,0,0,unchanged_error,tfidf_12_sublinear_lr_liblinear_c1,no_vector_normalization,no_vector_normalization
1296,1,0,0,unchanged_error,tfidf_12_sublinear_lr_liblinear_c1,no_vector_normalization,no_vector_normalization
1297,0,0,0,unchanged_correct,tfidf_12_sublinear_lr_liblinear_c1,no_vector_normalization,no_vector_normalization
1303,0,0,0,unchanged_correct,tfidf_12_sublinear_lr_liblinear_c1,no_vector_normalization,no_vector_normalization
1304,0,0,0,unchanged_correct,tfidf_12_sublinear_lr_liblinear_c1,no_vector_normalization,no_vector_normalization
1315,0,0,0,unchanged_correct,tfidf_12_sublinear_lr_liblinear_c1,no_vector_normalization,no_vector_normalization
1317,0,0,0,unchanged_correct,tfidf_12_sublinear_lr_liblinear_c1,no_vector_normalization,no_vector_normalization
1324,1,0,0,unchanged_error,tfidf_12_sublinear_lr_liblinear_c1,no_vector_normalization,no_vector_normalization
1334,0,0,0,unchanged_correct,tfidf_12_sublinear_lr_liblinear_c1,no_vector_normalization,no_vector_normalization
1337,0,0,0,unchanged_correct,tfidf_12_sublinear_lr_liblinear_c1,no_vector_normalization,no_vector_normalization
1338,0,0,0,unchanged_correct,tfidf_12_sublinear_lr_liblinear_c1,no_vector_normalization,no_vector_normalization
1347,0,0,0,unchanged_correct,tfidf_12_sublinear_lr_liblinear_c1,no_vector_normalization,no_vector_normalization
1348,0,0,0,unchanged_correct,tfidf_12_sublinear_lr_liblinear_c1,no_vector_normalization,no_vector_normalization
1360,1,0,0,unchanged_error,tfidf_12_sublinear_lr_liblinear_c1,no_vector_normalization,no_vector_normalization
1365,0,0,0,unchanged_correct,tfidf_12_sublinear_lr_liblinear_c1,no_vector_normalization,no_vector_normalization
1380,0,0,0,unchanged_correct,tfidf_12_sublinear_lr_liblinear_c1,no_vector_normalization,no_vector_normalization
1389,0,0,0,unchanged_correct,tfidf_12_sublinear_lr_liblinear_c1,no_vector_normalization,no_vector_normalization
1401,0,0,0,unchanged_correct,tfidf_12_sublinear_lr_liblinear_c1,no_vector_normalization,no_vector_normalization
1402,0,0,0,unchanged_correct,tfidf_12_sublinear_lr_liblinear_c1,no_vector_normalization,no_vector_normalization
1405,0,0,0,unchanged_correct,tfidf_12_sublinear_lr_liblinear_c1,no_vector_normalization,no_vector_normalization
1409,1,0,0,unchanged_error,tfidf_12_sublinear_lr_liblinear_c1,no_vector_normalization,no_vector_normalization
1412,0,0,0,unchanged_correct,tfidf_12_sublinear_lr_liblinear_c1,no_vector_normalization,no_vector_normalization
1421,0,0,0,unchanged_correct,tfidf_12_sublinear_lr_liblinear_c1,no_vector_normalization,no_vector_normalization
1425,0,0,0,unchanged_correct,tfidf_12_sublinear_lr_liblinear_c1,no_vector_normalization,no_vector_normalization
1431,0,0,0,unchanged_correct,tfidf_12_sublinear_lr_liblinear_c1,no_vector_normalization,no_vector_normalization
1432,0,0,0,unchanged_correct,tfidf_12_sublinear_lr_liblinear_c1,no_vector_normalization,no_vector_normalization
1440,1,0,0,unchanged_error,tfidf_12_sublinear_lr_liblinear_c1,no_vector_normalization,no_vector_normalization
1444,0,0,0,unchanged_correct,tfidf_12_sublinear_lr_liblinear_c1,no_vector_normalization,no_vector_normalization
1445,0,0,0,unchanged_correct,tfidf_12_sublinear_lr_liblinear_c1,no_vector_normalization,no_vector_normalization
1449,0,0,0,unchanged_correct,tfidf_12_sublinear_lr_liblinear_c1,no_vector_normalization,no_vector_normalization
1459,0,0,0,unchanged_correct,tfidf_12_sublinear_lr_liblinear_c1,no_vector_normalization,no_vector_normalization
1475,0,0,0,unchanged_correct,tfidf_12_sublinear_lr_liblinear_c1,no_vector_normalization,no_vector_normalization
1479,1,0,0,unchanged_error,tfidf_12_sublinear_lr_liblinear_c1,no_vector_normalization,no_vector_normalization
1487,0,0,0,unchanged_correct,tfidf_12_sublinear_lr_liblinear_c1,no_vector_normalization,no_vector_normalization
1488,0,1,0,fixed_fp,tfidf_12_sublinear_lr_liblinear_c1,no_vector_normalization,no_vector_normalization
1503,0,0,0,unchanged_correct,tfidf_12_sublinear_lr_liblinear_c1,no_vector_normalization,no_vector_normalization
1507,0,0,0,unchanged_correct,tfidf_12_sublinear_lr_liblinear_c1,no_vector_normalization,no_vector_normalization
1509,0,0,0,unchanged_correct,tfidf_12_sublinear_lr_liblinear_c1,no_vector_normalization,no_vector_normalization
1520,0,0,0,unchanged_correct,tfidf_12_sublinear_lr_liblinear_c1,no_vector_normalization,no_vector_normalization
1522,0,0,0,unchanged_correct,tfidf_12_sublinear_lr_liblinear_c1,no_vector_normalization,no_vector_normalization
1526,0,0,0,unchanged_correct,tfidf_12_sublinear_lr_liblinear_c1,no_vector_normalization,no_vector_normalization
1547,0,0,0,unchanged_correct,tfidf_12_sublinear_lr_liblinear_c1,no_vector_normalization,no_vector_normalization
1555,1,1,1,unchanged_correct,tfidf_12_sublinear_lr_liblinear_c1,no_vector_normalization,no_vector_normalization
1562,0,0,0,unchanged_correct,tfidf_12_sublinear_lr_liblinear_c1,no_vector_normalization,no_vector_normalization
1567,1,1,1,unchanged_correct,tfidf_12_sublinear_lr_liblinear_c1,no_vector_normalization,no_vector_normalization
1568,0,0,0,unchanged_correct,tfidf_12_sublinear_lr_liblinear_c1,no_vector_normalization,no_vector_normalization
1570,0,0,0,unchanged_correct,tfidf_12_sublinear_lr_liblinear_c1,no_vector_normalization,no_vector_normalization
1599,0,0,1,new_fp,tfidf_12_sublinear_lr_liblinear_c1,no_vector_normalization,no_vector_normalization
1604,1,1,1,unchanged_correct,tfidf_12_sublinear_lr_liblinear_c1,no_vector_normalization,no_vector_normalization
1605,0,0,0,unchanged_correct,tfidf_12_sublinear_lr_liblinear_c1,no_vector_normalization,no_vector_normalization
1611,0,0,0,unchanged_correct,tfidf_12_sublinear_lr_liblinear_c1,no_vector_normalization,no_vector_normalization
1622,0,0,0,unchanged_correct,tfidf_12_sublinear_lr_liblinear_c1,no_vector_normalization,no_vector_normalization
1625,1,1,1,unchanged_correct,tfidf_12_sublinear_lr_liblinear_c1,no_vector_normalization,no_vector_normalization
1628,0,0,0,unchanged_correct,tfidf_12_sublinear_lr_liblinear_c1,no_vector_normalization,no_vector_normalization
1631,1,1,1,unchanged_correct,tfidf_12_sublinear_lr_liblinear_c1,no_vector_normalization,no_vector_normalization
1638,1,1,1,unchanged_correct,tfidf_12_sublinear_lr_liblinear_c1,no_vector_normalization,no_vector_normalization
1645,1,0,1,fixed_fn,tfidf_12_sublinear_lr_liblinear_c1,no_vector_normalization,no_vector_normalization
1646,1,1,1,unchanged_correct,tfidf_12_sublinear_lr_liblinear_c1,no_vector_normalization,no_vector_normalization
1648,1,1,1,unchanged_correct,tfidf_12_sublinear_lr_liblinear_c1,no_vector_normalization,no_vector_normalization
1649,1,1,1,unchanged_correct,tfidf_12_sublinear_lr_liblinear_c1,no_vector_normalization,no_vector_normalization
1666,0,0,0,unchanged_correct,tfidf_12_sublinear_lr_liblinear_c1,no_vector_normalization,no_vector_normalization
1670,1,1,1,unchanged_correct,tfidf_12_sublinear_lr_liblinear_c1,no_vector_normalization,no_vector_normalization
1671,0,1,0,fixed_fp,tfidf_12_sublinear_lr_liblinear_c1,no_vector_normalization,no_vector_normalization
1677,1,1,1,unchanged_correct,tfidf_12_sublinear_lr_liblinear_c1,no_vector_normalization,no_vector_normalization
1684,1,1,1,unchanged_correct,tfidf_12_sublinear_lr_liblinear_c1,no_vector_normalization,no_vector_normalization
1688,1,1,1,unchanged_correct,tfidf_12_sublinear_lr_liblinear_c1,no_vector_normalization,no_vector_normalization
1689,1,1,1,unchanged_correct,tfidf_12_sublinear_lr_liblinear_c1,no_vector_normalization,no_vector_normalization
1699,1,1,1,unchanged_correct,tfidf_12_sublinear_lr_liblinear_c1,no_vector_normalization,no_vector_normalization
1700,1,1,1,unchanged_correct,tfidf_12_sublinear_lr_liblinear_c1,no_vector_normalization,no_vector_normalization
1710,1,1,1,unchanged_correct,tfidf_12_sublinear_lr_liblinear_c1,no_vector_normalization,no_vector_normalization
1719,0,1,0,fixed_fp,tfidf_12_sublinear_lr_liblinear_c1,no_vector_normalization,no_vector_normalization
1724,1,0,1,fixed_fn,tfidf_12_sublinear_lr_liblinear_c1,no_vector_normalization,no_vector_normalization
1725,1,0,1,fixed_fn,tfidf_12_sublinear_lr_liblinear_c1,no_vector_normalization,no_vector_normalization
1737,0,1,0,fixed_fp,tfidf_12_sublinear_lr_liblinear_c1,no_vector_normalization,no_vector_normalization
1744,0,0,0,unchanged_correct,tfidf_12_sublinear_lr_liblinear_c1,no_vector_normalization,no_vector_normalization
1757,1,0,0,unchanged_error,tfidf_12_sublinear_lr_liblinear_c1,no_vector_normalization,no_vector_normalization
1761,1,1,1,unchanged_correct,tfidf_12_sublinear_lr_liblinear_c1,no_vector_normalization,no_vector_normalization
1766,0,1,0,fixed_fp,tfidf_12_sublinear_lr_liblinear_c1,no_vector_normalization,no_vector_normalization
1768,1,1,1,unchanged_correct,tfidf_12_sublinear_lr_liblinear_c1,no_vector_normalization,no_vector_normalization
1771,1,0,0,unchanged_error,tfidf_12_sublinear_lr_liblinear_c1,no_vector_normalization,no_vector_normalization
1772,1,1,1,unchanged_correct,tfidf_12_sublinear_lr_liblinear_c1,no_vector_normalization,no_vector_normalization
1796,1,0,1,fixed_fn,tfidf_12_sublinear_lr_liblinear_c1,no_vector_normalization,no_vector_normalization
1815,1,1,1,unchanged_correct,tfidf_12_sublinear_lr_liblinear_c1,no_vector_normalization,no_vector_normalization
1818,1,1,1,unchanged_correct,tfidf_12_sublinear_lr_liblinear_c1,no_vector_normalization,no_vector_normalization
1847,0,0,0,unchanged_correct,tfidf_12_sublinear_lr_liblinear_c1,no_vector_normalization,no_vector_normalization
1853,0,0,0,unchanged_correct,tfidf_12_sublinear_lr_liblinear_c1,no_vector_normalization,no_vector_normalization
1873,0,0,0,unchanged_correct,tfidf_12_sublinear_lr_liblinear_c1,no_vector_normalization,no_vector_normalization
1875,0,0,0,unchanged_correct,tfidf_12_sublinear_lr_liblinear_c1,no_vector_normalization,no_vector_normalization
1882,0,0,0,unchanged_correct,tfidf_12_sublinear_lr_liblinear_c1,no_vector_normalization,no_vector_normalization
1886,0,0,0,unchanged_correct,tfidf_12_sublinear_lr_liblinear_c1,no_vector_normalization,no_vector_normalization
1898,0,0,0,unchanged_correct,tfidf_12_sublinear_lr_liblinear_c1,no_vector_normalization,no_vector_normalization
1905,0,0,0,unchanged_correct,tfidf_12_sublinear_lr_liblinear_c1,no_vector_normalization,no_vector_normalization
1911,0,0,0,unchanged_correct,tfidf_12_sublinear_lr_liblinear_c1,no_vector_normalization,no_vector_normalization
1917,0,0,0,unchanged_correct,tfidf_12_sublinear_lr_liblinear_c1,no_vector_normalization,no_vector_normalization
1918,0,1,0,fixed_fp,tfidf_12_sublinear_lr_liblinear_c1,no_vector_normalization,no_vector_normalization
1927,1,1,1,unchanged_correct,tfidf_12_sublinear_lr_liblinear_c1,no_vector_normalization,no_vector_normalization
1945,1,1,1,unchanged_correct,tfidf_12_sublinear_lr_liblinear_c1,no_vector_normalization,no_vector_normalization
1956,0,0,1,new_fp,tfidf_12_sublinear_lr_liblinear_c1,no_vector_normalization,no_vector_normalization
1967,1,0,0,unchanged_error,tfidf_12_sublinear_lr_liblinear_c1,no_vector_normalization,no_vector_normalization
1973,1,0,1,fixed_fn,tfidf_12_sublinear_lr_liblinear_c1,no_vector_normalization,no_vector_normalization
1981,0,0,0,unchanged_correct,tfidf_12_sublinear_lr_liblinear_c1,no_vector_normalization,no_vector_normalization
1983,1,0,1,fixed_fn,tfidf_12_sublinear_lr_liblinear_c1,no_vector_normalization,no_vector_normalization
1985,1,1,0,new_fn,tfidf_12_sublinear_lr_liblinear_c1,no_vector_normalization,no_vector_normalization
1992,1,0,1,fixed_fn,tfidf_12_sublinear_lr_liblinear_c1,no_vector_normalization,no_vector_normalization
1999,0,0,0,unchanged_correct,tfidf_12_sublinear_lr_liblinear_c1,no_vector_normalization,no_vector_normalization
2007,1,1,1,unchanged_correct,tfidf_12_sublinear_lr_liblinear_c1,no_vector_normalization,no_vector_normalization
2023,1,1,1,unchanged_correct,tfidf_12_sublinear_lr_liblinear_c1,no_vector_normalization,no_vector_normalization
2028,0,0,0,unchanged_correct,tfidf_12_sublinear_lr_liblinear_c1,no_vector_normalization,no_vector_normalization
2036,1,1,1,unchanged_correct,tfidf_12_sublinear_lr_liblinear_c1,no_vector_normalization,no_vector_normalization
2039,1,0,0,unchanged_error,tfidf_12_sublinear_lr_liblinear_c1,no_vector_normalization,no_vector_normalization
2043,1,1,1,unchanged_correct,tfidf_12_sublinear_lr_liblinear_c1,no_vector_normalization,no_vector_normalization
2047,1,1,1,unchanged_correct,tfidf_12_sublinear_lr_liblinear_c1,no_vector_normalization,no_vector_normalization
2068,1,0,1,fixed_fn,tfidf_12_sublinear_lr_liblinear_c1,no_vector_normalization,no_vector_normalization
2083,0,0,0,unchanged_correct,tfidf_12_sublinear_lr_liblinear_c1,no_vector_normalization,no_vector_normalization
2084,0,0,0,unchanged_correct,tfidf_12_sublinear_lr_liblinear_c1,no_vector_normalization,no_vector_normalization
2087,0,0,0,unchanged_correct,tfidf_12_sublinear_lr_liblinear_c1,no_vector_normalization,no_vector_normalization
2100,1,1,1,unchanged_correct,tfidf_12_sublinear_lr_liblinear_c1,no_vector_normalization,no_vector_normalization
2109,1,0,0,unchanged_error,tfidf_12_sublinear_lr_liblinear_c1,no_vector_normalization,no_vector_normalization
2117,0,0,0,unchanged_correct,tfidf_12_sublinear_lr_liblinear_c1,no_vector_normalization,no_vector_normalization
2126,0,0,0,unchanged_correct,tfidf_12_sublinear_lr_liblinear_c1,no_vector_normalization,no_vector_normalization
2134,0,1,1,unchanged_error,tfidf_12_sublinear_lr_liblinear_c1,no_vector_normalization,no_vector_normalization
2142,0,0,0,unchanged_correct,tfidf_12_sublinear_lr_liblinear_c1,no_vector_normalization,no_vector_normalization
2154,0,0,0,unchanged_correct,tfidf_12_sublinear_lr_liblinear_c1,no_vector_normalization,no_vector_normalization
2175,0,0,0,unchanged_correct,tfidf_12_sublinear_lr_liblinear_c1,no_vector_normalization,no_vector_normalization
2188,1,1,1,unchanged_correct,tfidf_12_sublinear_lr_liblinear_c1,no_vector_normalization,no_vector_normalization
2189,1,1,1,unchanged_correct,tfidf_12_sublinear_lr_liblinear_c1,no_vector_normalization,no_vector_normalization
2190,1,1,1,unchanged_correct,tfidf_12_sublinear_lr_liblinear_c1,no_vector_normalization,no_vector_normalization
2191,1,0,0,unchanged_error,tfidf_12_sublinear_lr_liblinear_c1,no_vector_normalization,no_vector_normalization
2192,1,1,1,unchanged_correct,tfidf_12_sublinear_lr_liblinear_c1,no_vector_normalization,no_vector_normalization
2194,1,0,0,unchanged_error,tfidf_12_sublinear_lr_liblinear_c1,no_vector_normalization,no_vector_normalization
2203,0,0,0,unchanged_correct,tfidf_12_sublinear_lr_liblinear_c1,no_vector_normalization,no_vector_normalization
2210,0,0,0,unchanged_correct,tfidf_12_sublinear_lr_liblinear_c1,no_vector_normalization,no_vector_normalization
2235,0,0,0,unchanged_correct,tfidf_12_sublinear_lr_liblinear_c1,no_vector_normalization,no_vector_normalization
2255,0,0,0,unchanged_correct,tfidf_12_sublinear_lr_liblinear_c1,no_vector_normalization,no_vector_normalization
2257,0,1,0,fixed_fp,tfidf_12_sublinear_lr_liblinear_c1,no_vector_normalization,no_vector_normalization
2282,1,0,0,unchanged_error,tfidf_12_sublinear_lr_liblinear_c1,no_vector_normalization,no_vector_normalization
2288,0,0,0,unchanged_correct,tfidf_12_sublinear_lr_liblinear_c1,no_vector_normalization,no_vector_normalization
2301,0,1,1,unchanged_error,tfidf_12_sublinear_lr_liblinear_c1,no_vector_normalization,no_vector_normalization
2308,0,0,0,unchanged_correct,tfidf_12_sublinear_lr_liblinear_c1,no_vector_normalization,no_vector_normalization
2329,0,1,1,unchanged_error,tfidf_12_sublinear_lr_liblinear_c1,no_vector_normalization,no_vector_normalization
2334,0,1,0,fixed_fp,tfidf_12_sublinear_lr_liblinear_c1,no_vector_normalization,no_vector_normalization
2336,0,0,1,new_fp,tfidf_12_sublinear_lr_liblinear_c1,no_vector_normalization,no_vector_normalization
2351,0,1,1,unchanged_error,tfidf_12_sublinear_lr_liblinear_c1,no_vector_normalization,no_vector_normalization
2373,0,0,0,unchanged_correct,tfidf_12_sublinear_lr_liblinear_c1,no_vector_normalization,no_vector_normalization
2374,0,0,0,unchanged_correct,tfidf_12_sublinear_lr_liblinear_c1,no_vector_normalization,no_vector_normalization
2385,0,0,0,unchanged_correct,tfidf_12_sublinear_lr_liblinear_c1,no_vector_normalization,no_vector_normalization
2387,0,0,0,unchanged_correct,tfidf_12_sublinear_lr_liblinear_c1,no_vector_normalization,no_vector_normalization
2395,0,0,0,unchanged_correct,tfidf_12_sublinear_lr_liblinear_c1,no_vector_normalization,no_vector_normalization
2396,1,0,0,unchanged_error,tfidf_12_sublinear_lr_liblinear_c1,no_vector_normalization,no_vector_normalization
2398,1,0,0,unchanged_error,tfidf_12_sublinear_lr_liblinear_c1,no_vector_normalization,no_vector_normalization
2400,1,0,0,unchanged_error,tfidf_12_sublinear_lr_liblinear_c1,no_vector_normalization,no_vector_normalization
2408,0,0,0,unchanged_correct,tfidf_12_sublinear_lr_liblinear_c1,no_vector_normalization,no_vector_normalization
2409,0,0,0,unchanged_correct,tfidf_12_sublinear_lr_liblinear_c1,no_vector_normalization,no_vector_normalization
2412,0,0,0,unchanged_correct,tfidf_12_sublinear_lr_liblinear_c1,no_vector_normalization,no_vector_normalization
2417,0,0,0,unchanged_correct,tfidf_12_sublinear_lr_liblinear_c1,no_vector_normalization,no_vector_normalization
2418,0,0,0,unchanged_correct,tfidf_12_sublinear_lr_liblinear_c1,no_vector_normalization,no_vector_normalization
2437,0,0,0,unchanged_correct,tfidf_12_sublinear_lr_liblinear_c1,no_vector_normalization,no_vector_normalization
2442,0,0,0,unchanged_correct,tfidf_12_sublinear_lr_liblinear_c1,no_vector_normalization,no_vector_normalization
2453,0,0,0,unchanged_correct,tfidf_12_sublinear_lr_liblinear_c1,no_vector_normalization,no_vector_normalization
2455,0,0,0,unchanged_correct,tfidf_12_sublinear_lr_liblinear_c1,no_vector_normalization,no_vector_normalization
2456,0,0,0,unchanged_correct,tfidf_12_sublinear_lr_liblinear_c1,no_vector_normalization,no_vector_normalization
2486,0,0,0,unchanged_correct,tfidf_12_sublinear_lr_liblinear_c1,no_vector_normalization,no_vector_normalization
2499,1,1,1,unchanged_correct,tfidf_12_sublinear_lr_liblinear_c1,no_vector_normalization,no_vector_normalization
2505,1,0,0,unchanged_error,tfidf_12_sublinear_lr_liblinear_c1,no_vector_normalization,no_vector_normalization
2520,0,0,0,unchanged_correct,tfidf_12_sublinear_lr_liblinear_c1,no_vector_normalization,no_vector_normalization
2528,1,1,0,new_fn,tfidf_12_sublinear_lr_liblinear_c1,no_vector_normalization,no_vector_normalization
2540,1,1,1,unchanged_correct,tfidf_12_sublinear_lr_liblinear_c1,no_vector_normalization,no_vector_normalization
2543,1,1,1,unchanged_correct,tfidf_12_sublinear_lr_liblinear_c1,no_vector_normalization,no_vector_normalization
2545,1,0,0,unchanged_error,tfidf_12_sublinear_lr_liblinear_c1,no_vector_normalization,no_vector_normalization
2546,1,1,1,unchanged_correct,tfidf_12_sublinear_lr_liblinear_c1,no_vector_normalization,no_vector_normalization
2548,1,1,1,unchanged_correct,tfidf_12_sublinear_lr_liblinear_c1,no_vector_normalization,no_vector_normalization
2569,0,0,0,unchanged_correct,tfidf_12_sublinear_lr_liblinear_c1,no_vector_normalization,no_vector_normalization
2579,0,0,0,unchanged_correct,tfidf_12_sublinear_lr_liblinear_c1,no_vector_normalization,no_vector_normalization
2594,0,0,0,unchanged_correct,tfidf_12_sublinear_lr_liblinear_c1,no_vector_normalization,no_vector_normalization
2598,1,1,1,unchanged_correct,tfidf_12_sublinear_lr_liblinear_c1,no_vector_normalization,no_vector_normalization
2609,1,1,1,unchanged_correct,tfidf_12_sublinear_lr_liblinear_c1,no_vector_normalization,no_vector_normalization
2611,1,0,0,unchanged_error,tfidf_12_sublinear_lr_liblinear_c1,no_vector_normalization,no_vector_normalization
2617,1,1,1,unchanged_correct,tfidf_12_sublinear_lr_liblinear_c1,no_vector_normalization,no_vector_normalization
2619,1,0,0,unchanged_error,tfidf_12_sublinear_lr_liblinear_c1,no_vector_normalization,no_vector_normalization
2644,0,0,0,unchanged_correct,tfidf_12_sublinear_lr_liblinear_c1,no_vector_normalization,no_vector_normalization
2671,0,0,0,unchanged_correct,tfidf_12_sublinear_lr_liblinear_c1,no_vector_normalization,no_vector_normalization
2672,0,0,0,unchanged_correct,tfidf_12_sublinear_lr_liblinear_c1,no_vector_normalization,no_vector_normalization
2675,1,0,0,unchanged_error,tfidf_12_sublinear_lr_liblinear_c1,no_vector_normalization,no_vector_normalization
2679,0,0,0,unchanged_correct,tfidf_12_sublinear_lr_liblinear_c1,no_vector_normalization,no_vector_normalization
2687,0,0,0,unchanged_correct,tfidf_12_sublinear_lr_liblinear_c1,no_vector_normalization,no_vector_normalization
2707,0,0,0,unchanged_correct,tfidf_12_sublinear_lr_liblinear_c1,no_vector_normalization,no_vector_normalization
2709,0,0,0,unchanged_correct,tfidf_12_sublinear_lr_liblinear_c1,no_vector_normalization,no_vector_normalization
2715,0,0,0,unchanged_correct,tfidf_12_sublinear_lr_liblinear_c1,no_vector_normalization,no_vector_normalization
2727,0,0,0,unchanged_correct,tfidf_12_sublinear_lr_liblinear_c1,no_vector_normalization,no_vector_normalization
2730,0,0,0,unchanged_correct,tfidf_12_sublinear_lr_liblinear_c1,no_vector_normalization,no_vector_normalization
2736,0,0,0,unchanged_correct,tfidf_12_sublinear_lr_liblinear_c1,no_vector_normalization,no_vector_normalization
2740,1,0,0,unchanged_error,tfidf_12_sublinear_lr_liblinear_c1,no_vector_normalization,no_vector_normalization
2756,0,0,0,unchanged_correct,tfidf_12_sublinear_lr_liblinear_c1,no_vector_normalization,no_vector_normalization
2757,0,0,0,unchanged_correct,tfidf_12_sublinear_lr_liblinear_c1,no_vector_normalization,no_vector_normalization
2758,0,0,0,unchanged_correct,tfidf_12_sublinear_lr_liblinear_c1,no_vector_normalization,no_vector_normalization
2768,0,0,0,unchanged_correct,tfidf_12_sublinear_lr_liblinear_c1,no_vector_normalization,no_vector_normalization
2770,0,0,0,unchanged_correct,tfidf_12_sublinear_lr_liblinear_c1,no_vector_normalization,no_vector_normalization
2777,0,0,0,unchanged_correct,tfidf_12_sublinear_lr_liblinear_c1,no_vector_normalization,no_vector_normalization
2786,0,0,0,unchanged_correct,tfidf_12_sublinear_lr_liblinear_c1,no_vector_normalization,no_vector_normalization
2793,0,0,0,unchanged_correct,tfidf_12_sublinear_lr_liblinear_c1,no_vector_normalization,no_vector_normalization
2794,0,0,0,unchanged_correct,tfidf_12_sublinear_lr_liblinear_c1,no_vector_normalization,no_vector_normalization
2797,0,0,0,unchanged_correct,tfidf_12_sublinear_lr_liblinear_c1,no_vector_normalization,no_vector_normalization
2802,0,0,0,unchanged_correct,tfidf_12_sublinear_lr_liblinear_c1,no_vector_normalization,no_vector_normalization
2808,0,0,0,unchanged_correct,tfidf_12_sublinear_lr_liblinear_c1,no_vector_normalization,no_vector_normalization
2822,1,0,1,fixed_fn,tfidf_12_sublinear_lr_liblinear_c1,no_vector_normalization,no_vector_normalization
2826,1,1,1,unchanged_correct,tfidf_12_sublinear_lr_liblinear_c1,no_vector_normalization,no_vector_normalization
2829,0,0,0,unchanged_correct,tfidf_12_sublinear_lr_liblinear_c1,no_vector_normalization,no_vector_normalization
2830,0,0,0,unchanged_correct,tfidf_12_sublinear_lr_liblinear_c1,no_vector_normalization,no_vector_normalization
2842,1,1,1,unchanged_correct,tfidf_12_sublinear_lr_liblinear_c1,no_vector_normalization,no_vector_normalization
2843,0,0,0,unchanged_correct,tfidf_12_sublinear_lr_liblinear_c1,no_vector_normalization,no_vector_normalization
2844,0,1,1,unchanged_error,tfidf_12_sublinear_lr_liblinear_c1,no_vector_normalization,no_vector_normalization
2849,1,1,1,unchanged_correct,tfidf_12_sublinear_lr_liblinear_c1,no_vector_normalization,no_vector_normalization
2852,0,0,0,unchanged_correct,tfidf_12_sublinear_lr_liblinear_c1,no_vector_normalization,no_vector_normalization
2856,0,0,0,unchanged_correct,tfidf_12_sublinear_lr_liblinear_c1,no_vector_normalization,no_vector_normalization
2863,1,1,1,unchanged_correct,tfidf_12_sublinear_lr_liblinear_c1,no_vector_normalization,no_vector_normalization
2867,0,0,0,unchanged_correct,tfidf_12_sublinear_lr_liblinear_c1,no_vector_normalization,no_vector_normalization
2871,1,0,0,unchanged_error,tfidf_12_sublinear_lr_liblinear_c1,no_vector_normalization,no_vector_normalization
2872,0,1,0,fixed_fp,tfidf_12_sublinear_lr_liblinear_c1,no_vector_normalization,no_vector_normalization
2875,0,0,0,unchanged_correct,tfidf_12_sublinear_lr_liblinear_c1,no_vector_normalization,no_vector_normalization
2879,1,0,0,unchanged_error,tfidf_12_sublinear_lr_liblinear_c1,no_vector_normalization,no_vector_normalization
2880,0,0,0,unchanged_correct,tfidf_12_sublinear_lr_liblinear_c1,no_vector_normalization,no_vector_normalization
2884,1,0,1,fixed_fn,tfidf_12_sublinear_lr_liblinear_c1,no_vector_normalization,no_vector_normalization
2889,1,1,1,unchanged_correct,tfidf_12_sublinear_lr_liblinear_c1,no_vector_normalization,no_vector_normalization
2899,0,0,0,unchanged_correct,tfidf_12_sublinear_lr_liblinear_c1,no_vector_normalization,no_vector_normalization
2900,1,0,0,unchanged_error,tfidf_12_sublinear_lr_liblinear_c1,no_vector_normalization,no_vector_normalization
2913,1,0,0,unchanged_error,tfidf_12_sublinear_lr_liblinear_c1,no_vector_normalization,no_vector_normalization
2941,0,0,0,unchanged_correct,tfidf_12_sublinear_lr_liblinear_c1,no_vector_normalization,no_vector_normalization
2942,1,0,0,unchanged_error,tfidf_12_sublinear_lr_liblinear_c1,no_vector_normalization,no_vector_normalization
2944,0,0,0,unchanged_correct,tfidf_12_sublinear_lr_liblinear_c1,no_vector_normalization,no_vector_normalization
2950,1,0,0,unchanged_error,tfidf_12_sublinear_lr_liblinear_c1,no_vector_normalization,no_vector_normalization
2957,0,0,0,unchanged_correct,tfidf_12_sublinear_lr_liblinear_c1,no_vector_normalization,no_vector_normalization
2960,0,0,0,unchanged_correct,tfidf_12_sublinear_lr_liblinear_c1,no_vector_normalization,no_vector_normalization
2965,0,0,0,unchanged_correct,tfidf_12_sublinear_lr_liblinear_c1,no_vector_normalization,no_vector_normalization
2971,0,0,1,new_fp,tfidf_12_sublinear_lr_liblinear_c1,no_vector_normalization,no_vector_normalization
2983,0,0,0,unchanged_correct,tfidf_12_sublinear_lr_liblinear_c1,no_vector_normalization,no_vector_normalization
2993,1,1,1,unchanged_correct,tfidf_12_sublinear_lr_liblinear_c1,no_vector_normalization,no_vector_normalization
2998,0,0,0,unchanged_correct,tfidf_12_sublinear_lr_liblinear_c1,no_vector_normalization,no_vector_normalization
3001,0,0,0,unchanged_correct,tfidf_12_sublinear_lr_liblinear_c1,no_vector_normalization,no_vector_normalization
3005,1,0,0,unchanged_error,tfidf_12_sublinear_lr_liblinear_c1,no_vector_normalization,no_vector_normalization
3013,0,0,0,unchanged_correct,tfidf_12_sublinear_lr_liblinear_c1,no_vector_normalization,no_vector_normalization
3029,0,0,0,unchanged_correct,tfidf_12_sublinear_lr_liblinear_c1,no_vector_normalization,no_vector_normalization
3037,1,0,0,unchanged_error,tfidf_12_sublinear_lr_liblinear_c1,no_vector_normalization,no_vector_normalization
3043,0,0,0,unchanged_correct,tfidf_12_sublinear_lr_liblinear_c1,no_vector_normalization,no_vector_normalization
3044,0,1,1,unchanged_error,tfidf_12_sublinear_lr_liblinear_c1,no_vector_normalization,no_vector_normalization
3060,1,1,1,unchanged_correct,tfidf_12_sublinear_lr_liblinear_c1,no_vector_normalization,no_vector_normalization
3068,0,1,1,unchanged_error,tfidf_12_sublinear_lr_liblinear_c1,no_vector_normalization,no_vector_normalization
3070,0,1,1,unchanged_error,tfidf_12_sublinear_lr_liblinear_c1,no_vector_normalization,no_vector_normalization
3073,1,1,1,unchanged_correct,tfidf_12_sublinear_lr_liblinear_c1,no_vector_normalization,no_vector_normalization
3080,0,0,0,unchanged_correct,tfidf_12_sublinear_lr_liblinear_c1,no_vector_normalization,no_vector_normalization
3082,1,1,1,unchanged_correct,tfidf_12_sublinear_lr_liblinear_c1,no_vector_normalization,no_vector_normalization
3085,0,0,0,unchanged_correct,tfidf_12_sublinear_lr_liblinear_c1,no_vector_normalization,no_vector_normalization
3086,1,1,1,unchanged_correct,tfidf_12_sublinear_lr_liblinear_c1,no_vector_normalization,no_vector_normalization
3095,1,1,1,unchanged_correct,tfidf_12_sublinear_lr_liblinear_c1,no_vector_normalization,no_vector_normalization
3101,1,0,0,unchanged_error,tfidf_12_sublinear_lr_liblinear_c1,no_vector_normalization,no_vector_normalization
3114,1,0,0,unchanged_error,tfidf_12_sublinear_lr_liblinear_c1,no_vector_normalization,no_vector_normalization
3115,1,1,1,unchanged_correct,tfidf_12_sublinear_lr_liblinear_c1,no_vector_normalization,no_vector_normalization
3117,1,1,1,unchanged_correct,tfidf_12_sublinear_lr_liblinear_c1,no_vector_normalization,no_vector_normalization
3123,1,1,1,unchanged_correct,tfidf_12_sublinear_lr_liblinear_c1,no_vector_normalization,no_vector_normalization
3134,1,1,1,unchanged_correct,tfidf_12_sublinear_lr_liblinear_c1,no_vector_normalization,no_vector_normalization
3138,1,1,1,unchanged_correct,tfidf_12_sublinear_lr_liblinear_c1,no_vector_normalization,no_vector_normalization
3140,1,1,1,unchanged_correct,tfidf_12_sublinear_lr_liblinear_c1,no_vector_normalization,no_vector_normalization
3145,1,1,1,unchanged_correct,tfidf_12_sublinear_lr_liblinear_c1,no_vector_normalization,no_vector_normalization
3150,1,1,1,unchanged_correct,tfidf_12_sublinear_lr_liblinear_c1,no_vector_normalization,no_vector_normalization
3153,0,0,0,unchanged_correct,tfidf_12_sublinear_lr_liblinear_c1,no_vector_normalization,no_vector_normalization
3176,0,0,0,unchanged_correct,tfidf_12_sublinear_lr_liblinear_c1,no_vector_normalization,no_vector_normalization
3179,0,0,1,new_fp,tfidf_12_sublinear_lr_liblinear_c1,no_vector_normalization,no_vector_normalization
3183,0,0,0,unchanged_correct,tfidf_12_sublinear_lr_liblinear_c1,no_vector_normalization,no_vector_normalization
3185,0,0,0,unchanged_correct,tfidf_12_sublinear_lr_liblinear_c1,no_vector_normalization,no_vector_normalization
3188,0,0,0,unchanged_correct,tfidf_12_sublinear_lr_liblinear_c1,no_vector_normalization,no_vector_normalization
3193,0,0,0,unchanged_correct,tfidf_12_sublinear_lr_liblinear_c1,no_vector_normalization,no_vector_normalization
3197,0,1,0,fixed_fp,tfidf_12_sublinear_lr_liblinear_c1,no_vector_normalization,no_vector_normalization
3200,0,0,0,unchanged_correct,tfidf_12_sublinear_lr_liblinear_c1,no_vector_normalization,no_vector_normalization
3201,0,0,0,unchanged_correct,tfidf_12_sublinear_lr_liblinear_c1,no_vector_normalization,no_vector_normalization
3235,0,0,0,unchanged_correct,tfidf_12_sublinear_lr_liblinear_c1,no_vector_normalization,no_vector_normalization
3240,1,0,0,unchanged_error,tfidf_12_sublinear_lr_liblinear_c1,no_vector_normalization,no_vector_normalization
3245,0,0,1,new_fp,tfidf_12_sublinear_lr_liblinear_c1,no_vector_normalization,no_vector_normalization
3263,0,0,0,unchanged_correct,tfidf_12_sublinear_lr_liblinear_c1,no_vector_normalization,no_vector_normalization
3270,1,0,0,unchanged_error,tfidf_12_sublinear_lr_liblinear_c1,no_vector_normalization,no_vector_normalization
3277,0,0,0,unchanged_correct,tfidf_12_sublinear_lr_liblinear_c1,no_vector_normalization,no_vector_normalization
3284,0,0,0,unchanged_correct,tfidf_12_sublinear_lr_liblinear_c1,no_vector_normalization,no_vector_normalization
3285,0,0,0,unchanged_correct,tfidf_12_sublinear_lr_liblinear_c1,no_vector_normalization,no_vector_normalization
3296,0,0,0,unchanged_correct,tfidf_12_sublinear_lr_liblinear_c1,no_vector_normalization,no_vector_normalization
3297,0,0,0,unchanged_correct,tfidf_12_sublinear_lr_liblinear_c1,no_vector_normalization,no_vector_normalization
3304,0,0,0,unchanged_correct,tfidf_12_sublinear_lr_liblinear_c1,no_vector_normalization,no_vector_normalization
3309,0,0,0,unchanged_correct,tfidf_12_sublinear_lr_liblinear_c1,no_vector_normalization,no_vector_normalization
3311,0,0,0,unchanged_correct,tfidf_12_sublinear_lr_liblinear_c1,no_vector_normalization,no_vector_normalization
3312,0,0,0,unchanged_correct,tfidf_12_sublinear_lr_liblinear_c1,no_vector_normalization,no_vector_normalization
3322,0,0,0,unchanged_correct,tfidf_12_sublinear_lr_liblinear_c1,no_vector_normalization,no_vector_normalization
3329,0,0,0,unchanged_correct,tfidf_12_sublinear_lr_liblinear_c1,no_vector_normalization,no_vector_normalization
3341,0,1,0,fixed_fp,tfidf_12_sublinear_lr_liblinear_c1,no_vector_normalization,no_vector_normalization
3345,0,1,0,fixed_fp,tfidf_12_sublinear_lr_liblinear_c1,no_vector_normalization,no_vector_normalization
3377,0,0,0,unchanged_correct,tfidf_12_sublinear_lr_liblinear_c1,no_vector_normalization,no_vector_normalization
3389,0,1,0,fixed_fp,tfidf_12_sublinear_lr_liblinear_c1,no_vector_normalization,no_vector_normalization
3390,0,0,0,unchanged_correct,tfidf_12_sublinear_lr_liblinear_c1,no_vector_normalization,no_vector_normalization
3393,0,0,0,unchanged_correct,tfidf_12_sublinear_lr_liblinear_c1,no_vector_normalization,no_vector_normalization
3397,1,1,1,unchanged_correct,tfidf_12_sublinear_lr_liblinear_c1,no_vector_normalization,no_vector_normalization
3402,0,0,0,unchanged_correct,tfidf_12_sublinear_lr_liblinear_c1,no_vector_normalization,no_vector_normalization
3408,0,0,0,unchanged_correct,tfidf_12_sublinear_lr_liblinear_c1,no_vector_normalization,no_vector_normalization
3410,0,0,0,unchanged_correct,tfidf_12_sublinear_lr_liblinear_c1,no_vector_normalization,no_vector_normalization
3413,1,1,1,unchanged_correct,tfidf_12_sublinear_lr_liblinear_c1,no_vector_normalization,no_vector_normalization
3419,1,0,1,fixed_fn,tfidf_12_sublinear_lr_liblinear_c1,no_vector_normalization,no_vector_normalization
3428,0,0,0,unchanged_correct,tfidf_12_sublinear_lr_liblinear_c1,no_vector_normalization,no_vector_normalization
3432,1,1,1,unchanged_correct,tfidf_12_sublinear_lr_liblinear_c1,no_vector_normalization,no_vector_normalization
3433,0,1,1,unchanged_error,tfidf_12_sublinear_lr_liblinear_c1,no_vector_normalization,no_vector_normalization
3436,1,1,1,unchanged_correct,tfidf_12_sublinear_lr_liblinear_c1,no_vector_normalization,no_vector_normalization
3440,0,0,0,unchanged_correct,tfidf_12_sublinear_lr_liblinear_c1,no_vector_normalization,no_vector_normalization
3450,0,0,0,unchanged_correct,tfidf_12_sublinear_lr_liblinear_c1,no_vector_normalization,no_vector_normalization
3462,1,1,1,unchanged_correct,tfidf_12_sublinear_lr_liblinear_c1,no_vector_normalization,no_vector_normalization
3476,1,0,0,unchanged_error,tfidf_12_sublinear_lr_liblinear_c1,no_vector_normalization,no_vector_normalization
3481,0,1,1,unchanged_error,tfidf_12_sublinear_lr_liblinear_c1,no_vector_normalization,no_vector_normalization
3483,0,0,0,unchanged_correct,tfidf_12_sublinear_lr_liblinear_c1,no_vector_normalization,no_vector_normalization
3486,1,1,1,unchanged_correct,tfidf_12_sublinear_lr_liblinear_c1,no_vector_normalization,no_vector_normalization
3495,1,1,1,unchanged_correct,tfidf_12_sublinear_lr_liblinear_c1,no_vector_normalization,no_vector_normalization
3500,1,1,1,unchanged_correct,tfidf_12_sublinear_lr_liblinear_c1,no_vector_normalization,no_vector_normalization
3501,1,1,1,unchanged_correct,tfidf_12_sublinear_lr_liblinear_c1,no_vector_normalization,no_vector_normalization
3503,1,1,1,unchanged_correct,tfidf_12_sublinear_lr_liblinear_c1,no_vector_normalization,no_vector_normalization
3504,1,1,1,unchanged_correct,tfidf_12_sublinear_lr_liblinear_c1,no_vector_normalization,no_vector_normalization
3505,1,1,1,unchanged_correct,tfidf_12_sublinear_lr_liblinear_c1,no_vector_normalization,no_vector_normalization
3506,1,0,1,fixed_fn,tfidf_12_sublinear_lr_liblinear_c1,no_vector_normalization,no_vector_normalization
3517,1,1,1,unchanged_correct,tfidf_12_sublinear_lr_liblinear_c1,no_vector_normalization,no_vector_normalization
3519,1,1,1,unchanged_correct,tfidf_12_sublinear_lr_liblinear_c1,no_vector_normalization,no_vector_normalization
3525,1,0,0,unchanged_error,tfidf_12_sublinear_lr_liblinear_c1,no_vector_normalization,no_vector_normalization
3527,1,1,1,unchanged_correct,tfidf_12_sublinear_lr_liblinear_c1,no_vector_normalization,no_vector_normalization
3566,0,1,0,fixed_fp,tfidf_12_sublinear_lr_liblinear_c1,no_vector_normalization,no_vector_normalization
3570,0,0,0,unchanged_correct,tfidf_12_sublinear_lr_liblinear_c1,no_vector_normalization,no_vector_normalization
3588,0,0,0,unchanged_correct,tfidf_12_sublinear_lr_liblinear_c1,no_vector_normalization,no_vector_normalization
3598,1,1,0,new_fn,tfidf_12_sublinear_lr_liblinear_c1,no_vector_normalization,no_vector_normalization
3602,1,0,0,unchanged_error,tfidf_12_sublinear_lr_liblinear_c1,no_vector_normalization,no_vector_normalization
3604,0,0,0,unchanged_correct,tfidf_12_sublinear_lr_liblinear_c1,no_vector_normalization,no_vector_normalization
3607,1,0,0,unchanged_error,tfidf_12_sublinear_lr_liblinear_c1,no_vector_normalization,no_vector_normalization
3608,0,0,0,unchanged_correct,tfidf_12_sublinear_lr_liblinear_c1,no_vector_normalization,no_vector_normalization
3625,1,0,0,unchanged_error,tfidf_12_sublinear_lr_liblinear_c1,no_vector_normalization,no_vector_normalization
3627,0,0,0,unchanged_correct,tfidf_12_sublinear_lr_liblinear_c1,no_vector_normalization,no_vector_normalization
3629,0,0,0,unchanged_correct,tfidf_12_sublinear_lr_liblinear_c1,no_vector_normalization,no_vector_normalization
3638,0,0,0,unchanged_correct,tfidf_12_sublinear_lr_liblinear_c1,no_vector_normalization,no_vector_normalization
3648,0,1,1,unchanged_error,tfidf_12_sublinear_lr_liblinear_c1,no_vector_normalization,no_vector_normalization
3653,0,0,0,unchanged_correct,tfidf_12_sublinear_lr_liblinear_c1,no_vector_normalization,no_vector_normalization
3658,0,0,0,unchanged_correct,tfidf_12_sublinear_lr_liblinear_c1,no_vector_normalization,no_vector_normalization
3691,0,0,0,unchanged_correct,tfidf_12_sublinear_lr_liblinear_c1,no_vector_normalization,no_vector_normalization
3704,0,0,0,unchanged_correct,tfidf_12_sublinear_lr_liblinear_c1,no_vector_normalization,no_vector_normalization
3712,0,0,0,unchanged_correct,tfidf_12_sublinear_lr_liblinear_c1,no_vector_normalization,no_vector_normalization
3723,0,0,0,unchanged_correct,tfidf_12_sublinear_lr_liblinear_c1,no_vector_normalization,no_vector_normalization
3739,0,0,0,unchanged_correct,tfidf_12_sublinear_lr_liblinear_c1,no_vector_normalization,no_vector_normalization
3742,0,0,0,unchanged_correct,tfidf_12_sublinear_lr_liblinear_c1,no_vector_normalization,no_vector_normalization
3745,1,1,0,new_fn,tfidf_12_sublinear_lr_liblinear_c1,no_vector_normalization,no_vector_normalization
3756,0,1,0,fixed_fp,tfidf_12_sublinear_lr_liblinear_c1,no_vector_normalization,no_vector_normalization
3764,0,0,0,unchanged_correct,tfidf_12_sublinear_lr_liblinear_c1,no_vector_normalization,no_vector_normalization
3770,1,1,1,unchanged_correct,tfidf_12_sublinear_lr_liblinear_c1,no_vector_normalization,no_vector_normalization
3771,0,0,0,unchanged_correct,tfidf_12_sublinear_lr_liblinear_c1,no_vector_normalization,no_vector_normalization
3774,0,0,0,unchanged_correct,tfidf_12_sublinear_lr_liblinear_c1,no_vector_normalization,no_vector_normalization
3775,0,0,0,unchanged_correct,tfidf_12_sublinear_lr_liblinear_c1,no_vector_normalization,no_vector_normalization
3780,0,0,0,unchanged_correct,tfidf_12_sublinear_lr_liblinear_c1,no_vector_normalization,no_vector_normalization
3785,0,0,0,unchanged_correct,tfidf_12_sublinear_lr_liblinear_c1,no_vector_normalization,no_vector_normalization
3788,0,1,1,unchanged_error,tfidf_12_sublinear_lr_liblinear_c1,no_vector_normalization,no_vector_normalization
3795,1,1,1,unchanged_correct,tfidf_12_sublinear_lr_liblinear_c1,no_vector_normalization,no_vector_normalization
3796,1,0,0,unchanged_error,tfidf_12_sublinear_lr_liblinear_c1,no_vector_normalization,no_vector_normalization
3798,0,0,0,unchanged_correct,tfidf_12_sublinear_lr_liblinear_c1,no_vector_normalization,no_vector_normalization
3805,0,0,0,unchanged_correct,tfidf_12_sublinear_lr_liblinear_c1,no_vector_normalization,no_vector_normalization
3807,0,0,0,unchanged_correct,tfidf_12_sublinear_lr_liblinear_c1,no_vector_normalization,no_vector_normalization
3822,0,0,0,unchanged_correct,tfidf_12_sublinear_lr_liblinear_c1,no_vector_normalization,no_vector_normalization
3828,0,0,0,unchanged_correct,tfidf_12_sublinear_lr_liblinear_c1,no_vector_normalization,no_vector_normalization
3833,0,0,0,unchanged_correct,tfidf_12_sublinear_lr_liblinear_c1,no_vector_normalization,no_vector_normalization
3836,0,0,0,unchanged_correct,tfidf_12_sublinear_lr_liblinear_c1,no_vector_normalization,no_vector_normalization
3845,0,0,0,unchanged_correct,tfidf_12_sublinear_lr_liblinear_c1,no_vector_normalization,no_vector_normalization
3857,0,0,0,unchanged_correct,tfidf_12_sublinear_lr_liblinear_c1,no_vector_normalization,no_vector_normalization
3861,1,0,0,unchanged_error,tfidf_12_sublinear_lr_liblinear_c1,no_vector_normalization,no_vector_normalization
3864,0,0,0,unchanged_correct,tfidf_12_sublinear_lr_liblinear_c1,no_vector_normalization,no_vector_normalization
3876,0,0,0,unchanged_correct,tfidf_12_sublinear_lr_liblinear_c1,no_vector_normalization,no_vector_normalization
3879,1,0,0,unchanged_error,tfidf_12_sublinear_lr_liblinear_c1,no_vector_normalization,no_vector_normalization
3893,1,1,1,unchanged_correct,tfidf_12_sublinear_lr_liblinear_c1,no_vector_normalization,no_vector_normalization
3905,1,1,1,unchanged_correct,tfidf_12_sublinear_lr_liblinear_c1,no_vector_normalization,no_vector_normalization
3914,1,1,1,unchanged_correct,tfidf_12_sublinear_lr_liblinear_c1,no_vector_normalization,no_vector_normalization
3916,1,1,1,unchanged_correct,tfidf_12_sublinear_lr_liblinear_c1,no_vector_normalization,no_vector_normalization
3919,1,1,1,unchanged_correct,tfidf_12_sublinear_lr_liblinear_c1,no_vector_normalization,no_vector_normalization
3924,0,0,0,unchanged_correct,tfidf_12_sublinear_lr_liblinear_c1,no_vector_normalization,no_vector_normalization
3932,0,0,0,unchanged_correct,tfidf_12_sublinear_lr_liblinear_c1,no_vector_normalization,no_vector_normalization
3935,1,0,0,unchanged_error,tfidf_12_sublinear_lr_liblinear_c1,no_vector_normalization,no_vector_normalization
3940,0,0,0,unchanged_correct,tfidf_12_sublinear_lr_liblinear_c1,no_vector_normalization,no_vector_normalization
3944,0,0,0,unchanged_correct,tfidf_12_sublinear_lr_liblinear_c1,no_vector_normalization,no_vector_normalization
3953,0,0,0,unchanged_correct,tfidf_12_sublinear_lr_liblinear_c1,no_vector_normalization,no_vector_normalization
3962,1,1,1,unchanged_correct,tfidf_12_sublinear_lr_liblinear_c1,no_vector_normalization,no_vector_normalization
3967,1,1,1,unchanged_correct,tfidf_12_sublinear_lr_liblinear_c1,no_vector_normalization,no_vector_normalization
3970,1,0,0,unchanged_error,tfidf_12_sublinear_lr_liblinear_c1,no_vector_normalization,no_vector_normalization
3975,0,0,0,unchanged_correct,tfidf_12_sublinear_lr_liblinear_c1,no_vector_normalization,no_vector_normalization
3994,1,1,1,unchanged_correct,tfidf_12_sublinear_lr_liblinear_c1,no_vector_normalization,no_vector_normalization
3997,0,1,0,fixed_fp,tfidf_12_sublinear_lr_liblinear_c1,no_vector_normalization,no_vector_normalization
3998,0,0,0,unchanged_correct,tfidf_12_sublinear_lr_liblinear_c1,no_vector_normalization,no_vector_normalization
4003,0,1,0,fixed_fp,tfidf_12_sublinear_lr_liblinear_c1,no_vector_normalization,no_vector_normalization
4029,0,0,0,unchanged_correct,tfidf_12_sublinear_lr_liblinear_c1,no_vector_normalization,no_vector_normalization
4030,0,0,0,unchanged_correct,tfidf_12_sublinear_lr_liblinear_c1,no_vector_normalization,no_vector_normalization
4033,0,0,0,unchanged_correct,tfidf_12_sublinear_lr_liblinear_c1,no_vector_normalization,no_vector_normalization
4041,0,1,1,unchanged_error,tfidf_12_sublinear_lr_liblinear_c1,no_vector_normalization,no_vector_normalization
4043,0,1,1,unchanged_error,tfidf_12_sublinear_lr_liblinear_c1,no_vector_normalization,no_vector_normalization
4045,0,0,0,unchanged_correct,tfidf_12_sublinear_lr_liblinear_c1,no_vector_normalization,no_vector_normalization
4049,1,1,1,unchanged_correct,tfidf_12_sublinear_lr_liblinear_c1,no_vector_normalization,no_vector_normalization
4052,1,1,1,unchanged_correct,tfidf_12_sublinear_lr_liblinear_c1,no_vector_normalization,no_vector_normalization
4063,1,1,1,unchanged_correct,tfidf_12_sublinear_lr_liblinear_c1,no_vector_normalization,no_vector_normalization
4064,1,1,1,unchanged_correct,tfidf_12_sublinear_lr_liblinear_c1,no_vector_normalization,no_vector_normalization
4078,0,1,0,fixed_fp,tfidf_12_sublinear_lr_liblinear_c1,no_vector_normalization,no_vector_normalization
4083,0,1,1,unchanged_error,tfidf_12_sublinear_lr_liblinear_c1,no_vector_normalization,no_vector_normalization
4084,1,1,1,unchanged_correct,tfidf_12_sublinear_lr_liblinear_c1,no_vector_normalization,no_vector_normalization
4086,1,1,1,unchanged_correct,tfidf_12_sublinear_lr_liblinear_c1,no_vector_normalization,no_vector_normalization
4087,1,1,1,unchanged_correct,tfidf_12_sublinear_lr_liblinear_c1,no_vector_normalization,no_vector_normalization
4091,1,1,1,unchanged_correct,tfidf_12_sublinear_lr_liblinear_c1,no_vector_normalization,no_vector_normalization
4094,1,0,0,unchanged_error,tfidf_12_sublinear_lr_liblinear_c1,no_vector_normalization,no_vector_normalization
4104,1,1,1,unchanged_correct,tfidf_12_sublinear_lr_liblinear_c1,no_vector_normalization,no_vector_normalization
4111,1,1,1,unchanged_correct,tfidf_12_sublinear_lr_liblinear_c1,no_vector_normalization,no_vector_normalization
4127,0,1,1,unchanged_error,tfidf_12_sublinear_lr_liblinear_c1,no_vector_normalization,no_vector_normalization
4140,1,1,1,unchanged_correct,tfidf_12_sublinear_lr_liblinear_c1,no_vector_normalization,no_vector_normalization
4153,0,0,0,unchanged_correct,tfidf_12_sublinear_lr_liblinear_c1,no_vector_normalization,no_vector_normalization
4159,0,0,0,unchanged_correct,tfidf_12_sublinear_lr_liblinear_c1,no_vector_normalization,no_vector_normalization
4161,0,0,0,unchanged_correct,tfidf_12_sublinear_lr_liblinear_c1,no_vector_normalization,no_vector_normalization
4168,0,0,0,unchanged_correct,tfidf_12_sublinear_lr_liblinear_c1,no_vector_normalization,no_vector_normalization
4170,0,0,0,unchanged_correct,tfidf_12_sublinear_lr_liblinear_c1,no_vector_normalization,no_vector_normalization
4173,0,0,0,unchanged_correct,tfidf_12_sublinear_lr_liblinear_c1,no_vector_normalization,no_vector_normalization
4180,0,0,0,unchanged_correct,tfidf_12_sublinear_lr_liblinear_c1,no_vector_normalization,no_vector_normalization
4191,0,0,0,unchanged_correct,tfidf_12_sublinear_lr_liblinear_c1,no_vector_normalization,no_vector_normalization
4202,1,0,0,unchanged_error,tfidf_12_sublinear_lr_liblinear_c1,no_vector_normalization,no_vector_normalization
4219,0,0,0,unchanged_correct,tfidf_12_sublinear_lr_liblinear_c1,no_vector_normalization,no_vector_normalization
4230,0,0,0,unchanged_correct,tfidf_12_sublinear_lr_liblinear_c1,no_vector_normalization,no_vector_normalization
4232,0,0,0,unchanged_correct,tfidf_12_sublinear_lr_liblinear_c1,no_vector_normalization,no_vector_normalization
4239,0,0,0,unchanged_correct,tfidf_12_sublinear_lr_liblinear_c1,no_vector_normalization,no_vector_normalization
4243,1,1,1,unchanged_correct,tfidf_12_sublinear_lr_liblinear_c1,no_vector_normalization,no_vector_normalization
4246,0,0,0,unchanged_correct,tfidf_12_sublinear_lr_liblinear_c1,no_vector_normalization,no_vector_normalization
4262,0,1,0,fixed_fp,tfidf_12_sublinear_lr_liblinear_c1,no_vector_normalization,no_vector_normalization
4281,0,0,0,unchanged_correct,tfidf_12_sublinear_lr_liblinear_c1,no_vector_normalization,no_vector_normalization
4282,0,0,0,unchanged_correct,tfidf_12_sublinear_lr_liblinear_c1,no_vector_normalization,no_vector_normalization
4292,0,1,1,unchanged_error,tfidf_12_sublinear_lr_liblinear_c1,no_vector_normalization,no_vector_normalization
4293,0,1,0,fixed_fp,tfidf_12_sublinear_lr_liblinear_c1,no_vector_normalization,no_vector_normalization
4322,1,1,1,unchanged_correct,tfidf_12_sublinear_lr_liblinear_c1,no_vector_normalization,no_vector_normalization
4326,0,0,0,unchanged_correct,tfidf_12_sublinear_lr_liblinear_c1,no_vector_normalization,no_vector_normalization
4334,0,1,1,unchanged_error,tfidf_12_sublinear_lr_liblinear_c1,no_vector_normalization,no_vector_normalization
4343,1,1,1,unchanged_correct,tfidf_12_sublinear_lr_liblinear_c1,no_vector_normalization,no_vector_normalization
4345,0,0,0,unchanged_correct,tfidf_12_sublinear_lr_liblinear_c1,no_vector_normalization,no_vector_normalization
4358,1,1,1,unchanged_correct,tfidf_12_sublinear_lr_liblinear_c1,no_vector_normalization,no_vector_normalization
4363,1,1,1,unchanged_correct,tfidf_12_sublinear_lr_liblinear_c1,no_vector_normalization,no_vector_normalization
4365,1,1,1,unchanged_correct,tfidf_12_sublinear_lr_liblinear_c1,no_vector_normalization,no_vector_normalization
4373,1,1,1,unchanged_correct,tfidf_12_sublinear_lr_liblinear_c1,no_vector_normalization,no_vector_normalization
4376,1,1,1,unchanged_correct,tfidf_12_sublinear_lr_liblinear_c1,no_vector_normalization,no_vector_normalization
4382,1,1,1,unchanged_correct,tfidf_12_sublinear_lr_liblinear_c1,no_vector_normalization,no_vector_normalization
4397,1,0,1,fixed_fn,tfidf_12_sublinear_lr_liblinear_c1,no_vector_normalization,no_vector_normalization
4410,0,0,0,unchanged_correct,tfidf_12_sublinear_lr_liblinear_c1,no_vector_normalization,no_vector_normalization
4411,0,0,0,unchanged_correct,tfidf_12_sublinear_lr_liblinear_c1,no_vector_normalization,no_vector_normalization
4416,0,0,0,unchanged_correct,tfidf_12_sublinear_lr_liblinear_c1,no_vector_normalization,no_vector_normalization
4425,0,0,0,unchanged_correct,tfidf_12_sublinear_lr_liblinear_c1,no_vector_normalization,no_vector_normalization
4436,0,0,0,unchanged_correct,tfidf_12_sublinear_lr_liblinear_c1,no_vector_normalization,no_vector_normalization
4445,0,0,0,unchanged_correct,tfidf_12_sublinear_lr_liblinear_c1,no_vector_normalization,no_vector_normalization
4449,1,1,1,unchanged_correct,tfidf_12_sublinear_lr_liblinear_c1,no_vector_normalization,no_vector_normalization
4458,0,0,0,unchanged_correct,tfidf_12_sublinear_lr_liblinear_c1,no_vector_normalization,no_vector_normalization
4464,1,0,0,unchanged_error,tfidf_12_sublinear_lr_liblinear_c1,no_vector_normalization,no_vector_normalization
4476,1,0,0,unchanged_error,tfidf_12_sublinear_lr_liblinear_c1,no_vector_normalization,no_vector_normalization
4478,0,0,0,unchanged_correct,tfidf_12_sublinear_lr_liblinear_c1,no_vector_normalization,no_vector_normalization
4516,0,0,0,unchanged_correct,tfidf_12_sublinear_lr_liblinear_c1,no_vector_normalization,no_vector_normalization
4517,1,1,1,unchanged_correct,tfidf_12_sublinear_lr_liblinear_c1,no_vector_normalization,no_vector_normalization
4521,0,0,0,unchanged_correct,tfidf_12_sublinear_lr_liblinear_c1,no_vector_normalization,no_vector_normalization
4523,1,0,0,unchanged_error,tfidf_12_sublinear_lr_liblinear_c1,no_vector_normalization,no_vector_normalization
4526,1,0,0,unchanged_error,tfidf_12_sublinear_lr_liblinear_c1,no_vector_normalization,no_vector_normalization
4543,1,0,0,unchanged_error,tfidf_12_sublinear_lr_liblinear_c1,no_vector_normalization,no_vector_normalization
4562,1,1,1,unchanged_correct,tfidf_12_sublinear_lr_liblinear_c1,no_vector_normalization,no_vector_normalization
4575,1,1,0,new_fn,tfidf_12_sublinear_lr_liblinear_c1,no_vector_normalization,no_vector_normalization
4597,1,1,1,unchanged_correct,tfidf_12_sublinear_lr_liblinear_c1,no_vector_normalization,no_vector_normalization
4598,0,0,0,unchanged_correct,tfidf_12_sublinear_lr_liblinear_c1,no_vector_normalization,no_vector_normalization
4619,0,0,0,unchanged_correct,tfidf_12_sublinear_lr_liblinear_c1,no_vector_normalization,no_vector_normalization
4625,0,0,0,unchanged_correct,tfidf_12_sublinear_lr_liblinear_c1,no_vector_normalization,no_vector_normalization
4631,0,0,0,unchanged_correct,tfidf_12_sublinear_lr_liblinear_c1,no_vector_normalization,no_vector_normalization
4632,1,1,0,new_fn,tfidf_12_sublinear_lr_liblinear_c1,no_vector_normalization,no_vector_normalization
4635,0,0,0,unchanged_correct,tfidf_12_sublinear_lr_liblinear_c1,no_vector_normalization,no_vector_normalization
4639,0,0,0,unchanged_correct,tfidf_12_sublinear_lr_liblinear_c1,no_vector_normalization,no_vector_normalization
4658,1,1,1,unchanged_correct,tfidf_12_sublinear_lr_liblinear_c1,no_vector_normalization,no_vector_normalization
4666,0,1,1,unchanged_error,tfidf_12_sublinear_lr_liblinear_c1,no_vector_normalization,no_vector_normalization
4674,0,0,0,unchanged_correct,tfidf_12_sublinear_lr_liblinear_c1,no_vector_normalization,no_vector_normalization
4675,1,0,0,unchanged_error,tfidf_12_sublinear_lr_liblinear_c1,no_vector_normalization,no_vector_normalization
4682,1,1,1,unchanged_correct,tfidf_12_sublinear_lr_liblinear_c1,no_vector_normalization,no_vector_normalization
4691,0,1,1,unchanged_error,tfidf_12_sublinear_lr_liblinear_c1,no_vector_normalization,no_vector_normalization
4695,0,0,0,unchanged_correct,tfidf_12_sublinear_lr_liblinear_c1,no_vector_normalization,no_vector_normalization
4698,0,0,0,unchanged_correct,tfidf_12_sublinear_lr_liblinear_c1,no_vector_normalization,no_vector_normalization
4702,0,0,0,unchanged_correct,tfidf_12_sublinear_lr_liblinear_c1,no_vector_normalization,no_vector_normalization
4724,0,0,0,unchanged_correct,tfidf_12_sublinear_lr_liblinear_c1,no_vector_normalization,no_vector_normalization
4730,0,0,0,unchanged_correct,tfidf_12_sublinear_lr_liblinear_c1,no_vector_normalization,no_vector_normalization
4736,1,1,1,unchanged_correct,tfidf_12_sublinear_lr_liblinear_c1,no_vector_normalization,no_vector_normalization
4738,0,0,1,new_fp,tfidf_12_sublinear_lr_liblinear_c1,no_vector_normalization,no_vector_normalization
4744,0,0,0,unchanged_correct,tfidf_12_sublinear_lr_liblinear_c1,no_vector_normalization,no_vector_normalization
4745,1,1,1,unchanged_correct,tfidf_12_sublinear_lr_liblinear_c1,no_vector_normalization,no_vector_normalization
4747,1,0,1,fixed_fn,tfidf_12_sublinear_lr_liblinear_c1,no_vector_normalization,no_vector_normalization
4752,0,0,0,unchanged_correct,tfidf_12_sublinear_lr_liblinear_c1,no_vector_normalization,no_vector_normalization
4754,0,0,0,unchanged_correct,tfidf_12_sublinear_lr_liblinear_c1,no_vector_normalization,no_vector_normalization
4760,0,0,0,unchanged_correct,tfidf_12_sublinear_lr_liblinear_c1,no_vector_normalization,no_vector_normalization
4782,0,0,1,new_fp,tfidf_12_sublinear_lr_liblinear_c1,no_vector_normalization,no_vector_normalization
4785,1,1,1,unchanged_correct,tfidf_12_sublinear_lr_liblinear_c1,no_vector_normalization,no_vector_normalization
4789,1,1,1,unchanged_correct,tfidf_12_sublinear_lr_liblinear_c1,no_vector_normalization,no_vector_normalization
4793,1,1,1,unchanged_correct,tfidf_12_sublinear_lr_liblinear_c1,no_vector_normalization,no_vector_normalization
4794,1,0,1,fixed_fn,tfidf_12_sublinear_lr_liblinear_c1,no_vector_normalization,no_vector_normalization
4798,0,1,1,unchanged_error,tfidf_12_sublinear_lr_liblinear_c1,no_vector_normalization,no_vector_normalization
4799,1,1,1,unchanged_correct,tfidf_12_sublinear_lr_liblinear_c1,no_vector_normalization,no_vector_normalization
4802,1,1,1,unchanged_correct,tfidf_12_sublinear_lr_liblinear_c1,no_vector_normalization,no_vector_normalization
4803,1,0,0,unchanged_error,tfidf_12_sublinear_lr_liblinear_c1,no_vector_normalization,no_vector_normalization
4819,1,1,1,unchanged_correct,tfidf_12_sublinear_lr_liblinear_c1,no_vector_normalization,no_vector_normalization
4823,1,1,1,unchanged_correct,tfidf_12_sublinear_lr_liblinear_c1,no_vector_normalization,no_vector_normalization
4825,1,1,1,unchanged_correct,tfidf_12_sublinear_lr_liblinear_c1,no_vector_normalization,no_vector_normalization
4830,1,1,1,unchanged_correct,tfidf_12_sublinear_lr_liblinear_c1,no_vector_normalization,no_vector_normalization
4840,1,0,1,fixed_fn,tfidf_12_sublinear_lr_liblinear_c1,no_vector_normalization,no_vector_normalization
4853,1,1,1,unchanged_correct,tfidf_12_sublinear_lr_liblinear_c1,no_vector_normalization,no_vector_normalization
4864,0,0,0,unchanged_correct,tfidf_12_sublinear_lr_liblinear_c1,no_vector_normalization,no_vector_normalization
4874,0,0,0,unchanged_correct,tfidf_12_sublinear_lr_liblinear_c1,no_vector_normalization,no_vector_normalization
4875,0,0,0,unchanged_correct,tfidf_12_sublinear_lr_liblinear_c1,no_vector_normalization,no_vector_normalization
4882,1,0,0,unchanged_error,tfidf_12_sublinear_lr_liblinear_c1,no_vector_normalization,no_vector_normalization
4884,0,0,0,unchanged_correct,tfidf_12_sublinear_lr_liblinear_c1,no_vector_normalization,no_vector_normalization
4891,0,0,0,unchanged_correct,tfidf_12_sublinear_lr_liblinear_c1,no_vector_normalization,no_vector_normalization
4892,0,0,0,unchanged_correct,tfidf_12_sublinear_lr_liblinear_c1,no_vector_normalization,no_vector_normalization
4895,1,0,0,unchanged_error,tfidf_12_sublinear_lr_liblinear_c1,no_vector_normalization,no_vector_normalization
4905,0,0,0,unchanged_correct,tfidf_12_sublinear_lr_liblinear_c1,no_vector_normalization,no_vector_normalization
4906,0,0,0,unchanged_correct,tfidf_12_sublinear_lr_liblinear_c1,no_vector_normalization,no_vector_normalization
4912,0,0,0,unchanged_correct,tfidf_12_sublinear_lr_liblinear_c1,no_vector_normalization,no_vector_normalization
4915,1,0,1,fixed_fn,tfidf_12_sublinear_lr_liblinear_c1,no_vector_normalization,no_vector_normalization
4917,0,0,0,unchanged_correct,tfidf_12_sublinear_lr_liblinear_c1,no_vector_normalization,no_vector_normalization
4918,1,0,0,unchanged_error,tfidf_12_sublinear_lr_liblinear_c1,no_vector_normalization,no_vector_normalization
4920,0,0,0,unchanged_correct,tfidf_12_sublinear_lr_liblinear_c1,no_vector_normalization,no_vector_normalization
4938,0,0,0,unchanged_correct,tfidf_12_sublinear_lr_liblinear_c1,no_vector_normalization,no_vector_normalization
4946,0,0,0,unchanged_correct,tfidf_12_sublinear_lr_liblinear_c1,no_vector_normalization,no_vector_normalization
4955,0,0,0,unchanged_correct,tfidf_12_sublinear_lr_liblinear_c1,no_vector_normalization,no_vector_normalization
4957,1,1,1,unchanged_correct,tfidf_12_sublinear_lr_liblinear_c1,no_vector_normalization,no_vector_normalization
4958,0,0,0,unchanged_correct,tfidf_12_sublinear_lr_liblinear_c1,no_vector_normalization,no_vector_normalization
4969,1,0,1,fixed_fn,tfidf_12_sublinear_lr_liblinear_c1,no_vector_normalization,no_vector_normalization
4971,0,0,0,unchanged_correct,tfidf_12_sublinear_lr_liblinear_c1,no_vector_normalization,no_vector_normalization
4972,1,0,0,unchanged_error,tfidf_12_sublinear_lr_liblinear_c1,no_vector_normalization,no_vector_normalization
4974,1,1,1,unchanged_correct,tfidf_12_sublinear_lr_liblinear_c1,no_vector_normalization,no_vector_normalization
4978,1,1,1,unchanged_correct,tfidf_12_sublinear_lr_liblinear_c1,no_vector_normalization,no_vector_normalization
4989,0,1,1,unchanged_error,tfidf_12_sublinear_lr_liblinear_c1,no_vector_normalization,no_vector_normalization
4998,1,1,1,unchanged_correct,tfidf_12_sublinear_lr_liblinear_c1,no_vector_normalization,no_vector_normalization
5010,0,0,1,new_fp,tfidf_12_sublinear_lr_liblinear_c1,no_vector_normalization,no_vector_normalization
5013,0,1,1,unchanged_error,tfidf_12_sublinear_lr_liblinear_c1,no_vector_normalization,no_vector_normalization
5028,0,0,0,unchanged_correct,tfidf_12_sublinear_lr_liblinear_c1,no_vector_normalization,no_vector_normalization
5029,0,0,0,unchanged_correct,tfidf_12_sublinear_lr_liblinear_c1,no_vector_normalization,no_vector_normalization
5041,0,1,1,unchanged_error,tfidf_12_sublinear_lr_liblinear_c1,no_vector_normalization,no_vector_normalization
5052,0,0,0,unchanged_correct,tfidf_12_sublinear_lr_liblinear_c1,no_vector_normalization,no_vector_normalization
5072,0,0,0,unchanged_correct,tfidf_12_sublinear_lr_liblinear_c1,no_vector_normalization,no_vector_normalization
5073,1,1,1,unchanged_correct,tfidf_12_sublinear_lr_liblinear_c1,no_vector_normalization,no_vector_normalization
5074,1,0,0,unchanged_error,tfidf_12_sublinear_lr_liblinear_c1,no_vector_normalization,no_vector_normalization
5083,1,1,1,unchanged_correct,tfidf_12_sublinear_lr_liblinear_c1,no_vector_normalization,no_vector_normalization
5087,1,1,1,unchanged_correct,tfidf_12_sublinear_lr_liblinear_c1,no_vector_normalization,no_vector_normalization
5092,1,1,1,unchanged_correct,tfidf_12_sublinear_lr_liblinear_c1,no_vector_normalization,no_vector_normalization
5102,1,1,1,unchanged_correct,tfidf_12_sublinear_lr_liblinear_c1,no_vector_normalization,no_vector_normalization
5126,0,1,1,unchanged_error,tfidf_12_sublinear_lr_liblinear_c1,no_vector_normalization,no_vector_normalization
5136,1,1,1,unchanged_correct,tfidf_12_sublinear_lr_liblinear_c1,no_vector_normalization,no_vector_normalization
5137,1,1,1,unchanged_correct,tfidf_12_sublinear_lr_liblinear_c1,no_vector_normalization,no_vector_normalization
5138,1,1,1,unchanged_correct,tfidf_12_sublinear_lr_liblinear_c1,no_vector_normalization,no_vector_normalization
5149,0,0,0,unchanged_correct,tfidf_12_sublinear_lr_liblinear_c1,no_vector_normalization,no_vector_normalization
5152,1,1,1,unchanged_correct,tfidf_12_sublinear_lr_liblinear_c1,no_vector_normalization,no_vector_normalization
5154,1,1,1,unchanged_correct,tfidf_12_sublinear_lr_liblinear_c1,no_vector_normalization,no_vector_normalization
5157,1,1,1,unchanged_correct,tfidf_12_sublinear_lr_liblinear_c1,no_vector_normalization,no_vector_normalization
5159,1,1,1,unchanged_correct,tfidf_12_sublinear_lr_liblinear_c1,no_vector_normalization,no_vector_normalization
5165,0,0,0,unchanged_correct,tfidf_12_sublinear_lr_liblinear_c1,no_vector_normalization,no_vector_normalization
5168,1,0,0,unchanged_error,tfidf_12_sublinear_lr_liblinear_c1,no_vector_normalization,no_vector_normalization
5170,0,0,0,unchanged_correct,tfidf_12_sublinear_lr_liblinear_c1,no_vector_normalization,no_vector_normalization
5179,0,0,0,unchanged_correct,tfidf_12_sublinear_lr_liblinear_c1,no_vector_normalization,no_vector_normalization
5182,0,0,0,unchanged_correct,tfidf_12_sublinear_lr_liblinear_c1,no_vector_normalization,no_vector_normalization
5188,0,0,0,unchanged_correct,tfidf_12_sublinear_lr_liblinear_c1,no_vector_normalization,no_vector_normalization
5193,1,0,0,unchanged_error,tfidf_12_sublinear_lr_liblinear_c1,no_vector_normalization,no_vector_normalization
5198,0,1,1,unchanged_error,tfidf_12_sublinear_lr_liblinear_c1,no_vector_normalization,no_vector_normalization
5202,1,0,1,fixed_fn,tfidf_12_sublinear_lr_liblinear_c1,no_vector_normalization,no_vector_normalization
5206,1,1,1,unchanged_correct,tfidf_12_sublinear_lr_liblinear_c1,no_vector_normalization,no_vector_normalization
5208,1,1,1,unchanged_correct,tfidf_12_sublinear_lr_liblinear_c1,no_vector_normalization,no_vector_normalization
5211,0,1,0,fixed_fp,tfidf_12_sublinear_lr_liblinear_c1,no_vector_normalization,no_vector_normalization
5224,0,0,0,unchanged_correct,tfidf_12_sublinear_lr_liblinear_c1,no_vector_normalization,no_vector_normalization
5228,1,1,1,unchanged_correct,tfidf_12_sublinear_lr_liblinear_c1,no_vector_normalization,no_vector_normalization
5233,0,0,0,unchanged_correct,tfidf_12_sublinear_lr_liblinear_c1,no_vector_normalization,no_vector_normalization
5234,1,1,0,new_fn,tfidf_12_sublinear_lr_liblinear_c1,no_vector_normalization,no_vector_normalization
5252,1,1,1,unchanged_correct,tfidf_12_sublinear_lr_liblinear_c1,no_vector_normalization,no_vector_normalization
5254,1,0,0,unchanged_error,tfidf_12_sublinear_lr_liblinear_c1,no_vector_normalization,no_vector_normalization
5259,0,0,0,unchanged_correct,tfidf_12_sublinear_lr_liblinear_c1,no_vector_normalization,no_vector_normalization
5271,0,0,0,unchanged_correct,tfidf_12_sublinear_lr_liblinear_c1,no_vector_normalization,no_vector_normalization
5283,1,1,1,unchanged_correct,tfidf_12_sublinear_lr_liblinear_c1,no_vector_normalization,no_vector_normalization
5292,0,0,0,unchanged_correct,tfidf_12_sublinear_lr_liblinear_c1,no_vector_normalization,no_vector_normalization
5295,0,0,0,unchanged_correct,tfidf_12_sublinear_lr_liblinear_c1,no_vector_normalization,no_vector_normalization
5302,0,0,0,unchanged_correct,tfidf_12_sublinear_lr_liblinear_c1,no_vector_normalization,no_vector_normalization
5309,0,0,0,unchanged_correct,tfidf_12_sublinear_lr_liblinear_c1,no_vector_normalization,no_vector_normalization
5313,0,1,1,unchanged_error,tfidf_12_sublinear_lr_liblinear_c1,no_vector_normalization,no_vector_normalization
5316,0,1,1,unchanged_error,tfidf_12_sublinear_lr_liblinear_c1,no_vector_normalization,no_vector_normalization
5319,1,1,1,unchanged_correct,tfidf_12_sublinear_lr_liblinear_c1,no_vector_normalization,no_vector_normalization
5321,0,1,1,unchanged_error,tfidf_12_sublinear_lr_liblinear_c1,no_vector_normalization,no_vector_normalization
5326,0,1,0,fixed_fp,tfidf_12_sublinear_lr_liblinear_c1,no_vector_normalization,no_vector_normalization
5336,1,0,1,fixed_fn,tfidf_12_sublinear_lr_liblinear_c1,no_vector_normalization,no_vector_normalization
5342,0,0,0,unchanged_correct,tfidf_12_sublinear_lr_liblinear_c1,no_vector_normalization,no_vector_normalization
5345,1,1,1,unchanged_correct,tfidf_12_sublinear_lr_liblinear_c1,no_vector_normalization,no_vector_normalization
5347,0,0,0,unchanged_correct,tfidf_12_sublinear_lr_liblinear_c1,no_vector_normalization,no_vector_normalization
5355,0,0,0,unchanged_correct,tfidf_12_sublinear_lr_liblinear_c1,no_vector_normalization,no_vector_normalization
5359,0,0,0,unchanged_correct,tfidf_12_sublinear_lr_liblinear_c1,no_vector_normalization,no_vector_normalization
5362,1,1,1,unchanged_correct,tfidf_12_sublinear_lr_liblinear_c1,no_vector_normalization,no_vector_normalization
5367,1,1,1,unchanged_correct,tfidf_12_sublinear_lr_liblinear_c1,no_vector_normalization,no_vector_normalization
5371,1,1,0,new_fn,tfidf_12_sublinear_lr_liblinear_c1,no_vector_normalization,no_vector_normalization
5373,1,1,1,unchanged_correct,tfidf_12_sublinear_lr_liblinear_c1,no_vector_normalization,no_vector_normalization
5377,1,1,1,unchanged_correct,tfidf_12_sublinear_lr_liblinear_c1,no_vector_normalization,no_vector_normalization
5381,1,0,0,unchanged_error,tfidf_12_sublinear_lr_liblinear_c1,no_vector_normalization,no_vector_normalization
5382,1,1,1,unchanged_correct,tfidf_12_sublinear_lr_liblinear_c1,no_vector_normalization,no_vector_normalization
5386,1,1,1,unchanged_correct,tfidf_12_sublinear_lr_liblinear_c1,no_vector_normalization,no_vector_normalization
5392,0,1,1,unchanged_error,tfidf_12_sublinear_lr_liblinear_c1,no_vector_normalization,no_vector_normalization
5416,0,0,0,unchanged_correct,tfidf_12_sublinear_lr_liblinear_c1,no_vector_normalization,no_vector_normalization
5430,1,1,1,unchanged_correct,tfidf_12_sublinear_lr_liblinear_c1,no_vector_normalization,no_vector_normalization
5443,0,0,1,new_fp,tfidf_12_sublinear_lr_liblinear_c1,no_vector_normalization,no_vector_normalization
5446,0,1,0,fixed_fp,tfidf_12_sublinear_lr_liblinear_c1,no_vector_normalization,no_vector_normalization
5448,0,1,1,unchanged_error,tfidf_12_sublinear_lr_liblinear_c1,no_vector_normalization,no_vector_normalization
5449,0,1,1,unchanged_error,tfidf_12_sublinear_lr_liblinear_c1,no_vector_normalization,no_vector_normalization
5459,1,1,1,unchanged_correct,tfidf_12_sublinear_lr_liblinear_c1,no_vector_normalization,no_vector_normalization
5466,0,1,0,fixed_fp,tfidf_12_sublinear_lr_liblinear_c1,no_vector_normalization,no_vector_normalization
5475,0,0,0,unchanged_correct,tfidf_12_sublinear_lr_liblinear_c1,no_vector_normalization,no_vector_normalization
5481,0,0,0,unchanged_correct,tfidf_12_sublinear_lr_liblinear_c1,no_vector_normalization,no_vector_normalization
5487,1,0,0,unchanged_error,tfidf_12_sublinear_lr_liblinear_c1,no_vector_normalization,no_vector_normalization
5494,1,1,1,unchanged_correct,tfidf_12_sublinear_lr_liblinear_c1,no_vector_normalization,no_vector_normalization
5502,1,0,0,unchanged_error,tfidf_12_sublinear_lr_liblinear_c1,no_vector_normalization,no_vector_normalization
5503,1,1,1,unchanged_correct,tfidf_12_sublinear_lr_liblinear_c1,no_vector_normalization,no_vector_normalization
5515,0,0,0,unchanged_correct,tfidf_12_sublinear_lr_liblinear_c1,no_vector_normalization,no_vector_normalization
5531,0,0,0,unchanged_correct,tfidf_12_sublinear_lr_liblinear_c1,no_vector_normalization,no_vector_normalization
5532,1,0,0,unchanged_error,tfidf_12_sublinear_lr_liblinear_c1,no_vector_normalization,no_vector_normalization
5539,0,0,0,unchanged_correct,tfidf_12_sublinear_lr_liblinear_c1,no_vector_normalization,no_vector_normalization
5545,0,0,0,unchanged_correct,tfidf_12_sublinear_lr_liblinear_c1,no_vector_normalization,no_vector_normalization
5563,1,1,1,unchanged_correct,tfidf_12_sublinear_lr_liblinear_c1,no_vector_normalization,no_vector_normalization
5567,1,1,0,new_fn,tfidf_12_sublinear_lr_liblinear_c1,no_vector_normalization,no_vector_normalization
5569,1,1,1,unchanged_correct,tfidf_12_sublinear_lr_liblinear_c1,no_vector_normalization,no_vector_normalization
5576,1,0,0,unchanged_error,tfidf_12_sublinear_lr_liblinear_c1,no_vector_normalization,no_vector_normalization
5578,0,0,0,unchanged_correct,tfidf_12_sublinear_lr_liblinear_c1,no_vector_normalization,no_vector_normalization
5582,0,0,0,unchanged_correct,tfidf_12_sublinear_lr_liblinear_c1,no_vector_normalization,no_vector_normalization
5603,0,0,0,unchanged_correct,tfidf_12_sublinear_lr_liblinear_c1,no_vector_normalization,no_vector_normalization
5614,0,0,0,unchanged_correct,tfidf_12_sublinear_lr_liblinear_c1,no_vector_normalization,no_vector_normalization
5632,1,1,0,new_fn,tfidf_12_sublinear_lr_liblinear_c1,no_vector_normalization,no_vector_normalization
5634,0,0,0,unchanged_correct,tfidf_12_sublinear_lr_liblinear_c1,no_vector_normalization,no_vector_normalization
5646,1,1,1,unchanged_correct,tfidf_12_sublinear_lr_liblinear_c1,no_vector_normalization,no_vector_normalization
5647,0,0,0,unchanged_correct,tfidf_12_sublinear_lr_liblinear_c1,no_vector_normalization,no_vector_normalization
5657,1,1,1,unchanged_correct,tfidf_12_sublinear_lr_liblinear_c1,no_vector_normalization,no_vector_normalization
5659,0,0,0,unchanged_correct,tfidf_12_sublinear_lr_liblinear_c1,no_vector_normalization,no_vector_normalization
5662,1,0,0,unchanged_error,tfidf_12_sublinear_lr_liblinear_c1,no_vector_normalization,no_vector_normalization
5663,1,1,1,unchanged_correct,tfidf_12_sublinear_lr_liblinear_c1,no_vector_normalization,no_vector_normalization
5664,1,1,1,unchanged_correct,tfidf_12_sublinear_lr_liblinear_c1,no_vector_normalization,no_vector_normalization
5668,1,0,0,unchanged_error,tfidf_12_sublinear_lr_liblinear_c1,no_vector_normalization,no_vector_normalization
5676,1,1,1,unchanged_correct,tfidf_12_sublinear_lr_liblinear_c1,no_vector_normalization,no_vector_normalization
5685,1,0,0,unchanged_error,tfidf_12_sublinear_lr_liblinear_c1,no_vector_normalization,no_vector_normalization
5686,1,1,1,unchanged_correct,tfidf_12_sublinear_lr_liblinear_c1,no_vector_normalization,no_vector_normalization
5694,1,0,1,fixed_fn,tfidf_12_sublinear_lr_liblinear_c1,no_vector_normalization,no_vector_normalization
5705,1,0,0,unchanged_error,tfidf_12_sublinear_lr_liblinear_c1,no_vector_normalization,no_vector_normalization
5715,1,1,1,unchanged_correct,tfidf_12_sublinear_lr_liblinear_c1,no_vector_normalization,no_vector_normalization
5734,0,0,0,unchanged_correct,tfidf_12_sublinear_lr_liblinear_c1,no_vector_normalization,no_vector_normalization
5744,1,1,1,unchanged_correct,tfidf_12_sublinear_lr_liblinear_c1,no_vector_normalization,no_vector_normalization
5748,0,0,0,unchanged_correct,tfidf_12_sublinear_lr_liblinear_c1,no_vector_normalization,no_vector_normalization
5752,1,1,1,unchanged_correct,tfidf_12_sublinear_lr_liblinear_c1,no_vector_normalization,no_vector_normalization
5760,0,1,1,unchanged_error,tfidf_12_sublinear_lr_liblinear_c1,no_vector_normalization,no_vector_normalization
5777,1,1,1,unchanged_correct,tfidf_12_sublinear_lr_liblinear_c1,no_vector_normalization,no_vector_normalization
5789,1,1,0,new_fn,tfidf_12_sublinear_lr_liblinear_c1,no_vector_normalization,no_vector_normalization
5798,0,0,0,unchanged_correct,tfidf_12_sublinear_lr_liblinear_c1,no_vector_normalization,no_vector_normalization
5804,0,0,0,unchanged_correct,tfidf_12_sublinear_lr_liblinear_c1,no_vector_normalization,no_vector_normalization
5807,0,0,0,unchanged_correct,tfidf_12_sublinear_lr_liblinear_c1,no_vector_normalization,no_vector_normalization
5814,0,0,0,unchanged_correct,tfidf_12_sublinear_lr_liblinear_c1,no_vector_normalization,no_vector_normalization
5827,0,0,0,unchanged_correct,tfidf_12_sublinear_lr_liblinear_c1,no_vector_normalization,no_vector_normalization
5837,0,1,0,fixed_fp,tfidf_12_sublinear_lr_liblinear_c1,no_vector_normalization,no_vector_normalization
5863,1,1,0,new_fn,tfidf_12_sublinear_lr_liblinear_c1,no_vector_normalization,no_vector_normalization
5867,0,0,0,unchanged_correct,tfidf_12_sublinear_lr_liblinear_c1,no_vector_normalization,no_vector_normalization
5868,1,1,1,unchanged_correct,tfidf_12_sublinear_lr_liblinear_c1,no_vector_normalization,no_vector_normalization
5869,0,0,0,unchanged_correct,tfidf_12_sublinear_lr_liblinear_c1,no_vector_normalization,no_vector_normalization
5903,1,0,0,unchanged_error,tfidf_12_sublinear_lr_liblinear_c1,no_vector_normalization,no_vector_normalization
5909,0,0,0,unchanged_correct,tfidf_12_sublinear_lr_liblinear_c1,no_vector_normalization,no_vector_normalization
5932,0,0,0,unchanged_correct,tfidf_12_sublinear_lr_liblinear_c1,no_vector_normalization,no_vector_normalization
5938,0,0,0,unchanged_correct,tfidf_12_sublinear_lr_liblinear_c1,no_vector_normalization,no_vector_normalization
5942,0,0,0,unchanged_correct,tfidf_12_sublinear_lr_liblinear_c1,no_vector_normalization,no_vector_normalization
5950,1,1,1,unchanged_correct,tfidf_12_sublinear_lr_liblinear_c1,no_vector_normalization,no_vector_normalization
5954,0,0,0,unchanged_correct,tfidf_12_sublinear_lr_liblinear_c1,no_vector_normalization,no_vector_normalization
5955,1,0,0,unchanged_error,tfidf_12_sublinear_lr_liblinear_c1,no_vector_normalization,no_vector_normalization
5959,0,1,1,unchanged_error,tfidf_12_sublinear_lr_liblinear_c1,no_vector_normalization,no_vector_normalization
5980,0,0,0,unchanged_correct,tfidf_12_sublinear_lr_liblinear_c1,no_vector_normalization,no_vector_normalization
5992,1,1,1,unchanged_correct,tfidf_12_sublinear_lr_liblinear_c1,no_vector_normalization,no_vector_normalization
6000,1,1,0,new_fn,tfidf_12_sublinear_lr_liblinear_c1,no_vector_normalization,no_vector_normalization
6022,0,0,0,unchanged_correct,tfidf_12_sublinear_lr_liblinear_c1,no_vector_normalization,no_vector_normalization
6023,1,0,0,unchanged_error,tfidf_12_sublinear_lr_liblinear_c1,no_vector_normalization,no_vector_normalization
6032,1,0,0,unchanged_error,tfidf_12_sublinear_lr_liblinear_c1,no_vector_normalization,no_vector_normalization
6038,1,1,1,unchanged_correct,tfidf_12_sublinear_lr_liblinear_c1,no_vector_normalization,no_vector_normalization
6060,1,0,0,unchanged_error,tfidf_12_sublinear_lr_liblinear_c1,no_vector_normalization,no_vector_normalization
6061,1,0,0,unchanged_error,tfidf_12_sublinear_lr_liblinear_c1,no_vector_normalization,no_vector_normalization
6083,0,0,0,unchanged_correct,tfidf_12_sublinear_lr_liblinear_c1,no_vector_normalization,no_vector_normalization
6085,0,1,1,unchanged_error,tfidf_12_sublinear_lr_liblinear_c1,no_vector_normalization,no_vector_normalization
6091,0,0,0,unchanged_correct,tfidf_12_sublinear_lr_liblinear_c1,no_vector_normalization,no_vector_normalization
6093,0,0,0,unchanged_correct,tfidf_12_sublinear_lr_liblinear_c1,no_vector_normalization,no_vector_normalization
6103,0,0,0,unchanged_correct,tfidf_12_sublinear_lr_liblinear_c1,no_vector_normalization,no_vector_normalization
6110,0,0,0,unchanged_correct,tfidf_12_sublinear_lr_liblinear_c1,no_vector_normalization,no_vector_normalization
6112,1,0,0,unchanged_error,tfidf_12_sublinear_lr_liblinear_c1,no_vector_normalization,no_vector_normalization
6115,0,0,0,unchanged_correct,tfidf_12_sublinear_lr_liblinear_c1,no_vector_normalization,no_vector_normalization
6119,0,0,0,unchanged_correct,tfidf_12_sublinear_lr_liblinear_c1,no_vector_normalization,no_vector_normalization
6120,1,0,0,unchanged_error,tfidf_12_sublinear_lr_liblinear_c1,no_vector_normalization,no_vector_normalization
6132,1,0,0,unchanged_error,tfidf_12_sublinear_lr_liblinear_c1,no_vector_normalization,no_vector_normalization
6134,1,0,0,unchanged_error,tfidf_12_sublinear_lr_liblinear_c1,no_vector_normalization,no_vector_normalization
6152,1,0,0,unchanged_error,tfidf_12_sublinear_lr_liblinear_c1,no_vector_normalization,no_vector_normalization
6156,1,1,1,unchanged_correct,tfidf_12_sublinear_lr_liblinear_c1,no_vector_normalization,no_vector_normalization
6163,0,0,0,unchanged_correct,tfidf_12_sublinear_lr_liblinear_c1,no_vector_normalization,no_vector_normalization
6165,1,0,0,unchanged_error,tfidf_12_sublinear_lr_liblinear_c1,no_vector_normalization,no_vector_normalization
6169,0,1,1,unchanged_error,tfidf_12_sublinear_lr_liblinear_c1,no_vector_normalization,no_vector_normalization
6170,1,1,1,unchanged_correct,tfidf_12_sublinear_lr_liblinear_c1,no_vector_normalization,no_vector_normalization
6171,1,1,1,unchanged_correct,tfidf_12_sublinear_lr_liblinear_c1,no_vector_normalization,no_vector_normalization
6181,1,0,0,unchanged_error,tfidf_12_sublinear_lr_liblinear_c1,no_vector_normalization,no_vector_normalization
6196,1,1,1,unchanged_correct,tfidf_12_sublinear_lr_liblinear_c1,no_vector_normalization,no_vector_normalization
6211,0,1,1,unchanged_error,tfidf_12_sublinear_lr_liblinear_c1,no_vector_normalization,no_vector_normalization
6220,0,1,1,unchanged_error,tfidf_12_sublinear_lr_liblinear_c1,no_vector_normalization,no_vector_normalization
6223,1,1,1,unchanged_correct,tfidf_12_sublinear_lr_liblinear_c1,no_vector_normalization,no_vector_normalization
6232,0,1,0,fixed_fp,tfidf_12_sublinear_lr_liblinear_c1,no_vector_normalization,no_vector_normalization
6241,0,0,0,unchanged_correct,tfidf_12_sublinear_lr_liblinear_c1,no_vector_normalization,no_vector_normalization
6269,1,1,1,unchanged_correct,tfidf_12_sublinear_lr_liblinear_c1,no_vector_normalization,no_vector_normalization
6278,1,1,1,unchanged_correct,tfidf_12_sublinear_lr_liblinear_c1,no_vector_normalization,no_vector_normalization
6299,1,1,1,unchanged_correct,tfidf_12_sublinear_lr_liblinear_c1,no_vector_normalization,no_vector_normalization
6303,1,1,1,unchanged_correct,tfidf_12_sublinear_lr_liblinear_c1,no_vector_normalization,no_vector_normalization
6305,0,0,0,unchanged_correct,tfidf_12_sublinear_lr_liblinear_c1,no_vector_normalization,no_vector_normalization
6314,1,1,1,unchanged_correct,tfidf_12_sublinear_lr_liblinear_c1,no_vector_normalization,no_vector_normalization
6315,1,0,0,unchanged_error,tfidf_12_sublinear_lr_liblinear_c1,no_vector_normalization,no_vector_normalization
6318,0,0,0,unchanged_correct,tfidf_12_sublinear_lr_liblinear_c1,no_vector_normalization,no_vector_normalization
6328,1,0,0,unchanged_error,tfidf_12_sublinear_lr_liblinear_c1,no_vector_normalization,no_vector_normalization
6332,0,0,0,unchanged_correct,tfidf_12_sublinear_lr_liblinear_c1,no_vector_normalization,no_vector_normalization
6334,0,0,0,unchanged_correct,tfidf_12_sublinear_lr_liblinear_c1,no_vector_normalization,no_vector_normalization
6346,0,0,0,unchanged_correct,tfidf_12_sublinear_lr_liblinear_c1,no_vector_normalization,no_vector_normalization
6365,1,1,1,unchanged_correct,tfidf_12_sublinear_lr_liblinear_c1,no_vector_normalization,no_vector_normalization
6383,1,1,1,unchanged_correct,tfidf_12_sublinear_lr_liblinear_c1,no_vector_normalization,no_vector_normalization
6388,1,1,1,unchanged_correct,tfidf_12_sublinear_lr_liblinear_c1,no_vector_normalization,no_vector_normalization
6393,0,0,0,unchanged_correct,tfidf_12_sublinear_lr_liblinear_c1,no_vector_normalization,no_vector_normalization
6399,0,0,0,unchanged_correct,tfidf_12_sublinear_lr_liblinear_c1,no_vector_normalization,no_vector_normalization
6400,1,1,1,unchanged_correct,tfidf_12_sublinear_lr_liblinear_c1,no_vector_normalization,no_vector_normalization
6410,0,0,0,unchanged_correct,tfidf_12_sublinear_lr_liblinear_c1,no_vector_normalization,no_vector_normalization
6421,1,1,1,unchanged_correct,tfidf_12_sublinear_lr_liblinear_c1,no_vector_normalization,no_vector_normalization
6434,1,0,1,fixed_fn,tfidf_12_sublinear_lr_liblinear_c1,no_vector_normalization,no_vector_normalization
6436,1,1,1,unchanged_correct,tfidf_12_sublinear_lr_liblinear_c1,no_vector_normalization,no_vector_normalization
6458,1,1,1,unchanged_correct,tfidf_12_sublinear_lr_liblinear_c1,no_vector_normalization,no_vector_normalization
6459,0,0,0,unchanged_correct,tfidf_12_sublinear_lr_liblinear_c1,no_vector_normalization,no_vector_normalization
6461,1,0,0,unchanged_error,tfidf_12_sublinear_lr_liblinear_c1,no_vector_normalization,no_vector_normalization
6464,1,1,1,unchanged_correct,tfidf_12_sublinear_lr_liblinear_c1,no_vector_normalization,no_vector_normalization
6497,0,0,0,unchanged_correct,tfidf_12_sublinear_lr_liblinear_c1,no_vector_normalization,no_vector_normalization
6504,0,0,0,unchanged_correct,tfidf_12_sublinear_lr_liblinear_c1,no_vector_normalization,no_vector_normalization
6515,0,0,1,new_fp,tfidf_12_sublinear_lr_liblinear_c1,no_vector_normalization,no_vector_normalization
6518,0,0,0,unchanged_correct,tfidf_12_sublinear_lr_liblinear_c1,no_vector_normalization,no_vector_normalization
6529,0,0,0,unchanged_correct,tfidf_12_sublinear_lr_liblinear_c1,no_vector_normalization,no_vector_normalization
6561,0,1,1,unchanged_error,tfidf_12_sublinear_lr_liblinear_c1,no_vector_normalization,no_vector_normalization
6565,0,1,1,unchanged_error,tfidf_12_sublinear_lr_liblinear_c1,no_vector_normalization,no_vector_normalization
6573,0,0,0,unchanged_correct,tfidf_12_sublinear_lr_liblinear_c1,no_vector_normalization,no_vector_normalization
6575,0,0,0,unchanged_correct,tfidf_12_sublinear_lr_liblinear_c1,no_vector_normalization,no_vector_normalization
6583,0,1,1,unchanged_error,tfidf_12_sublinear_lr_liblinear_c1,no_vector_normalization,no_vector_normalization
6585,0,0,0,unchanged_correct,tfidf_12_sublinear_lr_liblinear_c1,no_vector_normalization,no_vector_normalization
6593,1,0,0,unchanged_error,tfidf_12_sublinear_lr_liblinear_c1,no_vector_normalization,no_vector_normalization
6596,0,0,0,unchanged_correct,tfidf_12_sublinear_lr_liblinear_c1,no_vector_normalization,no_vector_normalization
6597,0,0,0,unchanged_correct,tfidf_12_sublinear_lr_liblinear_c1,no_vector_normalization,no_vector_normalization
6604,0,0,0,unchanged_correct,tfidf_12_sublinear_lr_liblinear_c1,no_vector_normalization,no_vector_normalization
6625,0,0,0,unchanged_correct,tfidf_12_sublinear_lr_liblinear_c1,no_vector_normalization,no_vector_normalization
6636,0,0,0,unchanged_correct,tfidf_12_sublinear_lr_liblinear_c1,no_vector_normalization,no_vector_normalization
6637,0,0,0,unchanged_correct,tfidf_12_sublinear_lr_liblinear_c1,no_vector_normalization,no_vector_normalization
6642,1,1,1,unchanged_correct,tfidf_12_sublinear_lr_liblinear_c1,no_vector_normalization,no_vector_normalization
6646,0,0,0,unchanged_correct,tfidf_12_sublinear_lr_liblinear_c1,no_vector_normalization,no_vector_normalization
6647,0,0,0,unchanged_correct,tfidf_12_sublinear_lr_liblinear_c1,no_vector_normalization,no_vector_normalization
6654,1,0,0,unchanged_error,tfidf_12_sublinear_lr_liblinear_c1,no_vector_normalization,no_vector_normalization
6663,1,1,0,new_fn,tfidf_12_sublinear_lr_liblinear_c1,no_vector_normalization,no_vector_normalization
6669,1,0,0,unchanged_error,tfidf_12_sublinear_lr_liblinear_c1,no_vector_normalization,no_vector_normalization
6670,0,1,0,fixed_fp,tfidf_12_sublinear_lr_liblinear_c1,no_vector_normalization,no_vector_normalization
6675,1,1,1,unchanged_correct,tfidf_12_sublinear_lr_liblinear_c1,no_vector_normalization,no_vector_normalization
6697,0,0,0,unchanged_correct,tfidf_12_sublinear_lr_liblinear_c1,no_vector_normalization,no_vector_normalization
6699,0,0,0,unchanged_correct,tfidf_12_sublinear_lr_liblinear_c1,no_vector_normalization,no_vector_normalization
6721,0,0,0,unchanged_correct,tfidf_12_sublinear_lr_liblinear_c1,no_vector_normalization,no_vector_normalization
6722,0,0,0,unchanged_correct,tfidf_12_sublinear_lr_liblinear_c1,no_vector_normalization,no_vector_normalization
6725,0,0,0,unchanged_correct,tfidf_12_sublinear_lr_liblinear_c1,no_vector_normalization,no_vector_normalization
6727,0,0,0,unchanged_correct,tfidf_12_sublinear_lr_liblinear_c1,no_vector_normalization,no_vector_normalization
6737,0,0,0,unchanged_correct,tfidf_12_sublinear_lr_liblinear_c1,no_vector_normalization,no_vector_normalization
6748,0,0,0,unchanged_correct,tfidf_12_sublinear_lr_liblinear_c1,no_vector_normalization,no_vector_normalization
6749,1,1,1,unchanged_correct,tfidf_12_sublinear_lr_liblinear_c1,no_vector_normalization,no_vector_normalization
6764,1,0,0,unchanged_error,tfidf_12_sublinear_lr_liblinear_c1,no_vector_normalization,no_vector_normalization
6783,0,0,0,unchanged_correct,tfidf_12_sublinear_lr_liblinear_c1,no_vector_normalization,no_vector_normalization
6792,0,0,0,unchanged_correct,tfidf_12_sublinear_lr_liblinear_c1,no_vector_normalization,no_vector_normalization
6794,0,1,0,fixed_fp,tfidf_12_sublinear_lr_liblinear_c1,no_vector_normalization,no_vector_normalization
6795,1,0,0,unchanged_error,tfidf_12_sublinear_lr_liblinear_c1,no_vector_normalization,no_vector_normalization
6800,0,0,0,unchanged_correct,tfidf_12_sublinear_lr_liblinear_c1,no_vector_normalization,no_vector_normalization
6806,1,0,0,unchanged_error,tfidf_12_sublinear_lr_liblinear_c1,no_vector_normalization,no_vector_normalization
6810,0,0,0,unchanged_correct,tfidf_12_sublinear_lr_liblinear_c1,no_vector_normalization,no_vector_normalization
6811,0,0,0,unchanged_correct,tfidf_12_sublinear_lr_liblinear_c1,no_vector_normalization,no_vector_normalization
6813,1,0,0,unchanged_error,tfidf_12_sublinear_lr_liblinear_c1,no_vector_normalization,no_vector_normalization
6820,0,0,0,unchanged_correct,tfidf_12_sublinear_lr_liblinear_c1,no_vector_normalization,no_vector_normalization
6828,1,0,0,unchanged_error,tfidf_12_sublinear_lr_liblinear_c1,no_vector_normalization,no_vector_normalization
6841,0,0,0,unchanged_correct,tfidf_12_sublinear_lr_liblinear_c1,no_vector_normalization,no_vector_normalization
6880,1,1,1,unchanged_correct,tfidf_12_sublinear_lr_liblinear_c1,no_vector_normalization,no_vector_normalization
6884,1,1,1,unchanged_correct,tfidf_12_sublinear_lr_liblinear_c1,no_vector_normalization,no_vector_normalization
6900,0,1,1,unchanged_error,tfidf_12_sublinear_lr_liblinear_c1,no_vector_normalization,no_vector_normalization
6914,0,1,1,unchanged_error,tfidf_12_sublinear_lr_liblinear_c1,no_vector_normalization,no_vector_normalization
6917,0,0,0,unchanged_correct,tfidf_12_sublinear_lr_liblinear_c1,no_vector_normalization,no_vector_normalization
6926,0,0,0,unchanged_correct,tfidf_12_sublinear_lr_liblinear_c1,no_vector_normalization,no_vector_normalization
6928,0,0,0,unchanged_correct,tfidf_12_sublinear_lr_liblinear_c1,no_vector_normalization,no_vector_normalization
6950,1,1,1,unchanged_correct,tfidf_12_sublinear_lr_liblinear_c1,no_vector_normalization,no_vector_normalization
6955,1,1,1,unchanged_correct,tfidf_12_sublinear_lr_liblinear_c1,no_vector_normalization,no_vector_normalization
6962,0,0,0,unchanged_correct,tfidf_12_sublinear_lr_liblinear_c1,no_vector_normalization,no_vector_normalization
6966,1,1,1,unchanged_correct,tfidf_12_sublinear_lr_liblinear_c1,no_vector_normalization,no_vector_normalization
6967,1,0,0,unchanged_error,tfidf_12_sublinear_lr_liblinear_c1,no_vector_normalization,no_vector_normalization
6975,1,1,1,unchanged_correct,tfidf_12_sublinear_lr_liblinear_c1,no_vector_normalization,no_vector_normalization
6978,1,0,0,unchanged_error,tfidf_12_sublinear_lr_liblinear_c1,no_vector_normalization,no_vector_normalization
6979,0,1,0,fixed_fp,tfidf_12_sublinear_lr_liblinear_c1,no_vector_normalization,no_vector_normalization
6981,1,1,1,unchanged_correct,tfidf_12_sublinear_lr_liblinear_c1,no_vector_normalization,no_vector_normalization
6985,1,1,1,unchanged_correct,tfidf_12_sublinear_lr_liblinear_c1,no_vector_normalization,no_vector_normalization
6994,0,0,0,unchanged_correct,tfidf_12_sublinear_lr_liblinear_c1,no_vector_normalization,no_vector_normalization
6998,0,0,0,unchanged_correct,tfidf_12_sublinear_lr_liblinear_c1,no_vector_normalization,no_vector_normalization
6999,0,0,0,unchanged_correct,tfidf_12_sublinear_lr_liblinear_c1,no_vector_normalization,no_vector_normalization
7019,0,0,0,unchanged_correct,tfidf_12_sublinear_lr_liblinear_c1,no_vector_normalization,no_vector_normalization
7025,0,0,0,unchanged_correct,tfidf_12_sublinear_lr_liblinear_c1,no_vector_normalization,no_vector_normalization
7026,0,0,0,unchanged_correct,tfidf_12_sublinear_lr_liblinear_c1,no_vector_normalization,no_vector_normalization
7030,0,0,0,unchanged_correct,tfidf_12_sublinear_lr_liblinear_c1,no_vector_normalization,no_vector_normalization
7046,0,0,0,unchanged_correct,tfidf_12_sublinear_lr_liblinear_c1,no_vector_normalization,no_vector_normalization
7047,0,0,0,unchanged_correct,tfidf_12_sublinear_lr_liblinear_c1,no_vector_normalization,no_vector_normalization
7054,0,0,0,unchanged_correct,tfidf_12_sublinear_lr_liblinear_c1,no_vector_normalization,no_vector_normalization
7061,0,1,1,unchanged_error,tfidf_12_sublinear_lr_liblinear_c1,no_vector_normalization,no_vector_normalization
7065,0,0,0,unchanged_correct,tfidf_12_sublinear_lr_liblinear_c1,no_vector_normalization,no_vector_normalization
7071,0,0,0,unchanged_correct,tfidf_12_sublinear_lr_liblinear_c1,no_vector_normalization,no_vector_normalization
7081,0,0,0,unchanged_correct,tfidf_12_sublinear_lr_liblinear_c1,no_vector_normalization,no_vector_normalization
7088,0,0,0,unchanged_correct,tfidf_12_sublinear_lr_liblinear_c1,no_vector_normalization,no_vector_normalization
7112,0,1,1,unchanged_error,tfidf_12_sublinear_lr_liblinear_c1,no_vector_normalization,no_vector_normalization
7116,0,0,0,unchanged_correct,tfidf_12_sublinear_lr_liblinear_c1,no_vector_normalization,no_vector_normalization
7138,0,0,1,new_fp,tfidf_12_sublinear_lr_liblinear_c1,no_vector_normalization,no_vector_normalization
7141,0,1,0,fixed_fp,tfidf_12_sublinear_lr_liblinear_c1,no_vector_normalization,no_vector_normalization
7147,1,0,1,fixed_fn,tfidf_12_sublinear_lr_liblinear_c1,no_vector_normalization,no_vector_normalization
7164,0,0,1,new_fp,tfidf_12_sublinear_lr_liblinear_c1,no_vector_normalization,no_vector_normalization
7173,1,0,1,fixed_fn,tfidf_12_sublinear_lr_liblinear_c1,no_vector_normalization,no_vector_normalization
7178,0,0,0,unchanged_correct,tfidf_12_sublinear_lr_liblinear_c1,no_vector_normalization,no_vector_normalization
7187,0,0,1,new_fp,tfidf_12_sublinear_lr_liblinear_c1,no_vector_normalization,no_vector_normalization
7193,1,0,1,fixed_fn,tfidf_12_sublinear_lr_liblinear_c1,no_vector_normalization,no_vector_normalization
7194,0,0,0,unchanged_correct,tfidf_12_sublinear_lr_liblinear_c1,no_vector_normalization,no_vector_normalization
7206,1,1,1,unchanged_correct,tfidf_12_sublinear_lr_liblinear_c1,no_vector_normalization,no_vector_normalization
7214,0,0,1,new_fp,tfidf_12_sublinear_lr_liblinear_c1,no_vector_normalization,no_vector_normalization
7215,1,1,1,unchanged_correct,tfidf_12_sublinear_lr_liblinear_c1,no_vector_normalization,no_vector_normalization
7223,1,0,0,unchanged_error,tfidf_12_sublinear_lr_liblinear_c1,no_vector_normalization,no_vector_normalization
7224,1,1,1,unchanged_correct,tfidf_12_sublinear_lr_liblinear_c1,no_vector_normalization,no_vector_normalization
7226,1,0,0,unchanged_error,tfidf_12_sublinear_lr_liblinear_c1,no_vector_normalization,no_vector_normalization
7256,1,0,0,unchanged_error,tfidf_12_sublinear_lr_liblinear_c1,no_vector_normalization,no_vector_normalization
7260,1,1,1,unchanged_correct,tfidf_12_sublinear_lr_liblinear_c1,no_vector_normalization,no_vector_normalization
7261,1,1,1,unchanged_correct,tfidf_12_sublinear_lr_liblinear_c1,no_vector_normalization,no_vector_normalization
7267,1,1,1,unchanged_correct,tfidf_12_sublinear_lr_liblinear_c1,no_vector_normalization,no_vector_normalization
7268,1,1,1,unchanged_correct,tfidf_12_sublinear_lr_liblinear_c1,no_vector_normalization,no_vector_normalization
7270,1,1,1,unchanged_correct,tfidf_12_sublinear_lr_liblinear_c1,no_vector_normalization,no_vector_normalization
7312,1,0,0,unchanged_error,tfidf_12_sublinear_lr_liblinear_c1,no_vector_normalization,no_vector_normalization
7318,1,1,1,unchanged_correct,tfidf_12_sublinear_lr_liblinear_c1,no_vector_normalization,no_vector_normalization
7320,0,0,0,unchanged_correct,tfidf_12_sublinear_lr_liblinear_c1,no_vector_normalization,no_vector_normalization
7331,0,0,0,unchanged_correct,tfidf_12_sublinear_lr_liblinear_c1,no_vector_normalization,no_vector_normalization
7332,0,0,0,unchanged_correct,tfidf_12_sublinear_lr_liblinear_c1,no_vector_normalization,no_vector_normalization
7350,0,0,0,unchanged_correct,tfidf_12_sublinear_lr_liblinear_c1,no_vector_normalization,no_vector_normalization
7356,1,0,0,unchanged_error,tfidf_12_sublinear_lr_liblinear_c1,no_vector_normalization,no_vector_normalization
7359,0,0,0,unchanged_correct,tfidf_12_sublinear_lr_liblinear_c1,no_vector_normalization,no_vector_normalization
7361,1,0,0,unchanged_error,tfidf_12_sublinear_lr_liblinear_c1,no_vector_normalization,no_vector_normalization
7373,0,0,0,unchanged_correct,tfidf_12_sublinear_lr_liblinear_c1,no_vector_normalization,no_vector_normalization
7377,1,0,0,unchanged_error,tfidf_12_sublinear_lr_liblinear_c1,no_vector_normalization,no_vector_normalization
7378,0,0,0,unchanged_correct,tfidf_12_sublinear_lr_liblinear_c1,no_vector_normalization,no_vector_normalization
7390,0,0,0,unchanged_correct,tfidf_12_sublinear_lr_liblinear_c1,no_vector_normalization,no_vector_normalization
7397,0,0,0,unchanged_correct,tfidf_12_sublinear_lr_liblinear_c1,no_vector_normalization,no_vector_normalization
7402,0,0,0,unchanged_correct,tfidf_12_sublinear_lr_liblinear_c1,no_vector_normalization,no_vector_normalization
7418,0,0,0,unchanged_correct,tfidf_12_sublinear_lr_liblinear_c1,no_vector_normalization,no_vector_normalization
7419,0,0,0,unchanged_correct,tfidf_12_sublinear_lr_liblinear_c1,no_vector_normalization,no_vector_normalization
7433,0,0,0,unchanged_correct,tfidf_12_sublinear_lr_liblinear_c1,no_vector_normalization,no_vector_normalization
7452,0,0,0,unchanged_correct,tfidf_12_sublinear_lr_liblinear_c1,no_vector_normalization,no_vector_normalization
7463,1,0,0,unchanged_error,tfidf_12_sublinear_lr_liblinear_c1,no_vector_normalization,no_vector_normalization
7473,0,0,0,unchanged_correct,tfidf_12_sublinear_lr_liblinear_c1,no_vector_normalization,no_vector_normalization
7477,0,0,0,unchanged_correct,tfidf_12_sublinear_lr_liblinear_c1,no_vector_normalization,no_vector_normalization
7480,0,0,0,unchanged_correct,tfidf_12_sublinear_lr_liblinear_c1,no_vector_normalization,no_vector_normalization
7507,1,1,1,unchanged_correct,tfidf_12_sublinear_lr_liblinear_c1,no_vector_normalization,no_vector_normalization
7510,1,1,1,unchanged_correct,tfidf_12_sublinear_lr_liblinear_c1,no_vector_normalization,no_vector_normalization
7513,1,1,0,new_fn,tfidf_12_sublinear_lr_liblinear_c1,no_vector_normalization,no_vector_normalization
7517,1,1,1,unchanged_correct,tfidf_12_sublinear_lr_liblinear_c1,no_vector_normalization,no_vector_normalization
7520,1,1,1,unchanged_correct,tfidf_12_sublinear_lr_liblinear_c1,no_vector_normalization,no_vector_normalization
7530,1,1,1,unchanged_correct,tfidf_12_sublinear_lr_liblinear_c1,no_vector_normalization,no_vector_normalization
7535,1,1,1,unchanged_correct,tfidf_12_sublinear_lr_liblinear_c1,no_vector_normalization,no_vector_normalization
7554,1,1,1,unchanged_correct,tfidf_12_sublinear_lr_liblinear_c1,no_vector_normalization,no_vector_normalization
7560,1,1,1,unchanged_correct,tfidf_12_sublinear_lr_liblinear_c1,no_vector_normalization,no_vector_normalization
7570,1,1,1,unchanged_correct,tfidf_12_sublinear_lr_liblinear_c1,no_vector_normalization,no_vector_normalization
7577,1,1,1,unchanged_correct,tfidf_12_sublinear_lr_liblinear_c1,no_vector_normalization,no_vector_normalization
7587,1,1,1,unchanged_correct,tfidf_12_sublinear_lr_liblinear_c1,no_vector_normalization,no_vector_normalization
7589,1,1,1,unchanged_correct,tfidf_12_sublinear_lr_liblinear_c1,no_vector_normalization,no_vector_normalization
7593,1,1,1,unchanged_correct,tfidf_12_sublinear_lr_liblinear_c1,no_vector_normalization,no_vector_normalization
7600,0,1,0,fixed_fp,tfidf_12_sublinear_lr_liblinear_c1,no_vector_normalization,no_vector_normalization
7609,0,0,0,unchanged_correct,tfidf_12_sublinear_lr_liblinear_c1,no_vector_normalization,no_vector_normalization
7613,1,0,0,unchanged_error,tfidf_12_sublinear_lr_liblinear_c1,no_vector_normalization,no_vector_normalization
7648,0,0,0,unchanged_correct,tfidf_12_sublinear_lr_liblinear_c1,no_vector_normalization,no_vector_normalization
7657,0,0,0,unchanged_correct,tfidf_12_sublinear_lr_liblinear_c1,no_vector_normalization,no_vector_normalization
7668,0,0,0,unchanged_correct,tfidf_12_sublinear_lr_liblinear_c1,no_vector_normalization,no_vector_normalization
7678,0,0,0,unchanged_correct,tfidf_12_sublinear_lr_liblinear_c1,no_vector_normalization,no_vector_normalization
7679,0,0,0,unchanged_correct,tfidf_12_sublinear_lr_liblinear_c1,no_vector_normalization,no_vector_normalization
7680,0,0,0,unchanged_correct,tfidf_12_sublinear_lr_liblinear_c1,no_vector_normalization,no_vector_normalization
7683,0,0,0,unchanged_correct,tfidf_12_sublinear_lr_liblinear_c1,no_vector_normalization,no_vector_normalization
7686,0,0,0,unchanged_correct,tfidf_12_sublinear_lr_liblinear_c1,no_vector_normalization,no_vector_normalization
7691,0,0,0,unchanged_correct,tfidf_12_sublinear_lr_liblinear_c1,no_vector_normalization,no_vector_normalization
7703,0,0,0,unchanged_correct,tfidf_12_sublinear_lr_liblinear_c1,no_vector_normalization,no_vector_normalization
7714,0,0,0,unchanged_correct,tfidf_12_sublinear_lr_liblinear_c1,no_vector_normalization,no_vector_normalization
7719,0,0,0,unchanged_correct,tfidf_12_sublinear_lr_liblinear_c1,no_vector_normalization,no_vector_normalization
7721,0,0,0,unchanged_correct,tfidf_12_sublinear_lr_liblinear_c1,no_vector_normalization,no_vector_normalization
7725,0,0,0,unchanged_correct,tfidf_12_sublinear_lr_liblinear_c1,no_vector_normalization,no_vector_normalization
7731,0,0,0,unchanged_correct,tfidf_12_sublinear_lr_liblinear_c1,no_vector_normalization,no_vector_normalization
7733,0,0,0,unchanged_correct,tfidf_12_sublinear_lr_liblinear_c1,no_vector_normalization,no_vector_normalization
7736,0,0,0,unchanged_correct,tfidf_12_sublinear_lr_liblinear_c1,no_vector_normalization,no_vector_normalization
7748,1,1,1,unchanged_correct,tfidf_12_sublinear_lr_liblinear_c1,no_vector_normalization,no_vector_normalization
7752,1,1,1,unchanged_correct,tfidf_12_sublinear_lr_liblinear_c1,no_vector_normalization,no_vector_normalization
7754,0,1,1,unchanged_error,tfidf_12_sublinear_lr_liblinear_c1,no_vector_normalization,no_vector_normalization
7758,0,1,1,unchanged_error,tfidf_12_sublinear_lr_liblinear_c1,no_vector_normalization,no_vector_normalization
7760,1,1,1,unchanged_correct,tfidf_12_sublinear_lr_liblinear_c1,no_vector_normalization,no_vector_normalization
7763,0,0,0,unchanged_correct,tfidf_12_sublinear_lr_liblinear_c1,no_vector_normalization,no_vector_normalization
7772,1,1,1,unchanged_correct,tfidf_12_sublinear_lr_liblinear_c1,no_vector_normalization,no_vector_normalization
7784,1,1,1,unchanged_correct,tfidf_12_sublinear_lr_liblinear_c1,no_vector_normalization,no_vector_normalization
7793,0,1,1,unchanged_error,tfidf_12_sublinear_lr_liblinear_c1,no_vector_normalization,no_vector_normalization
7801,1,0,0,unchanged_error,tfidf_12_sublinear_lr_liblinear_c1,no_vector_normalization,no_vector_normalization
7803,0,0,0,unchanged_correct,tfidf_12_sublinear_lr_liblinear_c1,no_vector_normalization,no_vector_normalization
7804,1,0,0,unchanged_error,tfidf_12_sublinear_lr_liblinear_c1,no_vector_normalization,no_vector_normalization
7809,0,0,0,unchanged_correct,tfidf_12_sublinear_lr_liblinear_c1,no_vector_normalization,no_vector_normalization
7823,0,0,0,unchanged_correct,tfidf_12_sublinear_lr_liblinear_c1,no_vector_normalization,no_vector_normalization
7827,0,1,0,fixed_fp,tfidf_12_sublinear_lr_liblinear_c1,no_vector_normalization,no_vector_normalization
7828,0,0,0,unchanged_correct,tfidf_12_sublinear_lr_liblinear_c1,no_vector_normalization,no_vector_normalization
7833,0,0,0,unchanged_correct,tfidf_12_sublinear_lr_liblinear_c1,no_vector_normalization,no_vector_normalization
7908,0,1,0,fixed_fp,tfidf_12_sublinear_lr_liblinear_c1,no_vector_normalization,no_vector_normalization
7912,0,0,0,unchanged_correct,tfidf_12_sublinear_lr_liblinear_c1,no_vector_normalization,no_vector_normalization
7918,1,1,1,unchanged_correct,tfidf_12_sublinear_lr_liblinear_c1,no_vector_normalization,no_vector_normalization
7923,1,1,1,unchanged_correct,tfidf_12_sublinear_lr_liblinear_c1,no_vector_normalization,no_vector_normalization
7935,1,1,1,unchanged_correct,tfidf_12_sublinear_lr_liblinear_c1,no_vector_normalization,no_vector_normalization
7937,1,1,1,unchanged_correct,tfidf_12_sublinear_lr_liblinear_c1,no_vector_normalization,no_vector_normalization
7963,1,1,1,unchanged_correct,tfidf_12_sublinear_lr_liblinear_c1,no_vector_normalization,no_vector_normalization
7968,1,1,1,unchanged_correct,tfidf_12_sublinear_lr_liblinear_c1,no_vector_normalization,no_vector_normalization
7969,1,1,1,unchanged_correct,tfidf_12_sublinear_lr_liblinear_c1,no_vector_normalization,no_vector_normalization
7972,1,1,1,unchanged_correct,tfidf_12_sublinear_lr_liblinear_c1,no_vector_normalization,no_vector_normalization
7977,1,1,1,unchanged_correct,tfidf_12_sublinear_lr_liblinear_c1,no_vector_normalization,no_vector_normalization
7982,1,1,1,unchanged_correct,tfidf_12_sublinear_lr_liblinear_c1,no_vector_normalization,no_vector_normalization
7990,1,1,1,unchanged_correct,tfidf_12_sublinear_lr_liblinear_c1,no_vector_normalization,no_vector_normalization
7999,1,1,1,unchanged_correct,tfidf_12_sublinear_lr_liblinear_c1,no_vector_normalization,no_vector_normalization
8003,1,1,1,unchanged_correct,tfidf_12_sublinear_lr_liblinear_c1,no_vector_normalization,no_vector_normalization
8006,1,1,1,unchanged_correct,tfidf_12_sublinear_lr_liblinear_c1,no_vector_normalization,no_vector_normalization
8018,1,1,1,unchanged_correct,tfidf_12_sublinear_lr_liblinear_c1,no_vector_normalization,no_vector_normalization
8023,0,0,0,unchanged_correct,tfidf_12_sublinear_lr_liblinear_c1,no_vector_normalization,no_vector_normalization
8026,1,0,0,unchanged_error,tfidf_12_sublinear_lr_liblinear_c1,no_vector_normalization,no_vector_normalization
8028,1,1,1,unchanged_correct,tfidf_12_sublinear_lr_liblinear_c1,no_vector_normalization,no_vector_normalization
8030,1,1,1,unchanged_correct,tfidf_12_sublinear_lr_liblinear_c1,no_vector_normalization,no_vector_normalization
8036,1,1,1,unchanged_correct,tfidf_12_sublinear_lr_liblinear_c1,no_vector_normalization,no_vector_normalization
8049,1,1,1,unchanged_correct,tfidf_12_sublinear_lr_liblinear_c1,no_vector_normalization,no_vector_normalization
8061,0,0,0,unchanged_correct,tfidf_12_sublinear_lr_liblinear_c1,no_vector_normalization,no_vector_normalization
8064,1,0,0,unchanged_error,tfidf_12_sublinear_lr_liblinear_c1,no_vector_normalization,no_vector_normalization
8065,0,0,0,unchanged_correct,tfidf_12_sublinear_lr_liblinear_c1,no_vector_normalization,no_vector_normalization
8068,0,0,0,unchanged_correct,tfidf_12_sublinear_lr_liblinear_c1,no_vector_normalization,no_vector_normalization
8074,0,0,0,unchanged_correct,tfidf_12_sublinear_lr_liblinear_c1,no_vector_normalization,no_vector_normalization
8079,0,0,0,unchanged_correct,tfidf_12_sublinear_lr_liblinear_c1,no_vector_normalization,no_vector_normalization
8081,0,0,0,unchanged_correct,tfidf_12_sublinear_lr_liblinear_c1,no_vector_normalization,no_vector_normalization
8084,1,0,0,unchanged_error,tfidf_12_sublinear_lr_liblinear_c1,no_vector_normalization,no_vector_normalization
8088,0,0,0,unchanged_correct,tfidf_12_sublinear_lr_liblinear_c1,no_vector_normalization,no_vector_normalization
8089,1,1,1,unchanged_correct,tfidf_12_sublinear_lr_liblinear_c1,no_vector_normalization,no_vector_normalization
8091,0,0,0,unchanged_correct,tfidf_12_sublinear_lr_liblinear_c1,no_vector_normalization,no_vector_normalization
8102,0,0,0,unchanged_correct,tfidf_12_sublinear_lr_liblinear_c1,no_vector_normalization,no_vector_normalization
8103,1,1,1,unchanged_correct,tfidf_12_sublinear_lr_liblinear_c1,no_vector_normalization,no_vector_normalization
8105,0,0,0,unchanged_correct,tfidf_12_sublinear_lr_liblinear_c1,no_vector_normalization,no_vector_normalization
8112,0,0,0,unchanged_correct,tfidf_12_sublinear_lr_liblinear_c1,no_vector_normalization,no_vector_normalization
8118,0,1,1,unchanged_error,tfidf_12_sublinear_lr_liblinear_c1,no_vector_normalization,no_vector_normalization
8122,1,1,1,unchanged_correct,tfidf_12_sublinear_lr_liblinear_c1,no_vector_normalization,no_vector_normalization
8129,1,1,0,new_fn,tfidf_12_sublinear_lr_liblinear_c1,no_vector_normalization,no_vector_normalization
8130,0,0,0,unchanged_correct,tfidf_12_sublinear_lr_liblinear_c1,no_vector_normalization,no_vector_normalization
8131,1,1,1,unchanged_correct,tfidf_12_sublinear_lr_liblinear_c1,no_vector_normalization,no_vector_normalization
8141,1,1,1,unchanged_correct,tfidf_12_sublinear_lr_liblinear_c1,no_vector_normalization,no_vector_normalization
8147,1,1,1,unchanged_correct,tfidf_12_sublinear_lr_liblinear_c1,no_vector_normalization,no_vector_normalization
8164,1,1,1,unchanged_correct,tfidf_12_sublinear_lr_liblinear_c1,no_vector_normalization,no_vector_normalization
8165,0,0,0,unchanged_correct,tfidf_12_sublinear_lr_liblinear_c1,no_vector_normalization,no_vector_normalization
8171,1,1,1,unchanged_correct,tfidf_12_sublinear_lr_liblinear_c1,no_vector_normalization,no_vector_normalization
8177,1,1,1,unchanged_correct,tfidf_12_sublinear_lr_liblinear_c1,no_vector_normalization,no_vector_normalization
8184,1,1,1,unchanged_correct,tfidf_12_sublinear_lr_liblinear_c1,no_vector_normalization,no_vector_normalization
8188,1,1,1,unchanged_correct,tfidf_12_sublinear_lr_liblinear_c1,no_vector_normalization,no_vector_normalization
8190,1,1,1,unchanged_correct,tfidf_12_sublinear_lr_liblinear_c1,no_vector_normalization,no_vector_normalization
8191,1,1,1,unchanged_correct,tfidf_12_sublinear_lr_liblinear_c1,no_vector_normalization,no_vector_normalization
8195,0,0,0,unchanged_correct,tfidf_12_sublinear_lr_liblinear_c1,no_vector_normalization,no_vector_normalization
8204,0,1,1,unchanged_error,tfidf_12_sublinear_lr_liblinear_c1,no_vector_normalization,no_vector_normalization
8211,1,0,0,unchanged_error,tfidf_12_sublinear_lr_liblinear_c1,no_vector_normalization,no_vector_normalization
8216,0,0,0,unchanged_correct,tfidf_12_sublinear_lr_liblinear_c1,no_vector_normalization,no_vector_normalization
8217,0,0,0,unchanged_correct,tfidf_12_sublinear_lr_liblinear_c1,no_vector_normalization,no_vector_normalization
8232,0,0,1,new_fp,tfidf_12_sublinear_lr_liblinear_c1,no_vector_normalization,no_vector_normalization
8239,1,1,1,unchanged_correct,tfidf_12_sublinear_lr_liblinear_c1,no_vector_normalization,no_vector_normalization
8242,1,0,0,unchanged_error,tfidf_12_sublinear_lr_liblinear_c1,no_vector_normalization,no_vector_normalization
8250,1,0,1,fixed_fn,tfidf_12_sublinear_lr_liblinear_c1,no_vector_normalization,no_vector_normalization
8252,0,1,0,fixed_fp,tfidf_12_sublinear_lr_liblinear_c1,no_vector_normalization,no_vector_normalization
8259,1,0,0,unchanged_error,tfidf_12_sublinear_lr_liblinear_c1,no_vector_normalization,no_vector_normalization
8278,1,0,0,unchanged_error,tfidf_12_sublinear_lr_liblinear_c1,no_vector_normalization,no_vector_normalization
8283,1,0,1,fixed_fn,tfidf_12_sublinear_lr_liblinear_c1,no_vector_normalization,no_vector_normalization
8286,1,0,0,unchanged_error,tfidf_12_sublinear_lr_liblinear_c1,no_vector_normalization,no_vector_normalization
8296,1,0,0,unchanged_error,tfidf_12_sublinear_lr_liblinear_c1,no_vector_normalization,no_vector_normalization
8311,1,1,1,unchanged_correct,tfidf_12_sublinear_lr_liblinear_c1,no_vector_normalization,no_vector_normalization
8312,0,1,1,unchanged_error,tfidf_12_sublinear_lr_liblinear_c1,no_vector_normalization,no_vector_normalization
8317,1,1,1,unchanged_correct,tfidf_12_sublinear_lr_liblinear_c1,no_vector_normalization,no_vector_normalization
8324,0,1,0,fixed_fp,tfidf_12_sublinear_lr_liblinear_c1,no_vector_normalization,no_vector_normalization
8329,1,1,1,unchanged_correct,tfidf_12_sublinear_lr_liblinear_c1,no_vector_normalization,no_vector_normalization
8341,0,1,1,unchanged_error,tfidf_12_sublinear_lr_liblinear_c1,no_vector_normalization,no_vector_normalization
8346,0,0,0,unchanged_correct,tfidf_12_sublinear_lr_liblinear_c1,no_vector_normalization,no_vector_normalization
8347,0,0,0,unchanged_correct,tfidf_12_sublinear_lr_liblinear_c1,no_vector_normalization,no_vector_normalization
8356,0,0,0,unchanged_correct,tfidf_12_sublinear_lr_liblinear_c1,no_vector_normalization,no_vector_normalization
8372,0,0,0,unchanged_correct,tfidf_12_sublinear_lr_liblinear_c1,no_vector_normalization,no_vector_normalization
8382,0,0,0,unchanged_correct,tfidf_12_sublinear_lr_liblinear_c1,no_vector_normalization,no_vector_normalization
8387,0,0,0,unchanged_correct,tfidf_12_sublinear_lr_liblinear_c1,no_vector_normalization,no_vector_normalization
8401,1,1,1,unchanged_correct,tfidf_12_sublinear_lr_liblinear_c1,no_vector_normalization,no_vector_normalization
8409,1,1,1,unchanged_correct,tfidf_12_sublinear_lr_liblinear_c1,no_vector_normalization,no_vector_normalization
8435,1,1,1,unchanged_correct,tfidf_12_sublinear_lr_liblinear_c1,no_vector_normalization,no_vector_normalization
8444,0,0,0,unchanged_correct,tfidf_12_sublinear_lr_liblinear_c1,no_vector_normalization,no_vector_normalization
8450,1,0,0,unchanged_error,tfidf_12_sublinear_lr_liblinear_c1,no_vector_normalization,no_vector_normalization
8472,1,0,0,unchanged_error,tfidf_12_sublinear_lr_liblinear_c1,no_vector_normalization,no_vector_normalization
8475,0,0,0,unchanged_correct,tfidf_12_sublinear_lr_liblinear_c1,no_vector_normalization,no_vector_normalization
8477,0,0,0,unchanged_correct,tfidf_12_sublinear_lr_liblinear_c1,no_vector_normalization,no_vector_normalization
8478,0,0,0,unchanged_correct,tfidf_12_sublinear_lr_liblinear_c1,no_vector_normalization,no_vector_normalization
8498,0,0,0,unchanged_correct,tfidf_12_sublinear_lr_liblinear_c1,no_vector_normalization,no_vector_normalization
8515,0,0,0,unchanged_correct,tfidf_12_sublinear_lr_liblinear_c1,no_vector_normalization,no_vector_normalization
8524,0,0,0,unchanged_correct,tfidf_12_sublinear_lr_liblinear_c1,no_vector_normalization,no_vector_normalization
8536,0,0,0,unchanged_correct,tfidf_12_sublinear_lr_liblinear_c1,no_vector_normalization,no_vector_normalization
8557,0,0,0,unchanged_correct,tfidf_12_sublinear_lr_liblinear_c1,no_vector_normalization,no_vector_normalization
8561,0,0,0,unchanged_correct,tfidf_12_sublinear_lr_liblinear_c1,no_vector_normalization,no_vector_normalization
8578,1,0,0,unchanged_error,tfidf_12_sublinear_lr_liblinear_c1,no_vector_normalization,no_vector_normalization
8579,0,0,0,unchanged_correct,tfidf_12_sublinear_lr_liblinear_c1,no_vector_normalization,no_vector_normalization
8586,1,0,0,unchanged_error,tfidf_12_sublinear_lr_liblinear_c1,no_vector_normalization,no_vector_normalization
8587,0,0,0,unchanged_correct,tfidf_12_sublinear_lr_liblinear_c1,no_vector_normalization,no_vector_normalization
8595,1,1,1,unchanged_correct,tfidf_12_sublinear_lr_liblinear_c1,no_vector_normalization,no_vector_normalization
8596,0,0,0,unchanged_correct,tfidf_12_sublinear_lr_liblinear_c1,no_vector_normalization,no_vector_normalization
8609,1,1,1,unchanged_correct,tfidf_12_sublinear_lr_liblinear_c1,no_vector_normalization,no_vector_normalization
8610,0,1,0,fixed_fp,tfidf_12_sublinear_lr_liblinear_c1,no_vector_normalization,no_vector_normalization
8613,0,1,0,fixed_fp,tfidf_12_sublinear_lr_liblinear_c1,no_vector_normalization,no_vector_normalization
8624,0,0,0,unchanged_correct,tfidf_12_sublinear_lr_liblinear_c1,no_vector_normalization,no_vector_normalization
8627,0,1,0,fixed_fp,tfidf_12_sublinear_lr_liblinear_c1,no_vector_normalization,no_vector_normalization
8631,1,1,1,unchanged_correct,tfidf_12_sublinear_lr_liblinear_c1,no_vector_normalization,no_vector_normalization
8642,0,0,0,unchanged_correct,tfidf_12_sublinear_lr_liblinear_c1,no_vector_normalization,no_vector_normalization
8648,1,1,1,unchanged_correct,tfidf_12_sublinear_lr_liblinear_c1,no_vector_normalization,no_vector_normalization
8650,1,1,1,unchanged_correct,tfidf_12_sublinear_lr_liblinear_c1,no_vector_normalization,no_vector_normalization
8651,1,1,1,unchanged_correct,tfidf_12_sublinear_lr_liblinear_c1,no_vector_normalization,no_vector_normalization
8655,1,1,1,unchanged_correct,tfidf_12_sublinear_lr_liblinear_c1,no_vector_normalization,no_vector_normalization
8664,1,1,1,unchanged_correct,tfidf_12_sublinear_lr_liblinear_c1,no_vector_normalization,no_vector_normalization
8667,1,1,1,unchanged_correct,tfidf_12_sublinear_lr_liblinear_c1,no_vector_normalization,no_vector_normalization
8673,1,0,0,unchanged_error,tfidf_12_sublinear_lr_liblinear_c1,no_vector_normalization,no_vector_normalization
8674,1,1,1,unchanged_correct,tfidf_12_sublinear_lr_liblinear_c1,no_vector_normalization,no_vector_normalization
8677,0,0,0,unchanged_correct,tfidf_12_sublinear_lr_liblinear_c1,no_vector_normalization,no_vector_normalization
8680,1,1,1,unchanged_correct,tfidf_12_sublinear_lr_liblinear_c1,no_vector_normalization,no_vector_normalization
8686,1,1,1,unchanged_correct,tfidf_12_sublinear_lr_liblinear_c1,no_vector_normalization,no_vector_normalization
8693,1,1,0,new_fn,tfidf_12_sublinear_lr_liblinear_c1,no_vector_normalization,no_vector_normalization
8694,0,0,0,unchanged_correct,tfidf_12_sublinear_lr_liblinear_c1,no_vector_normalization,no_vector_normalization
8697,0,1,0,fixed_fp,tfidf_12_sublinear_lr_liblinear_c1,no_vector_normalization,no_vector_normalization
8700,0,0,0,unchanged_correct,tfidf_12_sublinear_lr_liblinear_c1,no_vector_normalization,no_vector_normalization
8706,0,0,0,unchanged_correct,tfidf_12_sublinear_lr_liblinear_c1,no_vector_normalization,no_vector_normalization
8708,0,0,0,unchanged_correct,tfidf_12_sublinear_lr_liblinear_c1,no_vector_normalization,no_vector_normalization
8710,1,1,0,new_fn,tfidf_12_sublinear_lr_liblinear_c1,no_vector_normalization,no_vector_normalization
8711,0,0,0,unchanged_correct,tfidf_12_sublinear_lr_liblinear_c1,no_vector_normalization,no_vector_normalization
8721,1,0,0,unchanged_error,tfidf_12_sublinear_lr_liblinear_c1,no_vector_normalization,no_vector_normalization
8723,0,0,0,unchanged_correct,tfidf_12_sublinear_lr_liblinear_c1,no_vector_normalization,no_vector_normalization
8738,1,0,0,unchanged_error,tfidf_12_sublinear_lr_liblinear_c1,no_vector_normalization,no_vector_normalization
8742,0,0,0,unchanged_correct,tfidf_12_sublinear_lr_liblinear_c1,no_vector_normalization,no_vector_normalization
8750,0,0,0,unchanged_correct,tfidf_12_sublinear_lr_liblinear_c1,no_vector_normalization,no_vector_normalization
8752,0,0,0,unchanged_correct,tfidf_12_sublinear_lr_liblinear_c1,no_vector_normalization,no_vector_normalization
8777,0,0,0,unchanged_correct,tfidf_12_sublinear_lr_liblinear_c1,no_vector_normalization,no_vector_normalization
8778,0,0,0,unchanged_correct,tfidf_12_sublinear_lr_liblinear_c1,no_vector_normalization,no_vector_normalization
8780,1,0,0,unchanged_error,tfidf_12_sublinear_lr_liblinear_c1,no_vector_normalization,no_vector_normalization
8782,0,0,0,unchanged_correct,tfidf_12_sublinear_lr_liblinear_c1,no_vector_normalization,no_vector_normalization
8797,0,0,0,unchanged_correct,tfidf_12_sublinear_lr_liblinear_c1,no_vector_normalization,no_vector_normalization
8799,0,1,0,fixed_fp,tfidf_12_sublinear_lr_liblinear_c1,no_vector_normalization,no_vector_normalization
8816,1,0,0,unchanged_error,tfidf_12_sublinear_lr_liblinear_c1,no_vector_normalization,no_vector_normalization
8823,0,0,0,unchanged_correct,tfidf_12_sublinear_lr_liblinear_c1,no_vector_normalization,no_vector_normalization
8831,0,0,0,unchanged_correct,tfidf_12_sublinear_lr_liblinear_c1,no_vector_normalization,no_vector_normalization
8836,0,0,0,unchanged_correct,tfidf_12_sublinear_lr_liblinear_c1,no_vector_normalization,no_vector_normalization
8838,0,0,0,unchanged_correct,tfidf_12_sublinear_lr_liblinear_c1,no_vector_normalization,no_vector_normalization
8842,0,0,0,unchanged_correct,tfidf_12_sublinear_lr_liblinear_c1,no_vector_normalization,no_vector_normalization
8852,0,0,0,unchanged_correct,tfidf_12_sublinear_lr_liblinear_c1,no_vector_normalization,no_vector_normalization
8854,0,0,0,unchanged_correct,tfidf_12_sublinear_lr_liblinear_c1,no_vector_normalization,no_vector_normalization
8855,0,0,0,unchanged_correct,tfidf_12_sublinear_lr_liblinear_c1,no_vector_normalization,no_vector_normalization
8856,0,0,0,unchanged_correct,tfidf_12_sublinear_lr_liblinear_c1,no_vector_normalization,no_vector_normalization
8902,1,1,0,new_fn,tfidf_12_sublinear_lr_liblinear_c1,no_vector_normalization,no_vector_normalization
8920,0,0,0,unchanged_correct,tfidf_12_sublinear_lr_liblinear_c1,no_vector_normalization,no_vector_normalization
8927,0,0,0,unchanged_correct,tfidf_12_sublinear_lr_liblinear_c1,no_vector_normalization,no_vector_normalization
8935,1,0,0,unchanged_error,tfidf_12_sublinear_lr_liblinear_c1,no_vector_normalization,no_vector_normalization
8938,0,0,0,unchanged_correct,tfidf_12_sublinear_lr_liblinear_c1,no_vector_normalization,no_vector_normalization
8946,1,0,0,unchanged_error,tfidf_12_sublinear_lr_liblinear_c1,no_vector_normalization,no_vector_normalization
8949,1,1,1,unchanged_correct,tfidf_12_sublinear_lr_liblinear_c1,no_vector_normalization,no_vector_normalization
8957,1,0,1,fixed_fn,tfidf_12_sublinear_lr_liblinear_c1,no_vector_normalization,no_vector_normalization
8965,0,0,0,unchanged_correct,tfidf_12_sublinear_lr_liblinear_c1,no_vector_normalization,no_vector_normalization
8970,0,1,1,unchanged_error,tfidf_12_sublinear_lr_liblinear_c1,no_vector_normalization,no_vector_normalization
8971,1,1,1,unchanged_correct,tfidf_12_sublinear_lr_liblinear_c1,no_vector_normalization,no_vector_normalization
8979,1,1,1,unchanged_correct,tfidf_12_sublinear_lr_liblinear_c1,no_vector_normalization,no_vector_normalization
8986,1,1,1,unchanged_correct,tfidf_12_sublinear_lr_liblinear_c1,no_vector_normalization,no_vector_normalization
8994,0,0,0,unchanged_correct,tfidf_12_sublinear_lr_liblinear_c1,no_vector_normalization,no_vector_normalization
9005,0,0,0,unchanged_correct,tfidf_12_sublinear_lr_liblinear_c1,no_vector_normalization,no_vector_normalization
9022,0,0,0,unchanged_correct,tfidf_12_sublinear_lr_liblinear_c1,no_vector_normalization,no_vector_normalization
9026,0,0,0,unchanged_correct,tfidf_12_sublinear_lr_liblinear_c1,no_vector_normalization,no_vector_normalization
9027,0,0,0,unchanged_correct,tfidf_12_sublinear_lr_liblinear_c1,no_vector_normalization,no_vector_normalization
9029,1,0,0,unchanged_error,tfidf_12_sublinear_lr_liblinear_c1,no_vector_normalization,no_vector_normalization
9039,0,0,0,unchanged_correct,tfidf_12_sublinear_lr_liblinear_c1,no_vector_normalization,no_vector_normalization
9042,1,1,1,unchanged_correct,tfidf_12_sublinear_lr_liblinear_c1,no_vector_normalization,no_vector_normalization
9051,1,1,1,unchanged_correct,tfidf_12_sublinear_lr_liblinear_c1,no_vector_normalization,no_vector_normalization
9055,0,0,1,new_fp,tfidf_12_sublinear_lr_liblinear_c1,no_vector_normalization,no_vector_normalization
9057,1,1,1,unchanged_correct,tfidf_12_sublinear_lr_liblinear_c1,no_vector_normalization,no_vector_normalization
9077,0,0,1,new_fp,tfidf_12_sublinear_lr_liblinear_c1,no_vector_normalization,no_vector_normalization
9089,1,1,1,unchanged_correct,tfidf_12_sublinear_lr_liblinear_c1,no_vector_normalization,no_vector_normalization
9095,1,1,1,unchanged_correct,tfidf_12_sublinear_lr_liblinear_c1,no_vector_normalization,no_vector_normalization
9106,0,1,0,fixed_fp,tfidf_12_sublinear_lr_liblinear_c1,no_vector_normalization,no_vector_normalization
9112,1,1,1,unchanged_correct,tfidf_12_sublinear_lr_liblinear_c1,no_vector_normalization,no_vector_normalization
9113,1,1,1,unchanged_correct,tfidf_12_sublinear_lr_liblinear_c1,no_vector_normalization,no_vector_normalization
9116,1,1,1,unchanged_correct,tfidf_12_sublinear_lr_liblinear_c1,no_vector_normalization,no_vector_normalization
9128,1,1,1,unchanged_correct,tfidf_12_sublinear_lr_liblinear_c1,no_vector_normalization,no_vector_normalization
9142,1,1,1,unchanged_correct,tfidf_12_sublinear_lr_liblinear_c1,no_vector_normalization,no_vector_normalization
9143,1,1,1,unchanged_correct,tfidf_12_sublinear_lr_liblinear_c1,no_vector_normalization,no_vector_normalization
9151,1,1,1,unchanged_correct,tfidf_12_sublinear_lr_liblinear_c1,no_vector_normalization,no_vector_normalization
9154,1,1,1,unchanged_correct,tfidf_12_sublinear_lr_liblinear_c1,no_vector_normalization,no_vector_normalization
9159,1,1,1,unchanged_correct,tfidf_12_sublinear_lr_liblinear_c1,no_vector_normalization,no_vector_normalization
9173,1,1,1,unchanged_correct,tfidf_12_sublinear_lr_liblinear_c1,no_vector_normalization,no_vector_normalization
9174,1,1,1,unchanged_correct,tfidf_12_sublinear_lr_liblinear_c1,no_vector_normalization,no_vector_normalization
9179,1,1,1,unchanged_correct,tfidf_12_sublinear_lr_liblinear_c1,no_vector_normalization,no_vector_normalization
9181,1,1,1,unchanged_correct,tfidf_12_sublinear_lr_liblinear_c1,no_vector_normalization,no_vector_normalization
9206,1,0,1,fixed_fn,tfidf_12_sublinear_lr_liblinear_c1,no_vector_normalization,no_vector_normalization
9208,1,0,0,unchanged_error,tfidf_12_sublinear_lr_liblinear_c1,no_vector_normalization,no_vector_normalization
9212,1,1,1,unchanged_correct,tfidf_12_sublinear_lr_liblinear_c1,no_vector_normalization,no_vector_normalization
9216,1,1,1,unchanged_correct,tfidf_12_sublinear_lr_liblinear_c1,no_vector_normalization,no_vector_normalization
9231,1,0,0,unchanged_error,tfidf_12_sublinear_lr_liblinear_c1,no_vector_normalization,no_vector_normalization
9248,1,1,0,new_fn,tfidf_12_sublinear_lr_liblinear_c1,no_vector_normalization,no_vector_normalization
9249,1,0,0,unchanged_error,tfidf_12_sublinear_lr_liblinear_c1,no_vector_normalization,no_vector_normalization
9251,0,0,0,unchanged_correct,tfidf_12_sublinear_lr_liblinear_c1,no_vector_normalization,no_vector_normalization
9252,0,0,0,unchanged_correct,tfidf_12_sublinear_lr_liblinear_c1,no_vector_normalization,no_vector_normalization
9254,0,0,0,unchanged_correct,tfidf_12_sublinear_lr_liblinear_c1,no_vector_normalization,no_vector_normalization
9257,0,0,0,unchanged_correct,tfidf_12_sublinear_lr_liblinear_c1,no_vector_normalization,no_vector_normalization
9269,0,0,0,unchanged_correct,tfidf_12_sublinear_lr_liblinear_c1,no_vector_normalization,no_vector_normalization
9270,0,0,0,unchanged_correct,tfidf_12_sublinear_lr_liblinear_c1,no_vector_normalization,no_vector_normalization
9272,0,0,0,unchanged_correct,tfidf_12_sublinear_lr_liblinear_c1,no_vector_normalization,no_vector_normalization
9273,0,0,0,unchanged_correct,tfidf_12_sublinear_lr_liblinear_c1,no_vector_normalization,no_vector_normalization
9275,0,0,0,unchanged_correct,tfidf_12_sublinear_lr_liblinear_c1,no_vector_normalization,no_vector_normalization
9278,0,0,0,unchanged_correct,tfidf_12_sublinear_lr_liblinear_c1,no_vector_normalization,no_vector_normalization
9292,0,0,0,unchanged_correct,tfidf_12_sublinear_lr_liblinear_c1,no_vector_normalization,no_vector_normalization
9294,0,0,0,unchanged_correct,tfidf_12_sublinear_lr_liblinear_c1,no_vector_normalization,no_vector_normalization
9296,0,0,0,unchanged_correct,tfidf_12_sublinear_lr_liblinear_c1,no_vector_normalization,no_vector_normalization
9301,1,0,0,unchanged_error,tfidf_12_sublinear_lr_liblinear_c1,no_vector_normalization,no_vector_normalization
9311,0,0,0,unchanged_correct,tfidf_12_sublinear_lr_liblinear_c1,no_vector_normalization,no_vector_normalization
9317,1,0,0,unchanged_error,tfidf_12_sublinear_lr_liblinear_c1,no_vector_normalization,no_vector_normalization
9337,1,0,0,unchanged_error,tfidf_12_sublinear_lr_liblinear_c1,no_vector_normalization,no_vector_normalization
9345,0,0,0,unchanged_correct,tfidf_12_sublinear_lr_liblinear_c1,no_vector_normalization,no_vector_normalization
9348,1,1,0,new_fn,tfidf_12_sublinear_lr_liblinear_c1,no_vector_normalization,no_vector_normalization
9355,1,0,0,unchanged_error,tfidf_12_sublinear_lr_liblinear_c1,no_vector_normalization,no_vector_normalization
9367,0,0,0,unchanged_correct,tfidf_12_sublinear_lr_liblinear_c1,no_vector_normalization,no_vector_normalization
9372,0,0,0,unchanged_correct,tfidf_12_sublinear_lr_liblinear_c1,no_vector_normalization,no_vector_normalization
9380,0,0,0,unchanged_correct,tfidf_12_sublinear_lr_liblinear_c1,no_vector_normalization,no_vector_normalization
9384,0,0,0,unchanged_correct,tfidf_12_sublinear_lr_liblinear_c1,no_vector_normalization,no_vector_normalization
9395,0,0,0,unchanged_correct,tfidf_12_sublinear_lr_liblinear_c1,no_vector_normalization,no_vector_normalization
9404,1,1,1,unchanged_correct,tfidf_12_sublinear_lr_liblinear_c1,no_vector_normalization,no_vector_normalization
9430,1,0,0,unchanged_error,tfidf_12_sublinear_lr_liblinear_c1,no_vector_normalization,no_vector_normalization
9435,1,0,0,unchanged_error,tfidf_12_sublinear_lr_liblinear_c1,no_vector_normalization,no_vector_normalization
9438,1,1,1,unchanged_correct,tfidf_12_sublinear_lr_liblinear_c1,no_vector_normalization,no_vector_normalization
9446,1,1,1,unchanged_correct,tfidf_12_sublinear_lr_liblinear_c1,no_vector_normalization,no_vector_normalization
9451,1,1,1,unchanged_correct,tfidf_12_sublinear_lr_liblinear_c1,no_vector_normalization,no_vector_normalization
9486,0,1,1,unchanged_error,tfidf_12_sublinear_lr_liblinear_c1,no_vector_normalization,no_vector_normalization
9508,0,0,0,unchanged_correct,tfidf_12_sublinear_lr_liblinear_c1,no_vector_normalization,no_vector_normalization
9511,1,1,1,unchanged_correct,tfidf_12_sublinear_lr_liblinear_c1,no_vector_normalization,no_vector_normalization
9519,0,0,0,unchanged_correct,tfidf_12_sublinear_lr_liblinear_c1,no_vector_normalization,no_vector_normalization
9524,0,1,0,fixed_fp,tfidf_12_sublinear_lr_liblinear_c1,no_vector_normalization,no_vector_normalization
9540,1,1,1,unchanged_correct,tfidf_12_sublinear_lr_liblinear_c1,no_vector_normalization,no_vector_normalization
9541,0,0,0,unchanged_correct,tfidf_12_sublinear_lr_liblinear_c1,no_vector_normalization,no_vector_normalization
9542,0,0,0,unchanged_correct,tfidf_12_sublinear_lr_liblinear_c1,no_vector_normalization,no_vector_normalization
9552,0,1,1,unchanged_error,tfidf_12_sublinear_lr_liblinear_c1,no_vector_normalization,no_vector_normalization
9555,0,1,1,unchanged_error,tfidf_12_sublinear_lr_liblinear_c1,no_vector_normalization,no_vector_normalization
9562,0,0,0,unchanged_correct,tfidf_12_sublinear_lr_liblinear_c1,no_vector_normalization,no_vector_normalization
9564,0,0,0,unchanged_correct,tfidf_12_sublinear_lr_liblinear_c1,no_vector_normalization,no_vector_normalization
9565,0,1,0,fixed_fp,tfidf_12_sublinear_lr_liblinear_c1,no_vector_normalization,no_vector_normalization
9566,0,0,0,unchanged_correct,tfidf_12_sublinear_lr_liblinear_c1,no_vector_normalization,no_vector_normalization
9569,0,0,0,unchanged_correct,tfidf_12_sublinear_lr_liblinear_c1,no_vector_normalization,no_vector_normalization
9575,0,0,0,unchanged_correct,tfidf_12_sublinear_lr_liblinear_c1,no_vector_normalization,no_vector_normalization
9603,0,0,0,unchanged_correct,tfidf_12_sublinear_lr_liblinear_c1,no_vector_normalization,no_vector_normalization
9613,1,1,1,unchanged_correct,tfidf_12_sublinear_lr_liblinear_c1,no_vector_normalization,no_vector_normalization
9620,1,1,1,unchanged_correct,tfidf_12_sublinear_lr_liblinear_c1,no_vector_normalization,no_vector_normalization
9629,1,1,1,unchanged_correct,tfidf_12_sublinear_lr_liblinear_c1,no_vector_normalization,no_vector_normalization
9634,1,1,1,unchanged_correct,tfidf_12_sublinear_lr_liblinear_c1,no_vector_normalization,no_vector_normalization
9638,1,1,1,unchanged_correct,tfidf_12_sublinear_lr_liblinear_c1,no_vector_normalization,no_vector_normalization
9646,1,1,1,unchanged_correct,tfidf_12_sublinear_lr_liblinear_c1,no_vector_normalization,no_vector_normalization
9650,1,1,1,unchanged_correct,tfidf_12_sublinear_lr_liblinear_c1,no_vector_normalization,no_vector_normalization
9652,1,1,0,new_fn,tfidf_12_sublinear_lr_liblinear_c1,no_vector_normalization,no_vector_normalization
9654,0,0,0,unchanged_correct,tfidf_12_sublinear_lr_liblinear_c1,no_vector_normalization,no_vector_normalization
9664,0,0,0,unchanged_correct,tfidf_12_sublinear_lr_liblinear_c1,no_vector_normalization,no_vector_normalization
9702,1,1,1,unchanged_correct,tfidf_12_sublinear_lr_liblinear_c1,no_vector_normalization,no_vector_normalization
9706,0,0,0,unchanged_correct,tfidf_12_sublinear_lr_liblinear_c1,no_vector_normalization,no_vector_normalization
9712,0,0,0,unchanged_correct,tfidf_12_sublinear_lr_liblinear_c1,no_vector_normalization,no_vector_normalization
9730,1,1,1,unchanged_correct,tfidf_12_sublinear_lr_liblinear_c1,no_vector_normalization,no_vector_normalization
9733,0,0,0,unchanged_correct,tfidf_12_sublinear_lr_liblinear_c1,no_vector_normalization,no_vector_normalization
9741,0,0,0,unchanged_correct,tfidf_12_sublinear_lr_liblinear_c1,no_vector_normalization,no_vector_normalization
9746,1,1,1,unchanged_correct,tfidf_12_sublinear_lr_liblinear_c1,no_vector_normalization,no_vector_normalization
9753,1,1,1,unchanged_correct,tfidf_12_sublinear_lr_liblinear_c1,no_vector_normalization,no_vector_normalization
9754,1,1,1,unchanged_correct,tfidf_12_sublinear_lr_liblinear_c1,no_vector_normalization,no_vector_normalization
9760,0,0,0,unchanged_correct,tfidf_12_sublinear_lr_liblinear_c1,no_vector_normalization,no_vector_normalization
9764,1,0,0,unchanged_error,tfidf_12_sublinear_lr_liblinear_c1,no_vector_normalization,no_vector_normalization
9766,0,0,0,unchanged_correct,tfidf_12_sublinear_lr_liblinear_c1,no_vector_normalization,no_vector_normalization
9782,0,0,0,unchanged_correct,tfidf_12_sublinear_lr_liblinear_c1,no_vector_normalization,no_vector_normalization
9785,0,1,1,unchanged_error,tfidf_12_sublinear_lr_liblinear_c1,no_vector_normalization,no_vector_normalization
9787,0,0,0,unchanged_correct,tfidf_12_sublinear_lr_liblinear_c1,no_vector_normalization,no_vector_normalization
9790,0,0,0,unchanged_correct,tfidf_12_sublinear_lr_liblinear_c1,no_vector_normalization,no_vector_normalization
9819,0,0,0,unchanged_correct,tfidf_12_sublinear_lr_liblinear_c1,no_vector_normalization,no_vector_normalization
9820,1,0,0,unchanged_error,tfidf_12_sublinear_lr_liblinear_c1,no_vector_normalization,no_vector_normalization
9826,1,0,1,fixed_fn,tfidf_12_sublinear_lr_liblinear_c1,no_vector_normalization,no_vector_normalization
9833,0,1,1,unchanged_error,tfidf_12_sublinear_lr_liblinear_c1,no_vector_normalization,no_vector_normalization
9850,0,1,1,unchanged_error,tfidf_12_sublinear_lr_liblinear_c1,no_vector_normalization,no_vector_normalization
9861,0,0,0,unchanged_correct,tfidf_12_sublinear_lr_liblinear_c1,no_vector_normalization,no_vector_normalization
9864,0,0,0,unchanged_correct,tfidf_12_sublinear_lr_liblinear_c1,no_vector_normalization,no_vector_normalization
9865,0,0,0,unchanged_correct,tfidf_12_sublinear_lr_liblinear_c1,no_vector_normalization,no_vector_normalization
9873,0,1,0,fixed_fp,tfidf_12_sublinear_lr_liblinear_c1,no_vector_normalization,no_vector_normalization
9874,0,0,0,unchanged_correct,tfidf_12_sublinear_lr_liblinear_c1,no_vector_normalization,no_vector_normalization
9877,0,0,0,unchanged_correct,tfidf_12_sublinear_lr_liblinear_c1,no_vector_normalization,no_vector_normalization
9881,0,0,0,unchanged_correct,tfidf_12_sublinear_lr_liblinear_c1,no_vector_normalization,no_vector_normalization
9889,0,0,0,unchanged_correct,tfidf_12_sublinear_lr_liblinear_c1,no_vector_normalization,no_vector_normalization
9896,0,0,0,unchanged_correct,tfidf_12_sublinear_lr_liblinear_c1,no_vector_normalization,no_vector_normalization
9907,0,0,0,unchanged_correct,tfidf_12_sublinear_lr_liblinear_c1,no_vector_normalization,no_vector_normalization
9919,0,0,0,unchanged_correct,tfidf_12_sublinear_lr_liblinear_c1,no_vector_normalization,no_vector_normalization
9930,0,0,0,unchanged_correct,tfidf_12_sublinear_lr_liblinear_c1,no_vector_normalization,no_vector_normalization
9932,0,1,0,fixed_fp,tfidf_12_sublinear_lr_liblinear_c1,no_vector_normalization,no_vector_normalization
9935,0,1,1,unchanged_error,tfidf_12_sublinear_lr_liblinear_c1,no_vector_normalization,no_vector_normalization
9952,0,0,0,unchanged_correct,tfidf_12_sublinear_lr_liblinear_c1,no_vector_normalization,no_vector_normalization
9973,0,0,0,unchanged_correct,tfidf_12_sublinear_lr_liblinear_c1,no_vector_normalization,no_vector_normalization
9976,1,1,1,unchanged_correct,tfidf_12_sublinear_lr_liblinear_c1,no_vector_normalization,no_vector_normalization
9978,1,1,1,unchanged_correct,tfidf_12_sublinear_lr_liblinear_c1,no_vector_normalization,no_vector_normalization
9991,1,0,0,unchanged_error,tfidf_12_sublinear_lr_liblinear_c1,no_vector_normalization,no_vector_normalization
9994,0,0,0,unchanged_correct,tfidf_12_sublinear_lr_liblinear_c1,no_vector_normalization,no_vector_normalization
10010,0,0,0,unchanged_correct,tfidf_12_sublinear_lr_liblinear_c1,no_vector_normalization,no_vector_normalization
10011,0,0,0,unchanged_correct,tfidf_12_sublinear_lr_liblinear_c1,no_vector_normalization,no_vector_normalization
10018,0,0,0,unchanged_correct,tfidf_12_sublinear_lr_liblinear_c1,no_vector_normalization,no_vector_normalization
10028,0,0,0,unchanged_correct,tfidf_12_sublinear_lr_liblinear_c1,no_vector_normalization,no_vector_normalization
10029,0,0,0,unchanged_correct,tfidf_12_sublinear_lr_liblinear_c1,no_vector_normalization,no_vector_normalization
10030,0,0,0,unchanged_correct,tfidf_12_sublinear_lr_liblinear_c1,no_vector_normalization,no_vector_normalization
10031,0,1,0,fixed_fp,tfidf_12_sublinear_lr_liblinear_c1,no_vector_normalization,no_vector_normalization
10034,1,0,0,unchanged_error,tfidf_12_sublinear_lr_liblinear_c1,no_vector_normalization,no_vector_normalization
10040,1,1,0,new_fn,tfidf_12_sublinear_lr_liblinear_c1,no_vector_normalization,no_vector_normalization
10042,0,0,0,unchanged_correct,tfidf_12_sublinear_lr_liblinear_c1,no_vector_normalization,no_vector_normalization
10048,0,0,0,unchanged_correct,tfidf_12_sublinear_lr_liblinear_c1,no_vector_normalization,no_vector_normalization
10057,0,0,0,unchanged_correct,tfidf_12_sublinear_lr_liblinear_c1,no_vector_normalization,no_vector_normalization
10058,1,1,1,unchanged_correct,tfidf_12_sublinear_lr_liblinear_c1,no_vector_normalization,no_vector_normalization
10089,1,1,1,unchanged_correct,tfidf_12_sublinear_lr_liblinear_c1,no_vector_normalization,no_vector_normalization
10093,1,1,1,unchanged_correct,tfidf_12_sublinear_lr_liblinear_c1,no_vector_normalization,no_vector_normalization
10098,1,1,1,unchanged_correct,tfidf_12_sublinear_lr_liblinear_c1,no_vector_normalization,no_vector_normalization
10100,1,1,1,unchanged_correct,tfidf_12_sublinear_lr_liblinear_c1,no_vector_normalization,no_vector_normalization
10105,1,1,1,unchanged_correct,tfidf_12_sublinear_lr_liblinear_c1,no_vector_normalization,no_vector_normalization
10110,0,1,1,unchanged_error,tfidf_12_sublinear_lr_liblinear_c1,no_vector_normalization,no_vector_normalization
10113,0,1,1,unchanged_error,tfidf_12_sublinear_lr_liblinear_c1,no_vector_normalization,no_vector_normalization
10116,0,0,0,unchanged_correct,tfidf_12_sublinear_lr_liblinear_c1,no_vector_normalization,no_vector_normalization
10121,0,0,0,unchanged_correct,tfidf_12_sublinear_lr_liblinear_c1,no_vector_normalization,no_vector_normalization
10124,0,1,1,unchanged_error,tfidf_12_sublinear_lr_liblinear_c1,no_vector_normalization,no_vector_normalization
10129,0,0,0,unchanged_correct,tfidf_12_sublinear_lr_liblinear_c1,no_vector_normalization,no_vector_normalization
10136,0,0,0,unchanged_correct,tfidf_12_sublinear_lr_liblinear_c1,no_vector_normalization,no_vector_normalization
10138,0,0,0,unchanged_correct,tfidf_12_sublinear_lr_liblinear_c1,no_vector_normalization,no_vector_normalization
10139,0,0,0,unchanged_correct,tfidf_12_sublinear_lr_liblinear_c1,no_vector_normalization,no_vector_normalization
10146,0,0,0,unchanged_correct,tfidf_12_sublinear_lr_liblinear_c1,no_vector_normalization,no_vector_normalization
10150,0,0,0,unchanged_correct,tfidf_12_sublinear_lr_liblinear_c1,no_vector_normalization,no_vector_normalization
10173,0,1,1,unchanged_error,tfidf_12_sublinear_lr_liblinear_c1,no_vector_normalization,no_vector_normalization
10175,1,1,1,unchanged_correct,tfidf_12_sublinear_lr_liblinear_c1,no_vector_normalization,no_vector_normalization
10184,1,1,1,unchanged_correct,tfidf_12_sublinear_lr_liblinear_c1,no_vector_normalization,no_vector_normalization
10193,0,1,1,unchanged_error,tfidf_12_sublinear_lr_liblinear_c1,no_vector_normalization,no_vector_normalization
10194,1,1,1,unchanged_correct,tfidf_12_sublinear_lr_liblinear_c1,no_vector_normalization,no_vector_normalization
10204,1,1,1,unchanged_correct,tfidf_12_sublinear_lr_liblinear_c1,no_vector_normalization,no_vector_normalization
10210,1,1,1,unchanged_correct,tfidf_12_sublinear_lr_liblinear_c1,no_vector_normalization,no_vector_normalization
10214,1,1,1,unchanged_correct,tfidf_12_sublinear_lr_liblinear_c1,no_vector_normalization,no_vector_normalization
10220,1,1,1,unchanged_correct,tfidf_12_sublinear_lr_liblinear_c1,no_vector_normalization,no_vector_normalization
10222,1,1,1,unchanged_correct,tfidf_12_sublinear_lr_liblinear_c1,no_vector_normalization,no_vector_normalization
10236,1,0,0,unchanged_error,tfidf_12_sublinear_lr_liblinear_c1,no_vector_normalization,no_vector_normalization
10241,0,0,0,unchanged_correct,tfidf_12_sublinear_lr_liblinear_c1,no_vector_normalization,no_vector_normalization
10243,0,0,1,new_fp,tfidf_12_sublinear_lr_liblinear_c1,no_vector_normalization,no_vector_normalization
10246,1,0,0,unchanged_error,tfidf_12_sublinear_lr_liblinear_c1,no_vector_normalization,no_vector_normalization
10260,0,0,0,unchanged_correct,tfidf_12_sublinear_lr_liblinear_c1,no_vector_normalization,no_vector_normalization
10268,1,0,0,unchanged_error,tfidf_12_sublinear_lr_liblinear_c1,no_vector_normalization,no_vector_normalization
10283,1,0,0,unchanged_error,tfidf_12_sublinear_lr_liblinear_c1,no_vector_normalization,no_vector_normalization
10284,1,0,0,unchanged_error,tfidf_12_sublinear_lr_liblinear_c1,no_vector_normalization,no_vector_normalization
10286,1,1,1,unchanged_correct,tfidf_12_sublinear_lr_liblinear_c1,no_vector_normalization,no_vector_normalization
10294,0,0,0,unchanged_correct,tfidf_12_sublinear_lr_liblinear_c1,no_vector_normalization,no_vector_normalization
10304,1,1,0,new_fn,tfidf_12_sublinear_lr_liblinear_c1,no_vector_normalization,no_vector_normalization
10310,1,0,1,fixed_fn,tfidf_12_sublinear_lr_liblinear_c1,no_vector_normalization,no_vector_normalization
10323,0,0,0,unchanged_correct,tfidf_12_sublinear_lr_liblinear_c1,no_vector_normalization,no_vector_normalization
10325,0,0,0,unchanged_correct,tfidf_12_sublinear_lr_liblinear_c1,no_vector_normalization,no_vector_normalization
10334,1,1,1,unchanged_correct,tfidf_12_sublinear_lr_liblinear_c1,no_vector_normalization,no_vector_normalization
10337,1,0,0,unchanged_error,tfidf_12_sublinear_lr_liblinear_c1,no_vector_normalization,no_vector_normalization
10340,1,1,1,unchanged_correct,tfidf_12_sublinear_lr_liblinear_c1,no_vector_normalization,no_vector_normalization
10341,1,1,1,unchanged_correct,tfidf_12_sublinear_lr_liblinear_c1,no_vector_normalization,no_vector_normalization
10342,0,1,0,fixed_fp,tfidf_12_sublinear_lr_liblinear_c1,no_vector_normalization,no_vector_normalization
10345,0,0,0,unchanged_correct,tfidf_12_sublinear_lr_liblinear_c1,no_vector_normalization,no_vector_normalization
10349,1,1,1,unchanged_correct,tfidf_12_sublinear_lr_liblinear_c1,no_vector_normalization,no_vector_normalization
10351,0,1,0,fixed_fp,tfidf_12_sublinear_lr_liblinear_c1,no_vector_normalization,no_vector_normalization
10352,0,0,0,unchanged_correct,tfidf_12_sublinear_lr_liblinear_c1,no_vector_normalization,no_vector_normalization
10355,1,0,1,fixed_fn,tfidf_12_sublinear_lr_liblinear_c1,no_vector_normalization,no_vector_normalization
10360,0,1,1,unchanged_error,tfidf_12_sublinear_lr_liblinear_c1,no_vector_normalization,no_vector_normalization
10371,1,1,1,unchanged_correct,tfidf_12_sublinear_lr_liblinear_c1,no_vector_normalization,no_vector_normalization
10381,0,0,0,unchanged_correct,tfidf_12_sublinear_lr_liblinear_c1,no_vector_normalization,no_vector_normalization
10395,0,0,0,unchanged_correct,tfidf_12_sublinear_lr_liblinear_c1,no_vector_normalization,no_vector_normalization
10396,1,0,0,unchanged_error,tfidf_12_sublinear_lr_liblinear_c1,no_vector_normalization,no_vector_normalization
10399,0,0,0,unchanged_correct,tfidf_12_sublinear_lr_liblinear_c1,no_vector_normalization,no_vector_normalization
10402,0,1,1,unchanged_error,tfidf_12_sublinear_lr_liblinear_c1,no_vector_normalization,no_vector_normalization
10407,0,0,0,unchanged_correct,tfidf_12_sublinear_lr_liblinear_c1,no_vector_normalization,no_vector_normalization
10410,1,1,0,new_fn,tfidf_12_sublinear_lr_liblinear_c1,no_vector_normalization,no_vector_normalization
10414,1,0,0,unchanged_error,tfidf_12_sublinear_lr_liblinear_c1,no_vector_normalization,no_vector_normalization
10441,1,0,1,fixed_fn,tfidf_12_sublinear_lr_liblinear_c1,no_vector_normalization,no_vector_normalization
10446,1,1,1,unchanged_correct,tfidf_12_sublinear_lr_liblinear_c1,no_vector_normalization,no_vector_normalization
10458,1,0,0,unchanged_error,tfidf_12_sublinear_lr_liblinear_c1,no_vector_normalization,no_vector_normalization
10464,0,0,0,unchanged_correct,tfidf_12_sublinear_lr_liblinear_c1,no_vector_normalization,no_vector_normalization
10466,1,1,1,unchanged_correct,tfidf_12_sublinear_lr_liblinear_c1,no_vector_normalization,no_vector_normalization
10487,1,1,1,unchanged_correct,tfidf_12_sublinear_lr_liblinear_c1,no_vector_normalization,no_vector_normalization
10489,1,1,1,unchanged_correct,tfidf_12_sublinear_lr_liblinear_c1,no_vector_normalization,no_vector_normalization
10506,1,1,1,unchanged_correct,tfidf_12_sublinear_lr_liblinear_c1,no_vector_normalization,no_vector_normalization
10508,1,1,1,unchanged_correct,tfidf_12_sublinear_lr_liblinear_c1,no_vector_normalization,no_vector_normalization
10519,1,1,1,unchanged_correct,tfidf_12_sublinear_lr_liblinear_c1,no_vector_normalization,no_vector_normalization
10529,1,1,1,unchanged_correct,tfidf_12_sublinear_lr_liblinear_c1,no_vector_normalization,no_vector_normalization
10535,0,0,0,unchanged_correct,tfidf_12_sublinear_lr_liblinear_c1,no_vector_normalization,no_vector_normalization
10550,1,1,1,unchanged_correct,tfidf_12_sublinear_lr_liblinear_c1,no_vector_normalization,no_vector_normalization
10558,0,0,1,new_fp,tfidf_12_sublinear_lr_liblinear_c1,no_vector_normalization,no_vector_normalization
10560,0,0,0,unchanged_correct,tfidf_12_sublinear_lr_liblinear_c1,no_vector_normalization,no_vector_normalization
10564,0,0,0,unchanged_correct,tfidf_12_sublinear_lr_liblinear_c1,no_vector_normalization,no_vector_normalization
10565,0,0,0,unchanged_correct,tfidf_12_sublinear_lr_liblinear_c1,no_vector_normalization,no_vector_normalization
10570,0,0,0,unchanged_correct,tfidf_12_sublinear_lr_liblinear_c1,no_vector_normalization,no_vector_normalization
10576,0,1,1,unchanged_error,tfidf_12_sublinear_lr_liblinear_c1,no_vector_normalization,no_vector_normalization
10584,0,0,0,unchanged_correct,tfidf_12_sublinear_lr_liblinear_c1,no_vector_normalization,no_vector_normalization
10587,1,1,1,unchanged_correct,tfidf_12_sublinear_lr_liblinear_c1,no_vector_normalization,no_vector_normalization
10600,1,1,1,unchanged_correct,tfidf_12_sublinear_lr_liblinear_c1,no_vector_normalization,no_vector_normalization
10605,0,0,0,unchanged_correct,tfidf_12_sublinear_lr_liblinear_c1,no_vector_normalization,no_vector_normalization
10606,1,1,1,unchanged_correct,tfidf_12_sublinear_lr_liblinear_c1,no_vector_normalization,no_vector_normalization
10609,0,0,0,unchanged_correct,tfidf_12_sublinear_lr_liblinear_c1,no_vector_normalization,no_vector_normalization
10615,1,1,1,unchanged_correct,tfidf_12_sublinear_lr_liblinear_c1,no_vector_normalization,no_vector_normalization
10620,1,1,1,unchanged_correct,tfidf_12_sublinear_lr_liblinear_c1,no_vector_normalization,no_vector_normalization
10622,1,1,1,unchanged_correct,tfidf_12_sublinear_lr_liblinear_c1,no_vector_normalization,no_vector_normalization
10625,1,1,1,unchanged_correct,tfidf_12_sublinear_lr_liblinear_c1,no_vector_normalization,no_vector_normalization
10631,1,1,1,unchanged_correct,tfidf_12_sublinear_lr_liblinear_c1,no_vector_normalization,no_vector_normalization
10650,0,0,0,unchanged_correct,tfidf_12_sublinear_lr_liblinear_c1,no_vector_normalization,no_vector_normalization
10678,0,0,0,unchanged_correct,tfidf_12_sublinear_lr_liblinear_c1,no_vector_normalization,no_vector_normalization
10680,1,0,0,unchanged_error,tfidf_12_sublinear_lr_liblinear_c1,no_vector_normalization,no_vector_normalization
10684,0,0,0,unchanged_correct,tfidf_12_sublinear_lr_liblinear_c1,no_vector_normalization,no_vector_normalization
10688,0,0,0,unchanged_correct,tfidf_12_sublinear_lr_liblinear_c1,no_vector_normalization,no_vector_normalization
10707,0,0,0,unchanged_correct,tfidf_12_sublinear_lr_liblinear_c1,no_vector_normalization,no_vector_normalization
10709,0,0,0,unchanged_correct,tfidf_12_sublinear_lr_liblinear_c1,no_vector_normalization,no_vector_normalization
10710,0,0,0,unchanged_correct,tfidf_12_sublinear_lr_liblinear_c1,no_vector_normalization,no_vector_normalization
10711,1,0,0,unchanged_error,tfidf_12_sublinear_lr_liblinear_c1,no_vector_normalization,no_vector_normalization
10735,1,1,1,unchanged_correct,tfidf_12_sublinear_lr_liblinear_c1,no_vector_normalization,no_vector_normalization
10737,1,1,1,unchanged_correct,tfidf_12_sublinear_lr_liblinear_c1,no_vector_normalization,no_vector_normalization
10750,1,1,1,unchanged_correct,tfidf_12_sublinear_lr_liblinear_c1,no_vector_normalization,no_vector_normalization
10751,1,1,1,unchanged_correct,tfidf_12_sublinear_lr_liblinear_c1,no_vector_normalization,no_vector_normalization
10753,1,1,1,unchanged_correct,tfidf_12_sublinear_lr_liblinear_c1,no_vector_normalization,no_vector_normalization
10765,1,1,1,unchanged_correct,tfidf_12_sublinear_lr_liblinear_c1,no_vector_normalization,no_vector_normalization
10783,1,1,1,unchanged_correct,tfidf_12_sublinear_lr_liblinear_c1,no_vector_normalization,no_vector_normalization
10789,0,0,0,unchanged_correct,tfidf_12_sublinear_lr_liblinear_c1,no_vector_normalization,no_vector_normalization
10795,1,0,0,unchanged_error,tfidf_12_sublinear_lr_liblinear_c1,no_vector_normalization,no_vector_normalization
10810,0,0,0,unchanged_correct,tfidf_12_sublinear_lr_liblinear_c1,no_vector_normalization,no_vector_normalization
10811,0,0,0,unchanged_correct,tfidf_12_sublinear_lr_liblinear_c1,no_vector_normalization,no_vector_normalization
10813,0,0,0,unchanged_correct,tfidf_12_sublinear_lr_liblinear_c1,no_vector_normalization,no_vector_normalization
10818,0,0,0,unchanged_correct,tfidf_12_sublinear_lr_liblinear_c1,no_vector_normalization,no_vector_normalization
10837,0,0,0,unchanged_correct,tfidf_12_sublinear_lr_liblinear_c1,no_vector_normalization,no_vector_normalization
10847,1,1,1,unchanged_correct,tfidf_12_sublinear_lr_liblinear_c1,no_vector_normalization,no_vector_normalization
10851,1,1,1,unchanged_correct,tfidf_12_sublinear_lr_liblinear_c1,no_vector_normalization,no_vector_normalization
10866,1,1,1,unchanged_correct,tfidf_12_sublinear_lr_liblinear_c1,no_vector_normalization,no_vector_normalization
